[0.087s] DEBUG:colcon:Command line arguments: ['/usr/bin/colcon', 'build']
[0.087s] DEBUG:colcon:Parsed command line arguments: Namespace(log_base=None, log_level=None, verb_name='build', build_base='build', install_base='install', merge_install=False, symlink_install=False, test_result_base=None, continue_on_error=False, executor='parallel', parallel_workers=16, event_handlers=None, ignore_user_meta=False, metas=['./colcon.meta'], base_paths=['.'], packages_ignore=None, packages_ignore_regex=None, paths=None, packages_up_to=None, packages_up_to_regex=None, packages_above=None, packages_above_and_dependencies=None, packages_above_depth=None, packages_select_by_dep=None, packages_skip_by_dep=None, packages_skip_up_to=None, packages_select_build_failed=False, packages_skip_build_finished=False, packages_select_test_failures=False, packages_skip_test_passed=False, packages_select=None, packages_skip=None, packages_select_regex=None, packages_skip_regex=None, packages_start=None, packages_end=None, allow_overriding=[], cmake_args=None, cmake_target=None, cmake_target_skip_unavailable=False, cmake_clean_cache=False, cmake_clean_first=False, cmake_force_configure=False, ament_cmake_args=None, catkin_cmake_args=None, catkin_skip_building_tests=False, verb_parser=<colcon_defaults.argument_parser.defaults.DefaultArgumentsDecorator object at 0x740805721fc0>, verb_extension=<colcon_core.verb.build.BuildVerb object at 0x74080588b520>, main=<bound method BuildVerb.main of <colcon_core.verb.build.BuildVerb object at 0x74080588b520>>)
[0.231s] Level 1:colcon.colcon_core.package_discovery:discover_packages(colcon_meta) check parameters
[0.231s] Level 1:colcon.colcon_core.package_discovery:discover_packages(recursive) check parameters
[0.231s] Level 1:colcon.colcon_core.package_discovery:discover_packages(ignore) check parameters
[0.231s] Level 1:colcon.colcon_core.package_discovery:discover_packages(path) check parameters
[0.231s] Level 1:colcon.colcon_core.package_discovery:discover_packages(colcon_meta) discover
[0.231s] Level 1:colcon.colcon_core.package_discovery:discover_packages(recursive) discover
[0.231s] INFO:colcon.colcon_core.package_discovery:Crawling recursively for packages in '/home/robotdeveloper02/IsaacSim-ros_workspaces-main/humble_ws'
[0.231s] Level 1:colcon.colcon_core.package_identification:_identify(.) by extensions ['ignore', 'ignore_ament_install']
[0.231s] Level 1:colcon.colcon_core.package_identification:_identify(.) by extension 'ignore'
[0.231s] Level 1:colcon.colcon_core.package_identification:_identify(.) by extension 'ignore_ament_install'
[0.231s] Level 1:colcon.colcon_core.package_identification:_identify(.) by extensions ['colcon_pkg']
[0.231s] Level 1:colcon.colcon_core.package_identification:_identify(.) by extension 'colcon_pkg'
[0.231s] Level 1:colcon.colcon_core.package_identification:_identify(.) by extensions ['colcon_meta']
[0.231s] Level 1:colcon.colcon_core.package_identification:_identify(.) by extension 'colcon_meta'
[0.231s] Level 1:colcon.colcon_core.package_identification:_identify(.) by extensions ['ros']
[0.231s] Level 1:colcon.colcon_core.package_identification:_identify(.) by extension 'ros'
[0.240s] Level 1:colcon.colcon_core.package_identification:_identify(.) by extensions ['cmake', 'python']
[0.240s] Level 1:colcon.colcon_core.package_identification:_identify(.) by extension 'cmake'
[0.240s] Level 1:colcon.colcon_core.package_identification:_identify(.) by extension 'python'
[0.240s] Level 1:colcon.colcon_core.package_identification:_identify(.) by extensions ['python_setup_py']
[0.240s] Level 1:colcon.colcon_core.package_identification:_identify(.) by extension 'python_setup_py'
[0.241s] Level 1:colcon.colcon_core.package_identification:_identify(Kit) by extensions ['ignore', 'ignore_ament_install']
[0.241s] Level 1:colcon.colcon_core.package_identification:_identify(Kit) by extension 'ignore'
[0.241s] Level 1:colcon.colcon_core.package_identification:_identify(Kit) by extension 'ignore_ament_install'
[0.241s] Level 1:colcon.colcon_core.package_identification:_identify(Kit) by extensions ['colcon_pkg']
[0.241s] Level 1:colcon.colcon_core.package_identification:_identify(Kit) by extension 'colcon_pkg'
[0.241s] Level 1:colcon.colcon_core.package_identification:_identify(Kit) by extensions ['colcon_meta']
[0.241s] Level 1:colcon.colcon_core.package_identification:_identify(Kit) by extension 'colcon_meta'
[0.241s] Level 1:colcon.colcon_core.package_identification:_identify(Kit) by extensions ['ros']
[0.241s] Level 1:colcon.colcon_core.package_identification:_identify(Kit) by extension 'ros'
[0.241s] Level 1:colcon.colcon_core.package_identification:_identify(Kit) by extensions ['cmake', 'python']
[0.241s] Level 1:colcon.colcon_core.package_identification:_identify(Kit) by extension 'cmake'
[0.241s] Level 1:colcon.colcon_core.package_identification:_identify(Kit) by extension 'python'
[0.241s] Level 1:colcon.colcon_core.package_identification:_identify(Kit) by extensions ['python_setup_py']
[0.241s] Level 1:colcon.colcon_core.package_identification:_identify(Kit) by extension 'python_setup_py'
[0.241s] Level 1:colcon.colcon_core.package_identification:_identify(Kit/Isaac-Sim) by extensions ['ignore', 'ignore_ament_install']
[0.241s] Level 1:colcon.colcon_core.package_identification:_identify(Kit/Isaac-Sim) by extension 'ignore'
[0.241s] Level 1:colcon.colcon_core.package_identification:_identify(Kit/Isaac-Sim) by extension 'ignore_ament_install'
[0.241s] Level 1:colcon.colcon_core.package_identification:_identify(Kit/Isaac-Sim) by extensions ['colcon_pkg']
[0.241s] Level 1:colcon.colcon_core.package_identification:_identify(Kit/Isaac-Sim) by extension 'colcon_pkg'
[0.241s] Level 1:colcon.colcon_core.package_identification:_identify(Kit/Isaac-Sim) by extensions ['colcon_meta']
[0.241s] Level 1:colcon.colcon_core.package_identification:_identify(Kit/Isaac-Sim) by extension 'colcon_meta'
[0.241s] Level 1:colcon.colcon_core.package_identification:_identify(Kit/Isaac-Sim) by extensions ['ros']
[0.241s] Level 1:colcon.colcon_core.package_identification:_identify(Kit/Isaac-Sim) by extension 'ros'
[0.242s] Level 1:colcon.colcon_core.package_identification:_identify(Kit/Isaac-Sim) by extensions ['cmake', 'python']
[0.242s] Level 1:colcon.colcon_core.package_identification:_identify(Kit/Isaac-Sim) by extension 'cmake'
[0.242s] Level 1:colcon.colcon_core.package_identification:_identify(Kit/Isaac-Sim) by extension 'python'
[0.242s] Level 1:colcon.colcon_core.package_identification:_identify(Kit/Isaac-Sim) by extensions ['python_setup_py']
[0.242s] Level 1:colcon.colcon_core.package_identification:_identify(Kit/Isaac-Sim) by extension 'python_setup_py'
[0.242s] Level 1:colcon.colcon_core.package_identification:_identify(Kit/Isaac-Sim/4.1) by extensions ['ignore', 'ignore_ament_install']
[0.242s] Level 1:colcon.colcon_core.package_identification:_identify(Kit/Isaac-Sim/4.1) by extension 'ignore'
[0.242s] Level 1:colcon.colcon_core.package_identification:_identify(Kit/Isaac-Sim/4.1) by extension 'ignore_ament_install'
[0.242s] Level 1:colcon.colcon_core.package_identification:_identify(Kit/Isaac-Sim/4.1) by extensions ['colcon_pkg']
[0.242s] Level 1:colcon.colcon_core.package_identification:_identify(Kit/Isaac-Sim/4.1) by extension 'colcon_pkg'
[0.242s] Level 1:colcon.colcon_core.package_identification:_identify(Kit/Isaac-Sim/4.1) by extensions ['colcon_meta']
[0.242s] Level 1:colcon.colcon_core.package_identification:_identify(Kit/Isaac-Sim/4.1) by extension 'colcon_meta'
[0.242s] Level 1:colcon.colcon_core.package_identification:_identify(Kit/Isaac-Sim/4.1) by extensions ['ros']
[0.242s] Level 1:colcon.colcon_core.package_identification:_identify(Kit/Isaac-Sim/4.1) by extension 'ros'
[0.242s] Level 1:colcon.colcon_core.package_identification:_identify(Kit/Isaac-Sim/4.1) by extensions ['cmake', 'python']
[0.242s] Level 1:colcon.colcon_core.package_identification:_identify(Kit/Isaac-Sim/4.1) by extension 'cmake'
[0.242s] Level 1:colcon.colcon_core.package_identification:_identify(Kit/Isaac-Sim/4.1) by extension 'python'
[0.242s] Level 1:colcon.colcon_core.package_identification:_identify(Kit/Isaac-Sim/4.1) by extensions ['python_setup_py']
[0.242s] Level 1:colcon.colcon_core.package_identification:_identify(Kit/Isaac-Sim/4.1) by extension 'python_setup_py'
[0.242s] Level 1:colcon.colcon_core.package_identification:_identify(Kit/Isaac-Sim/4.1/exts) by extensions ['ignore', 'ignore_ament_install']
[0.242s] Level 1:colcon.colcon_core.package_identification:_identify(Kit/Isaac-Sim/4.1/exts) by extension 'ignore'
[0.242s] Level 1:colcon.colcon_core.package_identification:_identify(Kit/Isaac-Sim/4.1/exts) by extension 'ignore_ament_install'
[0.242s] Level 1:colcon.colcon_core.package_identification:_identify(Kit/Isaac-Sim/4.1/exts) by extensions ['colcon_pkg']
[0.242s] Level 1:colcon.colcon_core.package_identification:_identify(Kit/Isaac-Sim/4.1/exts) by extension 'colcon_pkg'
[0.243s] Level 1:colcon.colcon_core.package_identification:_identify(Kit/Isaac-Sim/4.1/exts) by extensions ['colcon_meta']
[0.243s] Level 1:colcon.colcon_core.package_identification:_identify(Kit/Isaac-Sim/4.1/exts) by extension 'colcon_meta'
[0.243s] Level 1:colcon.colcon_core.package_identification:_identify(Kit/Isaac-Sim/4.1/exts) by extensions ['ros']
[0.243s] Level 1:colcon.colcon_core.package_identification:_identify(Kit/Isaac-Sim/4.1/exts) by extension 'ros'
[0.243s] Level 1:colcon.colcon_core.package_identification:_identify(Kit/Isaac-Sim/4.1/exts) by extensions ['cmake', 'python']
[0.243s] Level 1:colcon.colcon_core.package_identification:_identify(Kit/Isaac-Sim/4.1/exts) by extension 'cmake'
[0.243s] Level 1:colcon.colcon_core.package_identification:_identify(Kit/Isaac-Sim/4.1/exts) by extension 'python'
[0.243s] Level 1:colcon.colcon_core.package_identification:_identify(Kit/Isaac-Sim/4.1/exts) by extensions ['python_setup_py']
[0.243s] Level 1:colcon.colcon_core.package_identification:_identify(Kit/Isaac-Sim/4.1/exts) by extension 'python_setup_py'
[0.243s] Level 1:colcon.colcon_core.package_identification:_identify(Kit/Isaac-Sim/4.1/exts/3) by extensions ['ignore', 'ignore_ament_install']
[0.243s] Level 1:colcon.colcon_core.package_identification:_identify(Kit/Isaac-Sim/4.1/exts/3) by extension 'ignore'
[0.243s] Level 1:colcon.colcon_core.package_identification:_identify(Kit/Isaac-Sim/4.1/exts/3) by extension 'ignore_ament_install'
[0.243s] Level 1:colcon.colcon_core.package_identification:_identify(Kit/Isaac-Sim/4.1/exts/3) by extensions ['colcon_pkg']
[0.243s] Level 1:colcon.colcon_core.package_identification:_identify(Kit/Isaac-Sim/4.1/exts/3) by extension 'colcon_pkg'
[0.243s] Level 1:colcon.colcon_core.package_identification:_identify(Kit/Isaac-Sim/4.1/exts/3) by extensions ['colcon_meta']
[0.243s] Level 1:colcon.colcon_core.package_identification:_identify(Kit/Isaac-Sim/4.1/exts/3) by extension 'colcon_meta'
[0.243s] Level 1:colcon.colcon_core.package_identification:_identify(Kit/Isaac-Sim/4.1/exts/3) by extensions ['ros']
[0.243s] Level 1:colcon.colcon_core.package_identification:_identify(Kit/Isaac-Sim/4.1/exts/3) by extension 'ros'
[0.243s] Level 1:colcon.colcon_core.package_identification:_identify(Kit/Isaac-Sim/4.1/exts/3) by extensions ['cmake', 'python']
[0.243s] Level 1:colcon.colcon_core.package_identification:_identify(Kit/Isaac-Sim/4.1/exts/3) by extension 'cmake'
[0.243s] Level 1:colcon.colcon_core.package_identification:_identify(Kit/Isaac-Sim/4.1/exts/3) by extension 'python'
[0.243s] Level 1:colcon.colcon_core.package_identification:_identify(Kit/Isaac-Sim/4.1/exts/3) by extensions ['python_setup_py']
[0.243s] Level 1:colcon.colcon_core.package_identification:_identify(Kit/Isaac-Sim/4.1/exts/3) by extension 'python_setup_py'
[0.243s] Level 1:colcon.colcon_core.package_identification:_identify(Kit/Isaac-Sim/4.1/pip3-envs) by extensions ['ignore', 'ignore_ament_install']
[0.243s] Level 1:colcon.colcon_core.package_identification:_identify(Kit/Isaac-Sim/4.1/pip3-envs) by extension 'ignore'
[0.243s] Level 1:colcon.colcon_core.package_identification:_identify(Kit/Isaac-Sim/4.1/pip3-envs) by extension 'ignore_ament_install'
[0.244s] Level 1:colcon.colcon_core.package_identification:_identify(Kit/Isaac-Sim/4.1/pip3-envs) by extensions ['colcon_pkg']
[0.244s] Level 1:colcon.colcon_core.package_identification:_identify(Kit/Isaac-Sim/4.1/pip3-envs) by extension 'colcon_pkg'
[0.244s] Level 1:colcon.colcon_core.package_identification:_identify(Kit/Isaac-Sim/4.1/pip3-envs) by extensions ['colcon_meta']
[0.244s] Level 1:colcon.colcon_core.package_identification:_identify(Kit/Isaac-Sim/4.1/pip3-envs) by extension 'colcon_meta'
[0.244s] Level 1:colcon.colcon_core.package_identification:_identify(Kit/Isaac-Sim/4.1/pip3-envs) by extensions ['ros']
[0.244s] Level 1:colcon.colcon_core.package_identification:_identify(Kit/Isaac-Sim/4.1/pip3-envs) by extension 'ros'
[0.244s] Level 1:colcon.colcon_core.package_identification:_identify(Kit/Isaac-Sim/4.1/pip3-envs) by extensions ['cmake', 'python']
[0.244s] Level 1:colcon.colcon_core.package_identification:_identify(Kit/Isaac-Sim/4.1/pip3-envs) by extension 'cmake'
[0.244s] Level 1:colcon.colcon_core.package_identification:_identify(Kit/Isaac-Sim/4.1/pip3-envs) by extension 'python'
[0.244s] Level 1:colcon.colcon_core.package_identification:_identify(Kit/Isaac-Sim/4.1/pip3-envs) by extensions ['python_setup_py']
[0.244s] Level 1:colcon.colcon_core.package_identification:_identify(Kit/Isaac-Sim/4.1/pip3-envs) by extension 'python_setup_py'
[0.244s] Level 1:colcon.colcon_core.package_identification:_identify(Kit/Isaac-Sim/4.1/pip3-envs/default) by extensions ['ignore', 'ignore_ament_install']
[0.244s] Level 1:colcon.colcon_core.package_identification:_identify(Kit/Isaac-Sim/4.1/pip3-envs/default) by extension 'ignore'
[0.244s] Level 1:colcon.colcon_core.package_identification:_identify(Kit/Isaac-Sim/4.1/pip3-envs/default) by extension 'ignore_ament_install'
[0.244s] Level 1:colcon.colcon_core.package_identification:_identify(Kit/Isaac-Sim/4.1/pip3-envs/default) by extensions ['colcon_pkg']
[0.244s] Level 1:colcon.colcon_core.package_identification:_identify(Kit/Isaac-Sim/4.1/pip3-envs/default) by extension 'colcon_pkg'
[0.244s] Level 1:colcon.colcon_core.package_identification:_identify(Kit/Isaac-Sim/4.1/pip3-envs/default) by extensions ['colcon_meta']
[0.244s] Level 1:colcon.colcon_core.package_identification:_identify(Kit/Isaac-Sim/4.1/pip3-envs/default) by extension 'colcon_meta'
[0.244s] Level 1:colcon.colcon_core.package_identification:_identify(Kit/Isaac-Sim/4.1/pip3-envs/default) by extensions ['ros']
[0.244s] Level 1:colcon.colcon_core.package_identification:_identify(Kit/Isaac-Sim/4.1/pip3-envs/default) by extension 'ros'
[0.244s] Level 1:colcon.colcon_core.package_identification:_identify(Kit/Isaac-Sim/4.1/pip3-envs/default) by extensions ['cmake', 'python']
[0.244s] Level 1:colcon.colcon_core.package_identification:_identify(Kit/Isaac-Sim/4.1/pip3-envs/default) by extension 'cmake'
[0.244s] Level 1:colcon.colcon_core.package_identification:_identify(Kit/Isaac-Sim/4.1/pip3-envs/default) by extension 'python'
[0.244s] Level 1:colcon.colcon_core.package_identification:_identify(Kit/Isaac-Sim/4.1/pip3-envs/default) by extensions ['python_setup_py']
[0.244s] Level 1:colcon.colcon_core.package_identification:_identify(Kit/Isaac-Sim/4.1/pip3-envs/default) by extension 'python_setup_py'
[0.244s] Level 1:colcon.colcon_core.package_identification:_identify(Kit/Isaac-Sim_App_Selector) by extensions ['ignore', 'ignore_ament_install']
[0.245s] Level 1:colcon.colcon_core.package_identification:_identify(Kit/Isaac-Sim_App_Selector) by extension 'ignore'
[0.245s] Level 1:colcon.colcon_core.package_identification:_identify(Kit/Isaac-Sim_App_Selector) by extension 'ignore_ament_install'
[0.245s] Level 1:colcon.colcon_core.package_identification:_identify(Kit/Isaac-Sim_App_Selector) by extensions ['colcon_pkg']
[0.245s] Level 1:colcon.colcon_core.package_identification:_identify(Kit/Isaac-Sim_App_Selector) by extension 'colcon_pkg'
[0.245s] Level 1:colcon.colcon_core.package_identification:_identify(Kit/Isaac-Sim_App_Selector) by extensions ['colcon_meta']
[0.245s] Level 1:colcon.colcon_core.package_identification:_identify(Kit/Isaac-Sim_App_Selector) by extension 'colcon_meta'
[0.245s] Level 1:colcon.colcon_core.package_identification:_identify(Kit/Isaac-Sim_App_Selector) by extensions ['ros']
[0.245s] Level 1:colcon.colcon_core.package_identification:_identify(Kit/Isaac-Sim_App_Selector) by extension 'ros'
[0.245s] Level 1:colcon.colcon_core.package_identification:_identify(Kit/Isaac-Sim_App_Selector) by extensions ['cmake', 'python']
[0.245s] Level 1:colcon.colcon_core.package_identification:_identify(Kit/Isaac-Sim_App_Selector) by extension 'cmake'
[0.245s] Level 1:colcon.colcon_core.package_identification:_identify(Kit/Isaac-Sim_App_Selector) by extension 'python'
[0.245s] Level 1:colcon.colcon_core.package_identification:_identify(Kit/Isaac-Sim_App_Selector) by extensions ['python_setup_py']
[0.245s] Level 1:colcon.colcon_core.package_identification:_identify(Kit/Isaac-Sim_App_Selector) by extension 'python_setup_py'
[0.245s] Level 1:colcon.colcon_core.package_identification:_identify(Kit/Isaac-Sim_App_Selector/4.1) by extensions ['ignore', 'ignore_ament_install']
[0.245s] Level 1:colcon.colcon_core.package_identification:_identify(Kit/Isaac-Sim_App_Selector/4.1) by extension 'ignore'
[0.245s] Level 1:colcon.colcon_core.package_identification:_identify(Kit/Isaac-Sim_App_Selector/4.1) by extension 'ignore_ament_install'
[0.245s] Level 1:colcon.colcon_core.package_identification:_identify(Kit/Isaac-Sim_App_Selector/4.1) by extensions ['colcon_pkg']
[0.245s] Level 1:colcon.colcon_core.package_identification:_identify(Kit/Isaac-Sim_App_Selector/4.1) by extension 'colcon_pkg'
[0.245s] Level 1:colcon.colcon_core.package_identification:_identify(Kit/Isaac-Sim_App_Selector/4.1) by extensions ['colcon_meta']
[0.245s] Level 1:colcon.colcon_core.package_identification:_identify(Kit/Isaac-Sim_App_Selector/4.1) by extension 'colcon_meta'
[0.245s] Level 1:colcon.colcon_core.package_identification:_identify(Kit/Isaac-Sim_App_Selector/4.1) by extensions ['ros']
[0.245s] Level 1:colcon.colcon_core.package_identification:_identify(Kit/Isaac-Sim_App_Selector/4.1) by extension 'ros'
[0.245s] Level 1:colcon.colcon_core.package_identification:_identify(Kit/Isaac-Sim_App_Selector/4.1) by extensions ['cmake', 'python']
[0.245s] Level 1:colcon.colcon_core.package_identification:_identify(Kit/Isaac-Sim_App_Selector/4.1) by extension 'cmake'
[0.245s] Level 1:colcon.colcon_core.package_identification:_identify(Kit/Isaac-Sim_App_Selector/4.1) by extension 'python'
[0.245s] Level 1:colcon.colcon_core.package_identification:_identify(Kit/Isaac-Sim_App_Selector/4.1) by extensions ['python_setup_py']
[0.245s] Level 1:colcon.colcon_core.package_identification:_identify(Kit/Isaac-Sim_App_Selector/4.1) by extension 'python_setup_py'
[0.246s] Level 1:colcon.colcon_core.package_identification:_identify(Kit/Isaac-Sim_App_Selector/4.1/exts) by extensions ['ignore', 'ignore_ament_install']
[0.246s] Level 1:colcon.colcon_core.package_identification:_identify(Kit/Isaac-Sim_App_Selector/4.1/exts) by extension 'ignore'
[0.246s] Level 1:colcon.colcon_core.package_identification:_identify(Kit/Isaac-Sim_App_Selector/4.1/exts) by extension 'ignore_ament_install'
[0.246s] Level 1:colcon.colcon_core.package_identification:_identify(Kit/Isaac-Sim_App_Selector/4.1/exts) by extensions ['colcon_pkg']
[0.246s] Level 1:colcon.colcon_core.package_identification:_identify(Kit/Isaac-Sim_App_Selector/4.1/exts) by extension 'colcon_pkg'
[0.246s] Level 1:colcon.colcon_core.package_identification:_identify(Kit/Isaac-Sim_App_Selector/4.1/exts) by extensions ['colcon_meta']
[0.246s] Level 1:colcon.colcon_core.package_identification:_identify(Kit/Isaac-Sim_App_Selector/4.1/exts) by extension 'colcon_meta'
[0.246s] Level 1:colcon.colcon_core.package_identification:_identify(Kit/Isaac-Sim_App_Selector/4.1/exts) by extensions ['ros']
[0.246s] Level 1:colcon.colcon_core.package_identification:_identify(Kit/Isaac-Sim_App_Selector/4.1/exts) by extension 'ros'
[0.246s] Level 1:colcon.colcon_core.package_identification:_identify(Kit/Isaac-Sim_App_Selector/4.1/exts) by extensions ['cmake', 'python']
[0.246s] Level 1:colcon.colcon_core.package_identification:_identify(Kit/Isaac-Sim_App_Selector/4.1/exts) by extension 'cmake'
[0.246s] Level 1:colcon.colcon_core.package_identification:_identify(Kit/Isaac-Sim_App_Selector/4.1/exts) by extension 'python'
[0.246s] Level 1:colcon.colcon_core.package_identification:_identify(Kit/Isaac-Sim_App_Selector/4.1/exts) by extensions ['python_setup_py']
[0.246s] Level 1:colcon.colcon_core.package_identification:_identify(Kit/Isaac-Sim_App_Selector/4.1/exts) by extension 'python_setup_py'
[0.246s] Level 1:colcon.colcon_core.package_identification:_identify(Kit/Isaac-Sim_App_Selector/4.1/exts/3) by extensions ['ignore', 'ignore_ament_install']
[0.246s] Level 1:colcon.colcon_core.package_identification:_identify(Kit/Isaac-Sim_App_Selector/4.1/exts/3) by extension 'ignore'
[0.246s] Level 1:colcon.colcon_core.package_identification:_identify(Kit/Isaac-Sim_App_Selector/4.1/exts/3) by extension 'ignore_ament_install'
[0.246s] Level 1:colcon.colcon_core.package_identification:_identify(Kit/Isaac-Sim_App_Selector/4.1/exts/3) by extensions ['colcon_pkg']
[0.246s] Level 1:colcon.colcon_core.package_identification:_identify(Kit/Isaac-Sim_App_Selector/4.1/exts/3) by extension 'colcon_pkg'
[0.246s] Level 1:colcon.colcon_core.package_identification:_identify(Kit/Isaac-Sim_App_Selector/4.1/exts/3) by extensions ['colcon_meta']
[0.246s] Level 1:colcon.colcon_core.package_identification:_identify(Kit/Isaac-Sim_App_Selector/4.1/exts/3) by extension 'colcon_meta'
[0.246s] Level 1:colcon.colcon_core.package_identification:_identify(Kit/Isaac-Sim_App_Selector/4.1/exts/3) by extensions ['ros']
[0.246s] Level 1:colcon.colcon_core.package_identification:_identify(Kit/Isaac-Sim_App_Selector/4.1/exts/3) by extension 'ros'
[0.247s] Level 1:colcon.colcon_core.package_identification:_identify(Kit/Isaac-Sim_App_Selector/4.1/exts/3) by extensions ['cmake', 'python']
[0.247s] Level 1:colcon.colcon_core.package_identification:_identify(Kit/Isaac-Sim_App_Selector/4.1/exts/3) by extension 'cmake'
[0.247s] Level 1:colcon.colcon_core.package_identification:_identify(Kit/Isaac-Sim_App_Selector/4.1/exts/3) by extension 'python'
[0.247s] Level 1:colcon.colcon_core.package_identification:_identify(Kit/Isaac-Sim_App_Selector/4.1/exts/3) by extensions ['python_setup_py']
[0.247s] Level 1:colcon.colcon_core.package_identification:_identify(Kit/Isaac-Sim_App_Selector/4.1/exts/3) by extension 'python_setup_py'
[0.247s] Level 1:colcon.colcon_core.package_identification:_identify(build) by extensions ['ignore', 'ignore_ament_install']
[0.247s] Level 1:colcon.colcon_core.package_identification:_identify(build) by extension 'ignore'
[0.247s] Level 1:colcon.colcon_core.package_identification:_identify(build) ignored
[0.247s] Level 1:colcon.colcon_core.package_identification:_identify(install) by extensions ['ignore', 'ignore_ament_install']
[0.247s] Level 1:colcon.colcon_core.package_identification:_identify(install) by extension 'ignore'
[0.247s] Level 1:colcon.colcon_core.package_identification:_identify(install) ignored
[0.247s] Level 1:colcon.colcon_core.package_identification:_identify(log) by extensions ['ignore', 'ignore_ament_install']
[0.247s] Level 1:colcon.colcon_core.package_identification:_identify(log) by extension 'ignore'
[0.247s] Level 1:colcon.colcon_core.package_identification:_identify(log) ignored
[0.247s] Level 1:colcon.colcon_core.package_identification:_identify(src) by extensions ['ignore', 'ignore_ament_install']
[0.247s] Level 1:colcon.colcon_core.package_identification:_identify(src) by extension 'ignore'
[0.247s] Level 1:colcon.colcon_core.package_identification:_identify(src) by extension 'ignore_ament_install'
[0.247s] Level 1:colcon.colcon_core.package_identification:_identify(src) by extensions ['colcon_pkg']
[0.247s] Level 1:colcon.colcon_core.package_identification:_identify(src) by extension 'colcon_pkg'
[0.247s] Level 1:colcon.colcon_core.package_identification:_identify(src) by extensions ['colcon_meta']
[0.247s] Level 1:colcon.colcon_core.package_identification:_identify(src) by extension 'colcon_meta'
[0.248s] Level 1:colcon.colcon_core.package_identification:_identify(src) by extensions ['ros']
[0.248s] Level 1:colcon.colcon_core.package_identification:_identify(src) by extension 'ros'
[0.248s] Level 1:colcon.colcon_core.package_identification:_identify(src) by extensions ['cmake', 'python']
[0.248s] Level 1:colcon.colcon_core.package_identification:_identify(src) by extension 'cmake'
[0.248s] Level 1:colcon.colcon_core.package_identification:_identify(src) by extension 'python'
[0.248s] Level 1:colcon.colcon_core.package_identification:_identify(src) by extensions ['python_setup_py']
[0.248s] Level 1:colcon.colcon_core.package_identification:_identify(src) by extension 'python_setup_py'
[0.248s] Level 1:colcon.colcon_core.package_identification:_identify(src/IMU_otamesi) by extensions ['ignore', 'ignore_ament_install']
[0.248s] Level 1:colcon.colcon_core.package_identification:_identify(src/IMU_otamesi) by extension 'ignore'
[0.248s] Level 1:colcon.colcon_core.package_identification:_identify(src/IMU_otamesi) by extension 'ignore_ament_install'
[0.248s] Level 1:colcon.colcon_core.package_identification:_identify(src/IMU_otamesi) by extensions ['colcon_pkg']
[0.248s] Level 1:colcon.colcon_core.package_identification:_identify(src/IMU_otamesi) by extension 'colcon_pkg'
[0.248s] Level 1:colcon.colcon_core.package_identification:_identify(src/IMU_otamesi) by extensions ['colcon_meta']
[0.248s] Level 1:colcon.colcon_core.package_identification:_identify(src/IMU_otamesi) by extension 'colcon_meta'
[0.248s] Level 1:colcon.colcon_core.package_identification:_identify(src/IMU_otamesi) by extensions ['ros']
[0.248s] Level 1:colcon.colcon_core.package_identification:_identify(src/IMU_otamesi) by extension 'ros'
[0.250s] DEBUG:colcon.colcon_core.package_identification:Package 'src/IMU_otamesi' with type 'ros.ament_cmake' and name 'IMU_otamesi'
[0.251s] Level 1:colcon.colcon_core.package_identification:_identify(src/Jettbot_position) by extensions ['ignore', 'ignore_ament_install']
[0.251s] Level 1:colcon.colcon_core.package_identification:_identify(src/Jettbot_position) by extension 'ignore'
[0.251s] Level 1:colcon.colcon_core.package_identification:_identify(src/Jettbot_position) by extension 'ignore_ament_install'
[0.251s] Level 1:colcon.colcon_core.package_identification:_identify(src/Jettbot_position) by extensions ['colcon_pkg']
[0.251s] Level 1:colcon.colcon_core.package_identification:_identify(src/Jettbot_position) by extension 'colcon_pkg'
[0.251s] Level 1:colcon.colcon_core.package_identification:_identify(src/Jettbot_position) by extensions ['colcon_meta']
[0.251s] Level 1:colcon.colcon_core.package_identification:_identify(src/Jettbot_position) by extension 'colcon_meta'
[0.251s] Level 1:colcon.colcon_core.package_identification:_identify(src/Jettbot_position) by extensions ['ros']
[0.251s] Level 1:colcon.colcon_core.package_identification:_identify(src/Jettbot_position) by extension 'ros'
[0.251s] DEBUG:colcon.colcon_core.package_identification:Package 'src/Jettbot_position' with type 'ros.ament_python' and name 'Jettbot_position'
[0.251s] Level 1:colcon.colcon_core.package_identification:_identify(src/build) by extensions ['ignore', 'ignore_ament_install']
[0.252s] Level 1:colcon.colcon_core.package_identification:_identify(src/build) by extension 'ignore'
[0.252s] Level 1:colcon.colcon_core.package_identification:_identify(src/build) ignored
[0.252s] Level 1:colcon.colcon_core.package_identification:_identify(src/calc_cpp) by extensions ['ignore', 'ignore_ament_install']
[0.252s] Level 1:colcon.colcon_core.package_identification:_identify(src/calc_cpp) by extension 'ignore'
[0.252s] Level 1:colcon.colcon_core.package_identification:_identify(src/calc_cpp) by extension 'ignore_ament_install'
[0.252s] Level 1:colcon.colcon_core.package_identification:_identify(src/calc_cpp) by extensions ['colcon_pkg']
[0.252s] Level 1:colcon.colcon_core.package_identification:_identify(src/calc_cpp) by extension 'colcon_pkg'
[0.252s] Level 1:colcon.colcon_core.package_identification:_identify(src/calc_cpp) by extensions ['colcon_meta']
[0.252s] Level 1:colcon.colcon_core.package_identification:_identify(src/calc_cpp) by extension 'colcon_meta'
[0.252s] Level 1:colcon.colcon_core.package_identification:_identify(src/calc_cpp) by extensions ['ros']
[0.252s] Level 1:colcon.colcon_core.package_identification:_identify(src/calc_cpp) by extension 'ros'
[0.253s] DEBUG:colcon.colcon_core.package_identification:Package 'src/calc_cpp' with type 'ros.ament_cmake' and name 'my_cpp_pose_subscriber'
[0.253s] Level 1:colcon.colcon_core.package_identification:_identify(src/calc_py) by extensions ['ignore', 'ignore_ament_install']
[0.253s] Level 1:colcon.colcon_core.package_identification:_identify(src/calc_py) by extension 'ignore'
[0.253s] Level 1:colcon.colcon_core.package_identification:_identify(src/calc_py) by extension 'ignore_ament_install'
[0.253s] Level 1:colcon.colcon_core.package_identification:_identify(src/calc_py) by extensions ['colcon_pkg']
[0.253s] Level 1:colcon.colcon_core.package_identification:_identify(src/calc_py) by extension 'colcon_pkg'
[0.253s] Level 1:colcon.colcon_core.package_identification:_identify(src/calc_py) by extensions ['colcon_meta']
[0.253s] Level 1:colcon.colcon_core.package_identification:_identify(src/calc_py) by extension 'colcon_meta'
[0.253s] Level 1:colcon.colcon_core.package_identification:_identify(src/calc_py) by extensions ['ros']
[0.253s] Level 1:colcon.colcon_core.package_identification:_identify(src/calc_py) by extension 'ros'
[0.254s] DEBUG:colcon.colcon_core.package_identification:Package 'src/calc_py' with type 'ros.ament_python' and name 'my_ros2_package'
[0.254s] Level 1:colcon.colcon_core.package_identification:_identify(src/cube_controller) by extensions ['ignore', 'ignore_ament_install']
[0.254s] Level 1:colcon.colcon_core.package_identification:_identify(src/cube_controller) by extension 'ignore'
[0.254s] Level 1:colcon.colcon_core.package_identification:_identify(src/cube_controller) by extension 'ignore_ament_install'
[0.254s] Level 1:colcon.colcon_core.package_identification:_identify(src/cube_controller) by extensions ['colcon_pkg']
[0.254s] Level 1:colcon.colcon_core.package_identification:_identify(src/cube_controller) by extension 'colcon_pkg'
[0.254s] Level 1:colcon.colcon_core.package_identification:_identify(src/cube_controller) by extensions ['colcon_meta']
[0.254s] Level 1:colcon.colcon_core.package_identification:_identify(src/cube_controller) by extension 'colcon_meta'
[0.254s] Level 1:colcon.colcon_core.package_identification:_identify(src/cube_controller) by extensions ['ros']
[0.254s] Level 1:colcon.colcon_core.package_identification:_identify(src/cube_controller) by extension 'ros'
[0.254s] DEBUG:colcon.colcon_core.package_identification:Package 'src/cube_controller' with type 'ros.ament_python' and name 'cube_controller'
[0.255s] Level 1:colcon.colcon_core.package_identification:_identify(src/custom_message) by extensions ['ignore', 'ignore_ament_install']
[0.255s] Level 1:colcon.colcon_core.package_identification:_identify(src/custom_message) by extension 'ignore'
[0.255s] Level 1:colcon.colcon_core.package_identification:_identify(src/custom_message) by extension 'ignore_ament_install'
[0.255s] Level 1:colcon.colcon_core.package_identification:_identify(src/custom_message) by extensions ['colcon_pkg']
[0.255s] Level 1:colcon.colcon_core.package_identification:_identify(src/custom_message) by extension 'colcon_pkg'
[0.255s] Level 1:colcon.colcon_core.package_identification:_identify(src/custom_message) by extensions ['colcon_meta']
[0.255s] Level 1:colcon.colcon_core.package_identification:_identify(src/custom_message) by extension 'colcon_meta'
[0.255s] Level 1:colcon.colcon_core.package_identification:_identify(src/custom_message) by extensions ['ros']
[0.255s] Level 1:colcon.colcon_core.package_identification:_identify(src/custom_message) by extension 'ros'
[0.256s] DEBUG:colcon.colcon_core.package_identification:Package 'src/custom_message' with type 'ros.ament_cmake' and name 'custom_message'
[0.256s] Level 1:colcon.colcon_core.package_identification:_identify(src/install) by extensions ['ignore', 'ignore_ament_install']
[0.256s] Level 1:colcon.colcon_core.package_identification:_identify(src/install) by extension 'ignore'
[0.256s] Level 1:colcon.colcon_core.package_identification:_identify(src/install) ignored
[0.256s] Level 1:colcon.colcon_core.package_identification:_identify(src/isaac_ros2_messages) by extensions ['ignore', 'ignore_ament_install']
[0.256s] Level 1:colcon.colcon_core.package_identification:_identify(src/isaac_ros2_messages) by extension 'ignore'
[0.256s] Level 1:colcon.colcon_core.package_identification:_identify(src/isaac_ros2_messages) by extension 'ignore_ament_install'
[0.256s] Level 1:colcon.colcon_core.package_identification:_identify(src/isaac_ros2_messages) by extensions ['colcon_pkg']
[0.256s] Level 1:colcon.colcon_core.package_identification:_identify(src/isaac_ros2_messages) by extension 'colcon_pkg'
[0.256s] Level 1:colcon.colcon_core.package_identification:_identify(src/isaac_ros2_messages) by extensions ['colcon_meta']
[0.256s] Level 1:colcon.colcon_core.package_identification:_identify(src/isaac_ros2_messages) by extension 'colcon_meta'
[0.256s] Level 1:colcon.colcon_core.package_identification:_identify(src/isaac_ros2_messages) by extensions ['ros']
[0.256s] Level 1:colcon.colcon_core.package_identification:_identify(src/isaac_ros2_messages) by extension 'ros'
[0.257s] DEBUG:colcon.colcon_core.package_identification:Package 'src/isaac_ros2_messages' with type 'ros.ament_cmake' and name 'isaac_ros2_messages'
[0.257s] Level 1:colcon.colcon_core.package_identification:_identify(src/isaac_tutorials) by extensions ['ignore', 'ignore_ament_install']
[0.257s] Level 1:colcon.colcon_core.package_identification:_identify(src/isaac_tutorials) by extension 'ignore'
[0.257s] Level 1:colcon.colcon_core.package_identification:_identify(src/isaac_tutorials) by extension 'ignore_ament_install'
[0.257s] Level 1:colcon.colcon_core.package_identification:_identify(src/isaac_tutorials) by extensions ['colcon_pkg']
[0.257s] Level 1:colcon.colcon_core.package_identification:_identify(src/isaac_tutorials) by extension 'colcon_pkg'
[0.257s] Level 1:colcon.colcon_core.package_identification:_identify(src/isaac_tutorials) by extensions ['colcon_meta']
[0.257s] Level 1:colcon.colcon_core.package_identification:_identify(src/isaac_tutorials) by extension 'colcon_meta'
[0.257s] Level 1:colcon.colcon_core.package_identification:_identify(src/isaac_tutorials) by extensions ['ros']
[0.257s] Level 1:colcon.colcon_core.package_identification:_identify(src/isaac_tutorials) by extension 'ros'
[0.257s] DEBUG:colcon.colcon_core.package_identification:Package 'src/isaac_tutorials' with type 'ros.ament_cmake' and name 'isaac_tutorials'
[0.258s] Level 1:colcon.colcon_core.package_identification:_identify(src/isaacsim) by extensions ['ignore', 'ignore_ament_install']
[0.258s] Level 1:colcon.colcon_core.package_identification:_identify(src/isaacsim) by extension 'ignore'
[0.258s] Level 1:colcon.colcon_core.package_identification:_identify(src/isaacsim) by extension 'ignore_ament_install'
[0.258s] Level 1:colcon.colcon_core.package_identification:_identify(src/isaacsim) by extensions ['colcon_pkg']
[0.258s] Level 1:colcon.colcon_core.package_identification:_identify(src/isaacsim) by extension 'colcon_pkg'
[0.258s] Level 1:colcon.colcon_core.package_identification:_identify(src/isaacsim) by extensions ['colcon_meta']
[0.258s] Level 1:colcon.colcon_core.package_identification:_identify(src/isaacsim) by extension 'colcon_meta'
[0.258s] Level 1:colcon.colcon_core.package_identification:_identify(src/isaacsim) by extensions ['ros']
[0.258s] Level 1:colcon.colcon_core.package_identification:_identify(src/isaacsim) by extension 'ros'
[0.258s] DEBUG:colcon.colcon_core.package_identification:Package 'src/isaacsim' with type 'ros.ament_cmake' and name 'isaacsim'
[0.258s] Level 1:colcon.colcon_core.package_identification:_identify(src/jetbot_controller) by extensions ['ignore', 'ignore_ament_install']
[0.258s] Level 1:colcon.colcon_core.package_identification:_identify(src/jetbot_controller) by extension 'ignore'
[0.258s] Level 1:colcon.colcon_core.package_identification:_identify(src/jetbot_controller) by extension 'ignore_ament_install'
[0.259s] Level 1:colcon.colcon_core.package_identification:_identify(src/jetbot_controller) by extensions ['colcon_pkg']
[0.259s] Level 1:colcon.colcon_core.package_identification:_identify(src/jetbot_controller) by extension 'colcon_pkg'
[0.259s] Level 1:colcon.colcon_core.package_identification:_identify(src/jetbot_controller) by extensions ['colcon_meta']
[0.259s] Level 1:colcon.colcon_core.package_identification:_identify(src/jetbot_controller) by extension 'colcon_meta'
[0.259s] Level 1:colcon.colcon_core.package_identification:_identify(src/jetbot_controller) by extensions ['ros']
[0.259s] Level 1:colcon.colcon_core.package_identification:_identify(src/jetbot_controller) by extension 'ros'
[0.259s] DEBUG:colcon.colcon_core.package_identification:Package 'src/jetbot_controller' with type 'ros.ament_python' and name 'jetbot_controller'
[0.259s] Level 1:colcon.colcon_core.package_identification:_identify(src/log) by extensions ['ignore', 'ignore_ament_install']
[0.259s] Level 1:colcon.colcon_core.package_identification:_identify(src/log) by extension 'ignore'
[0.259s] Level 1:colcon.colcon_core.package_identification:_identify(src/log) ignored
[0.259s] Level 1:colcon.colcon_core.package_identification:_identify(src/navigation) by extensions ['ignore', 'ignore_ament_install']
[0.259s] Level 1:colcon.colcon_core.package_identification:_identify(src/navigation) by extension 'ignore'
[0.259s] Level 1:colcon.colcon_core.package_identification:_identify(src/navigation) by extension 'ignore_ament_install'
[0.260s] Level 1:colcon.colcon_core.package_identification:_identify(src/navigation) by extensions ['colcon_pkg']
[0.260s] Level 1:colcon.colcon_core.package_identification:_identify(src/navigation) by extension 'colcon_pkg'
[0.260s] Level 1:colcon.colcon_core.package_identification:_identify(src/navigation) by extensions ['colcon_meta']
[0.260s] Level 1:colcon.colcon_core.package_identification:_identify(src/navigation) by extension 'colcon_meta'
[0.260s] Level 1:colcon.colcon_core.package_identification:_identify(src/navigation) by extensions ['ros']
[0.260s] Level 1:colcon.colcon_core.package_identification:_identify(src/navigation) by extension 'ros'
[0.260s] Level 1:colcon.colcon_core.package_identification:_identify(src/navigation) by extensions ['cmake', 'python']
[0.260s] Level 1:colcon.colcon_core.package_identification:_identify(src/navigation) by extension 'cmake'
[0.260s] Level 1:colcon.colcon_core.package_identification:_identify(src/navigation) by extension 'python'
[0.260s] Level 1:colcon.colcon_core.package_identification:_identify(src/navigation) by extensions ['python_setup_py']
[0.260s] Level 1:colcon.colcon_core.package_identification:_identify(src/navigation) by extension 'python_setup_py'
[0.260s] Level 1:colcon.colcon_core.package_identification:_identify(src/navigation/carter_navigation) by extensions ['ignore', 'ignore_ament_install']
[0.260s] Level 1:colcon.colcon_core.package_identification:_identify(src/navigation/carter_navigation) by extension 'ignore'
[0.260s] Level 1:colcon.colcon_core.package_identification:_identify(src/navigation/carter_navigation) by extension 'ignore_ament_install'
[0.260s] Level 1:colcon.colcon_core.package_identification:_identify(src/navigation/carter_navigation) by extensions ['colcon_pkg']
[0.260s] Level 1:colcon.colcon_core.package_identification:_identify(src/navigation/carter_navigation) by extension 'colcon_pkg'
[0.260s] Level 1:colcon.colcon_core.package_identification:_identify(src/navigation/carter_navigation) by extensions ['colcon_meta']
[0.260s] Level 1:colcon.colcon_core.package_identification:_identify(src/navigation/carter_navigation) by extension 'colcon_meta'
[0.260s] Level 1:colcon.colcon_core.package_identification:_identify(src/navigation/carter_navigation) by extensions ['ros']
[0.260s] Level 1:colcon.colcon_core.package_identification:_identify(src/navigation/carter_navigation) by extension 'ros'
[0.261s] DEBUG:colcon.colcon_core.package_identification:Package 'src/navigation/carter_navigation' with type 'ros.ament_cmake' and name 'carter_navigation'
[0.261s] Level 1:colcon.colcon_core.package_identification:_identify(src/navigation/isaac_ros_navigation_goal) by extensions ['ignore', 'ignore_ament_install']
[0.261s] Level 1:colcon.colcon_core.package_identification:_identify(src/navigation/isaac_ros_navigation_goal) by extension 'ignore'
[0.261s] Level 1:colcon.colcon_core.package_identification:_identify(src/navigation/isaac_ros_navigation_goal) by extension 'ignore_ament_install'
[0.261s] Level 1:colcon.colcon_core.package_identification:_identify(src/navigation/isaac_ros_navigation_goal) by extensions ['colcon_pkg']
[0.261s] Level 1:colcon.colcon_core.package_identification:_identify(src/navigation/isaac_ros_navigation_goal) by extension 'colcon_pkg'
[0.261s] Level 1:colcon.colcon_core.package_identification:_identify(src/navigation/isaac_ros_navigation_goal) by extensions ['colcon_meta']
[0.261s] Level 1:colcon.colcon_core.package_identification:_identify(src/navigation/isaac_ros_navigation_goal) by extension 'colcon_meta'
[0.261s] Level 1:colcon.colcon_core.package_identification:_identify(src/navigation/isaac_ros_navigation_goal) by extensions ['ros']
[0.261s] Level 1:colcon.colcon_core.package_identification:_identify(src/navigation/isaac_ros_navigation_goal) by extension 'ros'
[0.262s] DEBUG:colcon.colcon_core.package_identification:Package 'src/navigation/isaac_ros_navigation_goal' with type 'ros.ament_python' and name 'isaac_ros_navigation_goal'
[0.262s] Level 1:colcon.colcon_core.package_discovery:discover_packages(recursive) using defaults
[0.262s] Level 1:colcon.colcon_core.package_discovery:discover_packages(ignore) discover
[0.262s] Level 1:colcon.colcon_core.package_discovery:discover_packages(ignore) using defaults
[0.262s] Level 1:colcon.colcon_core.package_discovery:discover_packages(path) discover
[0.262s] Level 1:colcon.colcon_core.package_discovery:discover_packages(path) using defaults
[0.288s] Level 1:colcon.colcon_core.package_discovery:discover_packages(prefix_path) check parameters
[0.289s] Level 1:colcon.colcon_core.package_discovery:discover_packages(prefix_path) discover
[0.290s] DEBUG:colcon.colcon_installed_package_information.package_discovery:Found 13 installed packages in /home/robotdeveloper02/IsaacSim-ros_workspaces-main/humble_ws/install
[0.292s] DEBUG:colcon.colcon_installed_package_information.package_discovery:Found 381 installed packages in /opt/ros/humble
[0.293s] Level 1:colcon.colcon_core.package_discovery:discover_packages(prefix_path) using defaults
[0.331s] Level 5:colcon.colcon_core.verb:set package 'Jettbot_position' build argument 'cmake_args' from command line to 'None'
[0.331s] Level 5:colcon.colcon_core.verb:set package 'Jettbot_position' build argument 'cmake_target' from command line to 'None'
[0.331s] Level 5:colcon.colcon_core.verb:set package 'Jettbot_position' build argument 'cmake_target_skip_unavailable' from command line to 'False'
[0.331s] Level 5:colcon.colcon_core.verb:set package 'Jettbot_position' build argument 'cmake_clean_cache' from command line to 'False'
[0.331s] Level 5:colcon.colcon_core.verb:set package 'Jettbot_position' build argument 'cmake_clean_first' from command line to 'False'
[0.331s] Level 5:colcon.colcon_core.verb:set package 'Jettbot_position' build argument 'cmake_force_configure' from command line to 'False'
[0.331s] Level 5:colcon.colcon_core.verb:set package 'Jettbot_position' build argument 'ament_cmake_args' from command line to 'None'
[0.331s] Level 5:colcon.colcon_core.verb:set package 'Jettbot_position' build argument 'catkin_cmake_args' from command line to 'None'
[0.331s] Level 5:colcon.colcon_core.verb:set package 'Jettbot_position' build argument 'catkin_skip_building_tests' from command line to 'False'
[0.331s] DEBUG:colcon.colcon_core.verb:Building package 'Jettbot_position' with the following arguments: {'ament_cmake_args': None, 'build_base': '/home/robotdeveloper02/IsaacSim-ros_workspaces-main/humble_ws/build/Jettbot_position', 'catkin_cmake_args': None, 'catkin_skip_building_tests': False, 'cmake_args': None, 'cmake_clean_cache': False, 'cmake_clean_first': False, 'cmake_force_configure': False, 'cmake_target': None, 'cmake_target_skip_unavailable': False, 'install_base': '/home/robotdeveloper02/IsaacSim-ros_workspaces-main/humble_ws/install/Jettbot_position', 'merge_install': False, 'path': '/home/robotdeveloper02/IsaacSim-ros_workspaces-main/humble_ws/src/Jettbot_position', 'symlink_install': False, 'test_result_base': None}
[0.331s] Level 5:colcon.colcon_core.verb:set package 'carter_navigation' build argument 'cmake_args' from command line to 'None'
[0.332s] Level 5:colcon.colcon_core.verb:set package 'carter_navigation' build argument 'cmake_target' from command line to 'None'
[0.332s] Level 5:colcon.colcon_core.verb:set package 'carter_navigation' build argument 'cmake_target_skip_unavailable' from command line to 'False'
[0.332s] Level 5:colcon.colcon_core.verb:set package 'carter_navigation' build argument 'cmake_clean_cache' from command line to 'False'
[0.332s] Level 5:colcon.colcon_core.verb:set package 'carter_navigation' build argument 'cmake_clean_first' from command line to 'False'
[0.332s] Level 5:colcon.colcon_core.verb:set package 'carter_navigation' build argument 'cmake_force_configure' from command line to 'False'
[0.332s] Level 5:colcon.colcon_core.verb:set package 'carter_navigation' build argument 'ament_cmake_args' from command line to 'None'
[0.332s] Level 5:colcon.colcon_core.verb:set package 'carter_navigation' build argument 'catkin_cmake_args' from command line to 'None'
[0.332s] Level 5:colcon.colcon_core.verb:set package 'carter_navigation' build argument 'catkin_skip_building_tests' from command line to 'False'
[0.332s] DEBUG:colcon.colcon_core.verb:Building package 'carter_navigation' with the following arguments: {'ament_cmake_args': None, 'build_base': '/home/robotdeveloper02/IsaacSim-ros_workspaces-main/humble_ws/build/carter_navigation', 'catkin_cmake_args': None, 'catkin_skip_building_tests': False, 'cmake_args': None, 'cmake_clean_cache': False, 'cmake_clean_first': False, 'cmake_force_configure': False, 'cmake_target': None, 'cmake_target_skip_unavailable': False, 'install_base': '/home/robotdeveloper02/IsaacSim-ros_workspaces-main/humble_ws/install/carter_navigation', 'merge_install': False, 'path': '/home/robotdeveloper02/IsaacSim-ros_workspaces-main/humble_ws/src/navigation/carter_navigation', 'symlink_install': False, 'test_result_base': None}
[0.332s] Level 5:colcon.colcon_core.verb:set package 'cube_controller' build argument 'cmake_args' from command line to 'None'
[0.332s] Level 5:colcon.colcon_core.verb:set package 'cube_controller' build argument 'cmake_target' from command line to 'None'
[0.332s] Level 5:colcon.colcon_core.verb:set package 'cube_controller' build argument 'cmake_target_skip_unavailable' from command line to 'False'
[0.332s] Level 5:colcon.colcon_core.verb:set package 'cube_controller' build argument 'cmake_clean_cache' from command line to 'False'
[0.332s] Level 5:colcon.colcon_core.verb:set package 'cube_controller' build argument 'cmake_clean_first' from command line to 'False'
[0.332s] Level 5:colcon.colcon_core.verb:set package 'cube_controller' build argument 'cmake_force_configure' from command line to 'False'
[0.332s] Level 5:colcon.colcon_core.verb:set package 'cube_controller' build argument 'ament_cmake_args' from command line to 'None'
[0.332s] Level 5:colcon.colcon_core.verb:set package 'cube_controller' build argument 'catkin_cmake_args' from command line to 'None'
[0.332s] Level 5:colcon.colcon_core.verb:set package 'cube_controller' build argument 'catkin_skip_building_tests' from command line to 'False'
[0.332s] DEBUG:colcon.colcon_core.verb:Building package 'cube_controller' with the following arguments: {'ament_cmake_args': None, 'build_base': '/home/robotdeveloper02/IsaacSim-ros_workspaces-main/humble_ws/build/cube_controller', 'catkin_cmake_args': None, 'catkin_skip_building_tests': False, 'cmake_args': None, 'cmake_clean_cache': False, 'cmake_clean_first': False, 'cmake_force_configure': False, 'cmake_target': None, 'cmake_target_skip_unavailable': False, 'install_base': '/home/robotdeveloper02/IsaacSim-ros_workspaces-main/humble_ws/install/cube_controller', 'merge_install': False, 'path': '/home/robotdeveloper02/IsaacSim-ros_workspaces-main/humble_ws/src/cube_controller', 'symlink_install': False, 'test_result_base': None}
[0.333s] Level 5:colcon.colcon_core.verb:set package 'custom_message' build argument 'cmake_args' from command line to 'None'
[0.333s] Level 5:colcon.colcon_core.verb:set package 'custom_message' build argument 'cmake_target' from command line to 'None'
[0.333s] Level 5:colcon.colcon_core.verb:set package 'custom_message' build argument 'cmake_target_skip_unavailable' from command line to 'False'
[0.333s] Level 5:colcon.colcon_core.verb:set package 'custom_message' build argument 'cmake_clean_cache' from command line to 'False'
[0.333s] Level 5:colcon.colcon_core.verb:set package 'custom_message' build argument 'cmake_clean_first' from command line to 'False'
[0.333s] Level 5:colcon.colcon_core.verb:set package 'custom_message' build argument 'cmake_force_configure' from command line to 'False'
[0.333s] Level 5:colcon.colcon_core.verb:set package 'custom_message' build argument 'ament_cmake_args' from command line to 'None'
[0.333s] Level 5:colcon.colcon_core.verb:set package 'custom_message' build argument 'catkin_cmake_args' from command line to 'None'
[0.333s] Level 5:colcon.colcon_core.verb:set package 'custom_message' build argument 'catkin_skip_building_tests' from command line to 'False'
[0.333s] DEBUG:colcon.colcon_core.verb:Building package 'custom_message' with the following arguments: {'ament_cmake_args': None, 'build_base': '/home/robotdeveloper02/IsaacSim-ros_workspaces-main/humble_ws/build/custom_message', 'catkin_cmake_args': None, 'catkin_skip_building_tests': False, 'cmake_args': None, 'cmake_clean_cache': False, 'cmake_clean_first': False, 'cmake_force_configure': False, 'cmake_target': None, 'cmake_target_skip_unavailable': False, 'install_base': '/home/robotdeveloper02/IsaacSim-ros_workspaces-main/humble_ws/install/custom_message', 'merge_install': False, 'path': '/home/robotdeveloper02/IsaacSim-ros_workspaces-main/humble_ws/src/custom_message', 'symlink_install': False, 'test_result_base': None}
[0.333s] Level 5:colcon.colcon_core.verb:set package 'isaac_ros2_messages' build argument 'cmake_args' from command line to 'None'
[0.333s] Level 5:colcon.colcon_core.verb:set package 'isaac_ros2_messages' build argument 'cmake_target' from command line to 'None'
[0.333s] Level 5:colcon.colcon_core.verb:set package 'isaac_ros2_messages' build argument 'cmake_target_skip_unavailable' from command line to 'False'
[0.333s] Level 5:colcon.colcon_core.verb:set package 'isaac_ros2_messages' build argument 'cmake_clean_cache' from command line to 'False'
[0.333s] Level 5:colcon.colcon_core.verb:set package 'isaac_ros2_messages' build argument 'cmake_clean_first' from command line to 'False'
[0.333s] Level 5:colcon.colcon_core.verb:set package 'isaac_ros2_messages' build argument 'cmake_force_configure' from command line to 'False'
[0.333s] Level 5:colcon.colcon_core.verb:set package 'isaac_ros2_messages' build argument 'ament_cmake_args' from command line to 'None'
[0.333s] Level 5:colcon.colcon_core.verb:set package 'isaac_ros2_messages' build argument 'catkin_cmake_args' from command line to 'None'
[0.333s] Level 5:colcon.colcon_core.verb:set package 'isaac_ros2_messages' build argument 'catkin_skip_building_tests' from command line to 'False'
[0.333s] DEBUG:colcon.colcon_core.verb:Building package 'isaac_ros2_messages' with the following arguments: {'ament_cmake_args': None, 'build_base': '/home/robotdeveloper02/IsaacSim-ros_workspaces-main/humble_ws/build/isaac_ros2_messages', 'catkin_cmake_args': None, 'catkin_skip_building_tests': False, 'cmake_args': None, 'cmake_clean_cache': False, 'cmake_clean_first': False, 'cmake_force_configure': False, 'cmake_target': None, 'cmake_target_skip_unavailable': False, 'install_base': '/home/robotdeveloper02/IsaacSim-ros_workspaces-main/humble_ws/install/isaac_ros2_messages', 'merge_install': False, 'path': '/home/robotdeveloper02/IsaacSim-ros_workspaces-main/humble_ws/src/isaac_ros2_messages', 'symlink_install': False, 'test_result_base': None}
[0.334s] Level 5:colcon.colcon_core.verb:set package 'isaac_ros_navigation_goal' build argument 'cmake_args' from command line to 'None'
[0.334s] Level 5:colcon.colcon_core.verb:set package 'isaac_ros_navigation_goal' build argument 'cmake_target' from command line to 'None'
[0.334s] Level 5:colcon.colcon_core.verb:set package 'isaac_ros_navigation_goal' build argument 'cmake_target_skip_unavailable' from command line to 'False'
[0.334s] Level 5:colcon.colcon_core.verb:set package 'isaac_ros_navigation_goal' build argument 'cmake_clean_cache' from command line to 'False'
[0.334s] Level 5:colcon.colcon_core.verb:set package 'isaac_ros_navigation_goal' build argument 'cmake_clean_first' from command line to 'False'
[0.334s] Level 5:colcon.colcon_core.verb:set package 'isaac_ros_navigation_goal' build argument 'cmake_force_configure' from command line to 'False'
[0.334s] Level 5:colcon.colcon_core.verb:set package 'isaac_ros_navigation_goal' build argument 'ament_cmake_args' from command line to 'None'
[0.334s] Level 5:colcon.colcon_core.verb:set package 'isaac_ros_navigation_goal' build argument 'catkin_cmake_args' from command line to 'None'
[0.334s] Level 5:colcon.colcon_core.verb:set package 'isaac_ros_navigation_goal' build argument 'catkin_skip_building_tests' from command line to 'False'
[0.334s] DEBUG:colcon.colcon_core.verb:Building package 'isaac_ros_navigation_goal' with the following arguments: {'ament_cmake_args': None, 'build_base': '/home/robotdeveloper02/IsaacSim-ros_workspaces-main/humble_ws/build/isaac_ros_navigation_goal', 'catkin_cmake_args': None, 'catkin_skip_building_tests': False, 'cmake_args': None, 'cmake_clean_cache': False, 'cmake_clean_first': False, 'cmake_force_configure': False, 'cmake_target': None, 'cmake_target_skip_unavailable': False, 'install_base': '/home/robotdeveloper02/IsaacSim-ros_workspaces-main/humble_ws/install/isaac_ros_navigation_goal', 'merge_install': False, 'path': '/home/robotdeveloper02/IsaacSim-ros_workspaces-main/humble_ws/src/navigation/isaac_ros_navigation_goal', 'symlink_install': False, 'test_result_base': None}
[0.334s] Level 5:colcon.colcon_core.verb:set package 'isaac_tutorials' build argument 'cmake_args' from command line to 'None'
[0.334s] Level 5:colcon.colcon_core.verb:set package 'isaac_tutorials' build argument 'cmake_target' from command line to 'None'
[0.334s] Level 5:colcon.colcon_core.verb:set package 'isaac_tutorials' build argument 'cmake_target_skip_unavailable' from command line to 'False'
[0.334s] Level 5:colcon.colcon_core.verb:set package 'isaac_tutorials' build argument 'cmake_clean_cache' from command line to 'False'
[0.334s] Level 5:colcon.colcon_core.verb:set package 'isaac_tutorials' build argument 'cmake_clean_first' from command line to 'False'
[0.334s] Level 5:colcon.colcon_core.verb:set package 'isaac_tutorials' build argument 'cmake_force_configure' from command line to 'False'
[0.334s] Level 5:colcon.colcon_core.verb:set package 'isaac_tutorials' build argument 'ament_cmake_args' from command line to 'None'
[0.334s] Level 5:colcon.colcon_core.verb:set package 'isaac_tutorials' build argument 'catkin_cmake_args' from command line to 'None'
[0.334s] Level 5:colcon.colcon_core.verb:set package 'isaac_tutorials' build argument 'catkin_skip_building_tests' from command line to 'False'
[0.334s] DEBUG:colcon.colcon_core.verb:Building package 'isaac_tutorials' with the following arguments: {'ament_cmake_args': None, 'build_base': '/home/robotdeveloper02/IsaacSim-ros_workspaces-main/humble_ws/build/isaac_tutorials', 'catkin_cmake_args': None, 'catkin_skip_building_tests': False, 'cmake_args': None, 'cmake_clean_cache': False, 'cmake_clean_first': False, 'cmake_force_configure': False, 'cmake_target': None, 'cmake_target_skip_unavailable': False, 'install_base': '/home/robotdeveloper02/IsaacSim-ros_workspaces-main/humble_ws/install/isaac_tutorials', 'merge_install': False, 'path': '/home/robotdeveloper02/IsaacSim-ros_workspaces-main/humble_ws/src/isaac_tutorials', 'symlink_install': False, 'test_result_base': None}
[0.334s] Level 5:colcon.colcon_core.verb:set package 'isaacsim' build argument 'cmake_args' from command line to 'None'
[0.334s] Level 5:colcon.colcon_core.verb:set package 'isaacsim' build argument 'cmake_target' from command line to 'None'
[0.334s] Level 5:colcon.colcon_core.verb:set package 'isaacsim' build argument 'cmake_target_skip_unavailable' from command line to 'False'
[0.334s] Level 5:colcon.colcon_core.verb:set package 'isaacsim' build argument 'cmake_clean_cache' from command line to 'False'
[0.334s] Level 5:colcon.colcon_core.verb:set package 'isaacsim' build argument 'cmake_clean_first' from command line to 'False'
[0.335s] Level 5:colcon.colcon_core.verb:set package 'isaacsim' build argument 'cmake_force_configure' from command line to 'False'
[0.335s] Level 5:colcon.colcon_core.verb:set package 'isaacsim' build argument 'ament_cmake_args' from command line to 'None'
[0.335s] Level 5:colcon.colcon_core.verb:set package 'isaacsim' build argument 'catkin_cmake_args' from command line to 'None'
[0.335s] Level 5:colcon.colcon_core.verb:set package 'isaacsim' build argument 'catkin_skip_building_tests' from command line to 'False'
[0.335s] DEBUG:colcon.colcon_core.verb:Building package 'isaacsim' with the following arguments: {'ament_cmake_args': None, 'build_base': '/home/robotdeveloper02/IsaacSim-ros_workspaces-main/humble_ws/build/isaacsim', 'catkin_cmake_args': None, 'catkin_skip_building_tests': False, 'cmake_args': None, 'cmake_clean_cache': False, 'cmake_clean_first': False, 'cmake_force_configure': False, 'cmake_target': None, 'cmake_target_skip_unavailable': False, 'install_base': '/home/robotdeveloper02/IsaacSim-ros_workspaces-main/humble_ws/install/isaacsim', 'merge_install': False, 'path': '/home/robotdeveloper02/IsaacSim-ros_workspaces-main/humble_ws/src/isaacsim', 'symlink_install': False, 'test_result_base': None}
[0.335s] Level 5:colcon.colcon_core.verb:set package 'jetbot_controller' build argument 'cmake_args' from command line to 'None'
[0.335s] Level 5:colcon.colcon_core.verb:set package 'jetbot_controller' build argument 'cmake_target' from command line to 'None'
[0.335s] Level 5:colcon.colcon_core.verb:set package 'jetbot_controller' build argument 'cmake_target_skip_unavailable' from command line to 'False'
[0.335s] Level 5:colcon.colcon_core.verb:set package 'jetbot_controller' build argument 'cmake_clean_cache' from command line to 'False'
[0.335s] Level 5:colcon.colcon_core.verb:set package 'jetbot_controller' build argument 'cmake_clean_first' from command line to 'False'
[0.335s] Level 5:colcon.colcon_core.verb:set package 'jetbot_controller' build argument 'cmake_force_configure' from command line to 'False'
[0.335s] Level 5:colcon.colcon_core.verb:set package 'jetbot_controller' build argument 'ament_cmake_args' from command line to 'None'
[0.335s] Level 5:colcon.colcon_core.verb:set package 'jetbot_controller' build argument 'catkin_cmake_args' from command line to 'None'
[0.335s] Level 5:colcon.colcon_core.verb:set package 'jetbot_controller' build argument 'catkin_skip_building_tests' from command line to 'False'
[0.335s] DEBUG:colcon.colcon_core.verb:Building package 'jetbot_controller' with the following arguments: {'ament_cmake_args': None, 'build_base': '/home/robotdeveloper02/IsaacSim-ros_workspaces-main/humble_ws/build/jetbot_controller', 'catkin_cmake_args': None, 'catkin_skip_building_tests': False, 'cmake_args': None, 'cmake_clean_cache': False, 'cmake_clean_first': False, 'cmake_force_configure': False, 'cmake_target': None, 'cmake_target_skip_unavailable': False, 'install_base': '/home/robotdeveloper02/IsaacSim-ros_workspaces-main/humble_ws/install/jetbot_controller', 'merge_install': False, 'path': '/home/robotdeveloper02/IsaacSim-ros_workspaces-main/humble_ws/src/jetbot_controller', 'symlink_install': False, 'test_result_base': None}
[0.335s] Level 5:colcon.colcon_core.verb:set package 'my_ros2_package' build argument 'cmake_args' from command line to 'None'
[0.335s] Level 5:colcon.colcon_core.verb:set package 'my_ros2_package' build argument 'cmake_target' from command line to 'None'
[0.335s] Level 5:colcon.colcon_core.verb:set package 'my_ros2_package' build argument 'cmake_target_skip_unavailable' from command line to 'False'
[0.335s] Level 5:colcon.colcon_core.verb:set package 'my_ros2_package' build argument 'cmake_clean_cache' from command line to 'False'
[0.335s] Level 5:colcon.colcon_core.verb:set package 'my_ros2_package' build argument 'cmake_clean_first' from command line to 'False'
[0.335s] Level 5:colcon.colcon_core.verb:set package 'my_ros2_package' build argument 'cmake_force_configure' from command line to 'False'
[0.335s] Level 5:colcon.colcon_core.verb:set package 'my_ros2_package' build argument 'ament_cmake_args' from command line to 'None'
[0.335s] Level 5:colcon.colcon_core.verb:set package 'my_ros2_package' build argument 'catkin_cmake_args' from command line to 'None'
[0.335s] Level 5:colcon.colcon_core.verb:set package 'my_ros2_package' build argument 'catkin_skip_building_tests' from command line to 'False'
[0.335s] DEBUG:colcon.colcon_core.verb:Building package 'my_ros2_package' with the following arguments: {'ament_cmake_args': None, 'build_base': '/home/robotdeveloper02/IsaacSim-ros_workspaces-main/humble_ws/build/my_ros2_package', 'catkin_cmake_args': None, 'catkin_skip_building_tests': False, 'cmake_args': None, 'cmake_clean_cache': False, 'cmake_clean_first': False, 'cmake_force_configure': False, 'cmake_target': None, 'cmake_target_skip_unavailable': False, 'install_base': '/home/robotdeveloper02/IsaacSim-ros_workspaces-main/humble_ws/install/my_ros2_package', 'merge_install': False, 'path': '/home/robotdeveloper02/IsaacSim-ros_workspaces-main/humble_ws/src/calc_py', 'symlink_install': False, 'test_result_base': None}
[0.336s] Level 5:colcon.colcon_core.verb:set package 'IMU_otamesi' build argument 'cmake_args' from command line to 'None'
[0.336s] Level 5:colcon.colcon_core.verb:set package 'IMU_otamesi' build argument 'cmake_target' from command line to 'None'
[0.336s] Level 5:colcon.colcon_core.verb:set package 'IMU_otamesi' build argument 'cmake_target_skip_unavailable' from command line to 'False'
[0.336s] Level 5:colcon.colcon_core.verb:set package 'IMU_otamesi' build argument 'cmake_clean_cache' from command line to 'False'
[0.336s] Level 5:colcon.colcon_core.verb:set package 'IMU_otamesi' build argument 'cmake_clean_first' from command line to 'False'
[0.336s] Level 5:colcon.colcon_core.verb:set package 'IMU_otamesi' build argument 'cmake_force_configure' from command line to 'False'
[0.336s] Level 5:colcon.colcon_core.verb:set package 'IMU_otamesi' build argument 'ament_cmake_args' from command line to 'None'
[0.336s] Level 5:colcon.colcon_core.verb:set package 'IMU_otamesi' build argument 'catkin_cmake_args' from command line to 'None'
[0.336s] Level 5:colcon.colcon_core.verb:set package 'IMU_otamesi' build argument 'catkin_skip_building_tests' from command line to 'False'
[0.336s] DEBUG:colcon.colcon_core.verb:Building package 'IMU_otamesi' with the following arguments: {'ament_cmake_args': None, 'build_base': '/home/robotdeveloper02/IsaacSim-ros_workspaces-main/humble_ws/build/IMU_otamesi', 'catkin_cmake_args': None, 'catkin_skip_building_tests': False, 'cmake_args': None, 'cmake_clean_cache': False, 'cmake_clean_first': False, 'cmake_force_configure': False, 'cmake_target': None, 'cmake_target_skip_unavailable': False, 'install_base': '/home/robotdeveloper02/IsaacSim-ros_workspaces-main/humble_ws/install/IMU_otamesi', 'merge_install': False, 'path': '/home/robotdeveloper02/IsaacSim-ros_workspaces-main/humble_ws/src/IMU_otamesi', 'symlink_install': False, 'test_result_base': None}
[0.336s] Level 5:colcon.colcon_core.verb:set package 'my_cpp_pose_subscriber' build argument 'cmake_args' from command line to 'None'
[0.336s] Level 5:colcon.colcon_core.verb:set package 'my_cpp_pose_subscriber' build argument 'cmake_target' from command line to 'None'
[0.336s] Level 5:colcon.colcon_core.verb:set package 'my_cpp_pose_subscriber' build argument 'cmake_target_skip_unavailable' from command line to 'False'
[0.336s] Level 5:colcon.colcon_core.verb:set package 'my_cpp_pose_subscriber' build argument 'cmake_clean_cache' from command line to 'False'
[0.336s] Level 5:colcon.colcon_core.verb:set package 'my_cpp_pose_subscriber' build argument 'cmake_clean_first' from command line to 'False'
[0.336s] Level 5:colcon.colcon_core.verb:set package 'my_cpp_pose_subscriber' build argument 'cmake_force_configure' from command line to 'False'
[0.336s] Level 5:colcon.colcon_core.verb:set package 'my_cpp_pose_subscriber' build argument 'ament_cmake_args' from command line to 'None'
[0.336s] Level 5:colcon.colcon_core.verb:set package 'my_cpp_pose_subscriber' build argument 'catkin_cmake_args' from command line to 'None'
[0.336s] Level 5:colcon.colcon_core.verb:set package 'my_cpp_pose_subscriber' build argument 'catkin_skip_building_tests' from command line to 'False'
[0.336s] DEBUG:colcon.colcon_core.verb:Building package 'my_cpp_pose_subscriber' with the following arguments: {'ament_cmake_args': None, 'build_base': '/home/robotdeveloper02/IsaacSim-ros_workspaces-main/humble_ws/build/my_cpp_pose_subscriber', 'catkin_cmake_args': None, 'catkin_skip_building_tests': False, 'cmake_args': None, 'cmake_clean_cache': False, 'cmake_clean_first': False, 'cmake_force_configure': False, 'cmake_target': None, 'cmake_target_skip_unavailable': False, 'install_base': '/home/robotdeveloper02/IsaacSim-ros_workspaces-main/humble_ws/install/my_cpp_pose_subscriber', 'merge_install': False, 'path': '/home/robotdeveloper02/IsaacSim-ros_workspaces-main/humble_ws/src/calc_cpp', 'symlink_install': False, 'test_result_base': None}
[0.336s] INFO:colcon.colcon_core.executor:Executing jobs using 'parallel' executor
[0.337s] DEBUG:colcon.colcon_parallel_executor.executor.parallel:run_until_complete
[0.337s] INFO:colcon.colcon_ros.task.ament_cmake.build:Building ROS package in '/home/robotdeveloper02/IsaacSim-ros_workspaces-main/humble_ws/src/custom_message' with build type 'ament_cmake'
[0.337s] INFO:colcon.colcon_cmake.task.cmake.build:Building CMake package in '/home/robotdeveloper02/IsaacSim-ros_workspaces-main/humble_ws/src/custom_message'
[0.339s] INFO:colcon.colcon_core.plugin_system:Skipping extension 'colcon_core.shell.bat': Not used on non-Windows systems
[0.339s] INFO:colcon.colcon_core.shell:Skip shell extension 'powershell' for command environment: Not usable outside of PowerShell
[0.339s] DEBUG:colcon.colcon_core.shell:Skip shell extension 'dsv' for command environment
[0.342s] INFO:colcon.colcon_ros.task.ament_python.build:Building ROS package in '/home/robotdeveloper02/IsaacSim-ros_workspaces-main/humble_ws/src/Jettbot_position' with build type 'ament_python'
[0.343s] Level 1:colcon.colcon_core.shell:create_environment_hook('Jettbot_position', 'ament_prefix_path')
[0.343s] INFO:colcon.colcon_core.shell:Creating environment hook '/home/robotdeveloper02/IsaacSim-ros_workspaces-main/humble_ws/install/Jettbot_position/share/Jettbot_position/hook/ament_prefix_path.ps1'
[0.343s] INFO:colcon.colcon_core.shell:Creating environment descriptor '/home/robotdeveloper02/IsaacSim-ros_workspaces-main/humble_ws/install/Jettbot_position/share/Jettbot_position/hook/ament_prefix_path.dsv'
[0.343s] INFO:colcon.colcon_core.shell:Creating environment hook '/home/robotdeveloper02/IsaacSim-ros_workspaces-main/humble_ws/install/Jettbot_position/share/Jettbot_position/hook/ament_prefix_path.sh'
[0.344s] INFO:colcon.colcon_core.shell:Skip shell extension 'powershell' for command environment: Not usable outside of PowerShell
[0.344s] DEBUG:colcon.colcon_core.shell:Skip shell extension 'dsv' for command environment
[0.347s] INFO:colcon.colcon_ros.task.ament_cmake.build:Building ROS package in '/home/robotdeveloper02/IsaacSim-ros_workspaces-main/humble_ws/src/navigation/carter_navigation' with build type 'ament_cmake'
[0.347s] INFO:colcon.colcon_cmake.task.cmake.build:Building CMake package in '/home/robotdeveloper02/IsaacSim-ros_workspaces-main/humble_ws/src/navigation/carter_navigation'
[0.347s] INFO:colcon.colcon_core.shell:Skip shell extension 'powershell' for command environment: Not usable outside of PowerShell
[0.347s] DEBUG:colcon.colcon_core.shell:Skip shell extension 'dsv' for command environment
[0.351s] INFO:colcon.colcon_ros.task.ament_python.build:Building ROS package in '/home/robotdeveloper02/IsaacSim-ros_workspaces-main/humble_ws/src/cube_controller' with build type 'ament_python'
[0.351s] Level 1:colcon.colcon_core.shell:create_environment_hook('cube_controller', 'ament_prefix_path')
[0.352s] INFO:colcon.colcon_core.shell:Creating environment hook '/home/robotdeveloper02/IsaacSim-ros_workspaces-main/humble_ws/install/cube_controller/share/cube_controller/hook/ament_prefix_path.ps1'
[0.352s] INFO:colcon.colcon_core.shell:Creating environment descriptor '/home/robotdeveloper02/IsaacSim-ros_workspaces-main/humble_ws/install/cube_controller/share/cube_controller/hook/ament_prefix_path.dsv'
[0.353s] INFO:colcon.colcon_core.shell:Creating environment hook '/home/robotdeveloper02/IsaacSim-ros_workspaces-main/humble_ws/install/cube_controller/share/cube_controller/hook/ament_prefix_path.sh'
[0.353s] INFO:colcon.colcon_core.shell:Skip shell extension 'powershell' for command environment: Not usable outside of PowerShell
[0.353s] DEBUG:colcon.colcon_core.shell:Skip shell extension 'dsv' for command environment
[0.356s] INFO:colcon.colcon_ros.task.ament_cmake.build:Building ROS package in '/home/robotdeveloper02/IsaacSim-ros_workspaces-main/humble_ws/src/isaac_ros2_messages' with build type 'ament_cmake'
[0.356s] INFO:colcon.colcon_cmake.task.cmake.build:Building CMake package in '/home/robotdeveloper02/IsaacSim-ros_workspaces-main/humble_ws/src/isaac_ros2_messages'
[0.357s] INFO:colcon.colcon_core.shell:Skip shell extension 'powershell' for command environment: Not usable outside of PowerShell
[0.357s] DEBUG:colcon.colcon_core.shell:Skip shell extension 'dsv' for command environment
[0.359s] INFO:colcon.colcon_ros.task.ament_python.build:Building ROS package in '/home/robotdeveloper02/IsaacSim-ros_workspaces-main/humble_ws/src/navigation/isaac_ros_navigation_goal' with build type 'ament_python'
[0.360s] Level 1:colcon.colcon_core.shell:create_environment_hook('isaac_ros_navigation_goal', 'ament_prefix_path')
[0.360s] INFO:colcon.colcon_core.shell:Creating environment hook '/home/robotdeveloper02/IsaacSim-ros_workspaces-main/humble_ws/install/isaac_ros_navigation_goal/share/isaac_ros_navigation_goal/hook/ament_prefix_path.ps1'
[0.360s] INFO:colcon.colcon_core.shell:Creating environment descriptor '/home/robotdeveloper02/IsaacSim-ros_workspaces-main/humble_ws/install/isaac_ros_navigation_goal/share/isaac_ros_navigation_goal/hook/ament_prefix_path.dsv'
[0.360s] INFO:colcon.colcon_core.shell:Creating environment hook '/home/robotdeveloper02/IsaacSim-ros_workspaces-main/humble_ws/install/isaac_ros_navigation_goal/share/isaac_ros_navigation_goal/hook/ament_prefix_path.sh'
[0.361s] INFO:colcon.colcon_core.shell:Skip shell extension 'powershell' for command environment: Not usable outside of PowerShell
[0.361s] DEBUG:colcon.colcon_core.shell:Skip shell extension 'dsv' for command environment
[0.363s] INFO:colcon.colcon_ros.task.ament_cmake.build:Building ROS package in '/home/robotdeveloper02/IsaacSim-ros_workspaces-main/humble_ws/src/isaac_tutorials' with build type 'ament_cmake'
[0.363s] INFO:colcon.colcon_cmake.task.cmake.build:Building CMake package in '/home/robotdeveloper02/IsaacSim-ros_workspaces-main/humble_ws/src/isaac_tutorials'
[0.364s] INFO:colcon.colcon_core.shell:Skip shell extension 'powershell' for command environment: Not usable outside of PowerShell
[0.364s] DEBUG:colcon.colcon_core.shell:Skip shell extension 'dsv' for command environment
[0.366s] INFO:colcon.colcon_ros.task.ament_cmake.build:Building ROS package in '/home/robotdeveloper02/IsaacSim-ros_workspaces-main/humble_ws/src/isaacsim' with build type 'ament_cmake'
[0.367s] INFO:colcon.colcon_cmake.task.cmake.build:Building CMake package in '/home/robotdeveloper02/IsaacSim-ros_workspaces-main/humble_ws/src/isaacsim'
[0.367s] INFO:colcon.colcon_core.shell:Skip shell extension 'powershell' for command environment: Not usable outside of PowerShell
[0.367s] DEBUG:colcon.colcon_core.shell:Skip shell extension 'dsv' for command environment
[0.370s] INFO:colcon.colcon_ros.task.ament_python.build:Building ROS package in '/home/robotdeveloper02/IsaacSim-ros_workspaces-main/humble_ws/src/jetbot_controller' with build type 'ament_python'
[0.370s] Level 1:colcon.colcon_core.shell:create_environment_hook('jetbot_controller', 'ament_prefix_path')
[0.370s] INFO:colcon.colcon_core.shell:Creating environment hook '/home/robotdeveloper02/IsaacSim-ros_workspaces-main/humble_ws/install/jetbot_controller/share/jetbot_controller/hook/ament_prefix_path.ps1'
[0.370s] INFO:colcon.colcon_core.shell:Creating environment descriptor '/home/robotdeveloper02/IsaacSim-ros_workspaces-main/humble_ws/install/jetbot_controller/share/jetbot_controller/hook/ament_prefix_path.dsv'
[0.371s] INFO:colcon.colcon_core.shell:Creating environment hook '/home/robotdeveloper02/IsaacSim-ros_workspaces-main/humble_ws/install/jetbot_controller/share/jetbot_controller/hook/ament_prefix_path.sh'
[0.371s] INFO:colcon.colcon_core.shell:Skip shell extension 'powershell' for command environment: Not usable outside of PowerShell
[0.371s] DEBUG:colcon.colcon_core.shell:Skip shell extension 'dsv' for command environment
[0.374s] INFO:colcon.colcon_ros.task.ament_python.build:Building ROS package in '/home/robotdeveloper02/IsaacSim-ros_workspaces-main/humble_ws/src/calc_py' with build type 'ament_python'
[0.375s] Level 1:colcon.colcon_core.shell:create_environment_hook('my_ros2_package', 'ament_prefix_path')
[0.375s] INFO:colcon.colcon_core.shell:Creating environment hook '/home/robotdeveloper02/IsaacSim-ros_workspaces-main/humble_ws/install/my_ros2_package/share/my_ros2_package/hook/ament_prefix_path.ps1'
[0.375s] INFO:colcon.colcon_core.shell:Creating environment descriptor '/home/robotdeveloper02/IsaacSim-ros_workspaces-main/humble_ws/install/my_ros2_package/share/my_ros2_package/hook/ament_prefix_path.dsv'
[0.376s] INFO:colcon.colcon_core.shell:Creating environment hook '/home/robotdeveloper02/IsaacSim-ros_workspaces-main/humble_ws/install/my_ros2_package/share/my_ros2_package/hook/ament_prefix_path.sh'
[0.376s] INFO:colcon.colcon_core.shell:Skip shell extension 'powershell' for command environment: Not usable outside of PowerShell
[0.376s] DEBUG:colcon.colcon_core.shell:Skip shell extension 'dsv' for command environment
[0.385s] DEBUG:colcon.colcon_core.event_handler.log_command:Invoking command in '/home/robotdeveloper02/IsaacSim-ros_workspaces-main/humble_ws/build/custom_message': CMAKE_PREFIX_PATH=${CMAKE_PREFIX_PATH}:/home/robotdeveloper02/IsaacSim-ros_workspaces-main/humble_ws/install/my_ros2_package:/home/robotdeveloper02/IsaacSim-ros_workspaces-main/humble_ws/install/jetbot_controller:/home/robotdeveloper02/IsaacSim-ros_workspaces-main/humble_ws/install/isaac_ros_navigation_goal:/home/robotdeveloper02/IsaacSim-ros_workspaces-main/humble_ws/install/error_subscriber:/home/robotdeveloper02/IsaacSim-ros_workspaces-main/humble_ws/install/cube_controller:/home/robotdeveloper02/IsaacSim-ros_workspaces-main/humble_ws/install/Jettbot_position:/opt/ros/humble /usr/bin/cmake --build /home/robotdeveloper02/IsaacSim-ros_workspaces-main/humble_ws/build/custom_message -- -j16 -l16
[0.651s] INFO:colcon.colcon_core.task.python.build:Building Python package in '/home/robotdeveloper02/IsaacSim-ros_workspaces-main/humble_ws/src/Jettbot_position'
[0.651s] INFO:colcon.colcon_core.shell:Skip shell extension 'powershell' for command environment: Not usable outside of PowerShell
[0.651s] DEBUG:colcon.colcon_core.shell:Skip shell extension 'dsv' for command environment
[0.657s] DEBUG:colcon.colcon_core.event_handler.log_command:Invoking command in '/home/robotdeveloper02/IsaacSim-ros_workspaces-main/humble_ws/build/carter_navigation': CMAKE_PREFIX_PATH=${CMAKE_PREFIX_PATH}:/home/robotdeveloper02/IsaacSim-ros_workspaces-main/humble_ws/install/my_ros2_package:/home/robotdeveloper02/IsaacSim-ros_workspaces-main/humble_ws/install/jetbot_controller:/home/robotdeveloper02/IsaacSim-ros_workspaces-main/humble_ws/install/isaac_ros_navigation_goal:/home/robotdeveloper02/IsaacSim-ros_workspaces-main/humble_ws/install/error_subscriber:/home/robotdeveloper02/IsaacSim-ros_workspaces-main/humble_ws/install/cube_controller:/home/robotdeveloper02/IsaacSim-ros_workspaces-main/humble_ws/install/Jettbot_position:/opt/ros/humble /usr/bin/cmake --build /home/robotdeveloper02/IsaacSim-ros_workspaces-main/humble_ws/build/carter_navigation -- -j16 -l16
[0.905s] INFO:colcon.colcon_core.task.python.build:Building Python package in '/home/robotdeveloper02/IsaacSim-ros_workspaces-main/humble_ws/src/cube_controller'
[0.905s] INFO:colcon.colcon_core.shell:Skip shell extension 'powershell' for command environment: Not usable outside of PowerShell
[0.905s] DEBUG:colcon.colcon_core.shell:Skip shell extension 'dsv' for command environment
[0.911s] DEBUG:colcon.colcon_core.event_handler.log_command:Invoking command in '/home/robotdeveloper02/IsaacSim-ros_workspaces-main/humble_ws/build/isaac_ros2_messages': CMAKE_PREFIX_PATH=${CMAKE_PREFIX_PATH}:/home/robotdeveloper02/IsaacSim-ros_workspaces-main/humble_ws/install/my_ros2_package:/home/robotdeveloper02/IsaacSim-ros_workspaces-main/humble_ws/install/jetbot_controller:/home/robotdeveloper02/IsaacSim-ros_workspaces-main/humble_ws/install/isaac_ros_navigation_goal:/home/robotdeveloper02/IsaacSim-ros_workspaces-main/humble_ws/install/error_subscriber:/home/robotdeveloper02/IsaacSim-ros_workspaces-main/humble_ws/install/cube_controller:/home/robotdeveloper02/IsaacSim-ros_workspaces-main/humble_ws/install/Jettbot_position:/opt/ros/humble /usr/bin/cmake --build /home/robotdeveloper02/IsaacSim-ros_workspaces-main/humble_ws/build/isaac_ros2_messages -- -j16 -l16
[1.172s] INFO:colcon.colcon_core.task.python.build:Building Python package in '/home/robotdeveloper02/IsaacSim-ros_workspaces-main/humble_ws/src/navigation/isaac_ros_navigation_goal'
[1.172s] INFO:colcon.colcon_core.shell:Skip shell extension 'powershell' for command environment: Not usable outside of PowerShell
[1.172s] DEBUG:colcon.colcon_core.shell:Skip shell extension 'dsv' for command environment
[1.180s] DEBUG:colcon.colcon_core.event_handler.log_command:Invoking command in '/home/robotdeveloper02/IsaacSim-ros_workspaces-main/humble_ws/build/isaac_tutorials': CMAKE_PREFIX_PATH=${CMAKE_PREFIX_PATH}:/home/robotdeveloper02/IsaacSim-ros_workspaces-main/humble_ws/install/my_ros2_package:/home/robotdeveloper02/IsaacSim-ros_workspaces-main/humble_ws/install/jetbot_controller:/home/robotdeveloper02/IsaacSim-ros_workspaces-main/humble_ws/install/isaac_ros_navigation_goal:/home/robotdeveloper02/IsaacSim-ros_workspaces-main/humble_ws/install/error_subscriber:/home/robotdeveloper02/IsaacSim-ros_workspaces-main/humble_ws/install/cube_controller:/home/robotdeveloper02/IsaacSim-ros_workspaces-main/humble_ws/install/Jettbot_position:/opt/ros/humble /usr/bin/cmake --build /home/robotdeveloper02/IsaacSim-ros_workspaces-main/humble_ws/build/isaac_tutorials -- -j16 -l16
[1.183s] DEBUG:colcon.colcon_core.event_handler.log_command:Invoking command in '/home/robotdeveloper02/IsaacSim-ros_workspaces-main/humble_ws/build/isaacsim': CMAKE_PREFIX_PATH=${CMAKE_PREFIX_PATH}:/home/robotdeveloper02/IsaacSim-ros_workspaces-main/humble_ws/install/my_ros2_package:/home/robotdeveloper02/IsaacSim-ros_workspaces-main/humble_ws/install/jetbot_controller:/home/robotdeveloper02/IsaacSim-ros_workspaces-main/humble_ws/install/isaac_ros_navigation_goal:/home/robotdeveloper02/IsaacSim-ros_workspaces-main/humble_ws/install/error_subscriber:/home/robotdeveloper02/IsaacSim-ros_workspaces-main/humble_ws/install/cube_controller:/home/robotdeveloper02/IsaacSim-ros_workspaces-main/humble_ws/install/Jettbot_position:/opt/ros/humble /usr/bin/cmake --build /home/robotdeveloper02/IsaacSim-ros_workspaces-main/humble_ws/build/isaacsim -- -j16 -l16
[1.426s] INFO:colcon.colcon_core.task.python.build:Building Python package in '/home/robotdeveloper02/IsaacSim-ros_workspaces-main/humble_ws/src/jetbot_controller'
[1.426s] INFO:colcon.colcon_core.shell:Skip shell extension 'powershell' for command environment: Not usable outside of PowerShell
[1.426s] DEBUG:colcon.colcon_core.shell:Skip shell extension 'dsv' for command environment
[1.662s] INFO:colcon.colcon_core.task.python.build:Building Python package in '/home/robotdeveloper02/IsaacSim-ros_workspaces-main/humble_ws/src/calc_py'
[1.662s] INFO:colcon.colcon_core.shell:Skip shell extension 'powershell' for command environment: Not usable outside of PowerShell
[1.662s] DEBUG:colcon.colcon_core.shell:Skip shell extension 'dsv' for command environment
[1.667s] DEBUG:colcon.colcon_core.event_handler.log_command:Invoked command in '/home/robotdeveloper02/IsaacSim-ros_workspaces-main/humble_ws/build/carter_navigation' returned '0': CMAKE_PREFIX_PATH=${CMAKE_PREFIX_PATH}:/home/robotdeveloper02/IsaacSim-ros_workspaces-main/humble_ws/install/my_ros2_package:/home/robotdeveloper02/IsaacSim-ros_workspaces-main/humble_ws/install/jetbot_controller:/home/robotdeveloper02/IsaacSim-ros_workspaces-main/humble_ws/install/isaac_ros_navigation_goal:/home/robotdeveloper02/IsaacSim-ros_workspaces-main/humble_ws/install/error_subscriber:/home/robotdeveloper02/IsaacSim-ros_workspaces-main/humble_ws/install/cube_controller:/home/robotdeveloper02/IsaacSim-ros_workspaces-main/humble_ws/install/Jettbot_position:/opt/ros/humble /usr/bin/cmake --build /home/robotdeveloper02/IsaacSim-ros_workspaces-main/humble_ws/build/carter_navigation -- -j16 -l16
[1.668s] DEBUG:colcon.colcon_core.event_handler.log_command:Invoked command in '/home/robotdeveloper02/IsaacSim-ros_workspaces-main/humble_ws/build/custom_message' returned '0': CMAKE_PREFIX_PATH=${CMAKE_PREFIX_PATH}:/home/robotdeveloper02/IsaacSim-ros_workspaces-main/humble_ws/install/my_ros2_package:/home/robotdeveloper02/IsaacSim-ros_workspaces-main/humble_ws/install/jetbot_controller:/home/robotdeveloper02/IsaacSim-ros_workspaces-main/humble_ws/install/isaac_ros_navigation_goal:/home/robotdeveloper02/IsaacSim-ros_workspaces-main/humble_ws/install/error_subscriber:/home/robotdeveloper02/IsaacSim-ros_workspaces-main/humble_ws/install/cube_controller:/home/robotdeveloper02/IsaacSim-ros_workspaces-main/humble_ws/install/Jettbot_position:/opt/ros/humble /usr/bin/cmake --build /home/robotdeveloper02/IsaacSim-ros_workspaces-main/humble_ws/build/custom_message -- -j16 -l16
[1.669s] DEBUG:colcon.colcon_core.event_handler.log_command:Invoked command in '/home/robotdeveloper02/IsaacSim-ros_workspaces-main/humble_ws/build/isaacsim' returned '0': CMAKE_PREFIX_PATH=${CMAKE_PREFIX_PATH}:/home/robotdeveloper02/IsaacSim-ros_workspaces-main/humble_ws/install/my_ros2_package:/home/robotdeveloper02/IsaacSim-ros_workspaces-main/humble_ws/install/jetbot_controller:/home/robotdeveloper02/IsaacSim-ros_workspaces-main/humble_ws/install/isaac_ros_navigation_goal:/home/robotdeveloper02/IsaacSim-ros_workspaces-main/humble_ws/install/error_subscriber:/home/robotdeveloper02/IsaacSim-ros_workspaces-main/humble_ws/install/cube_controller:/home/robotdeveloper02/IsaacSim-ros_workspaces-main/humble_ws/install/Jettbot_position:/opt/ros/humble /usr/bin/cmake --build /home/robotdeveloper02/IsaacSim-ros_workspaces-main/humble_ws/build/isaacsim -- -j16 -l16
[1.670s] DEBUG:colcon.colcon_core.event_handler.log_command:Invoked command in '/home/robotdeveloper02/IsaacSim-ros_workspaces-main/humble_ws/build/isaac_tutorials' returned '0': CMAKE_PREFIX_PATH=${CMAKE_PREFIX_PATH}:/home/robotdeveloper02/IsaacSim-ros_workspaces-main/humble_ws/install/my_ros2_package:/home/robotdeveloper02/IsaacSim-ros_workspaces-main/humble_ws/install/jetbot_controller:/home/robotdeveloper02/IsaacSim-ros_workspaces-main/humble_ws/install/isaac_ros_navigation_goal:/home/robotdeveloper02/IsaacSim-ros_workspaces-main/humble_ws/install/error_subscriber:/home/robotdeveloper02/IsaacSim-ros_workspaces-main/humble_ws/install/cube_controller:/home/robotdeveloper02/IsaacSim-ros_workspaces-main/humble_ws/install/Jettbot_position:/opt/ros/humble /usr/bin/cmake --build /home/robotdeveloper02/IsaacSim-ros_workspaces-main/humble_ws/build/isaac_tutorials -- -j16 -l16
[1.672s] DEBUG:colcon.colcon_core.event_handler.log_command:Invoked command in '/home/robotdeveloper02/IsaacSim-ros_workspaces-main/humble_ws/build/isaac_ros2_messages' returned '0': CMAKE_PREFIX_PATH=${CMAKE_PREFIX_PATH}:/home/robotdeveloper02/IsaacSim-ros_workspaces-main/humble_ws/install/my_ros2_package:/home/robotdeveloper02/IsaacSim-ros_workspaces-main/humble_ws/install/jetbot_controller:/home/robotdeveloper02/IsaacSim-ros_workspaces-main/humble_ws/install/isaac_ros_navigation_goal:/home/robotdeveloper02/IsaacSim-ros_workspaces-main/humble_ws/install/error_subscriber:/home/robotdeveloper02/IsaacSim-ros_workspaces-main/humble_ws/install/cube_controller:/home/robotdeveloper02/IsaacSim-ros_workspaces-main/humble_ws/install/Jettbot_position:/opt/ros/humble /usr/bin/cmake --build /home/robotdeveloper02/IsaacSim-ros_workspaces-main/humble_ws/build/isaac_ros2_messages -- -j16 -l16
[1.704s] DEBUG:colcon.colcon_core.event_handler.log_command:Invoking command in '/home/robotdeveloper02/IsaacSim-ros_workspaces-main/humble_ws/build/carter_navigation': CMAKE_PREFIX_PATH=${CMAKE_PREFIX_PATH}:/home/robotdeveloper02/IsaacSim-ros_workspaces-main/humble_ws/install/my_ros2_package:/home/robotdeveloper02/IsaacSim-ros_workspaces-main/humble_ws/install/jetbot_controller:/home/robotdeveloper02/IsaacSim-ros_workspaces-main/humble_ws/install/isaac_ros_navigation_goal:/home/robotdeveloper02/IsaacSim-ros_workspaces-main/humble_ws/install/error_subscriber:/home/robotdeveloper02/IsaacSim-ros_workspaces-main/humble_ws/install/cube_controller:/home/robotdeveloper02/IsaacSim-ros_workspaces-main/humble_ws/install/Jettbot_position:/opt/ros/humble /usr/bin/cmake --install /home/robotdeveloper02/IsaacSim-ros_workspaces-main/humble_ws/build/carter_navigation
[1.709s] DEBUG:colcon.colcon_core.event_handler.log_command:Invoking command in '/home/robotdeveloper02/IsaacSim-ros_workspaces-main/humble_ws/build/isaacsim': CMAKE_PREFIX_PATH=${CMAKE_PREFIX_PATH}:/home/robotdeveloper02/IsaacSim-ros_workspaces-main/humble_ws/install/my_ros2_package:/home/robotdeveloper02/IsaacSim-ros_workspaces-main/humble_ws/install/jetbot_controller:/home/robotdeveloper02/IsaacSim-ros_workspaces-main/humble_ws/install/isaac_ros_navigation_goal:/home/robotdeveloper02/IsaacSim-ros_workspaces-main/humble_ws/install/error_subscriber:/home/robotdeveloper02/IsaacSim-ros_workspaces-main/humble_ws/install/cube_controller:/home/robotdeveloper02/IsaacSim-ros_workspaces-main/humble_ws/install/Jettbot_position:/opt/ros/humble /usr/bin/cmake --install /home/robotdeveloper02/IsaacSim-ros_workspaces-main/humble_ws/build/isaacsim
[1.714s] Level 1:colcon.colcon_core.environment:create_environment_scripts_only(carter_navigation)
[1.723s] Level 1:colcon.colcon_core.environment:checking '/home/robotdeveloper02/IsaacSim-ros_workspaces-main/humble_ws/install/carter_navigation' for CMake module files
[1.724s] DEBUG:colcon.colcon_core.event_handler.log_command:Invoking command in '/home/robotdeveloper02/IsaacSim-ros_workspaces-main/humble_ws/build/isaac_tutorials': CMAKE_PREFIX_PATH=${CMAKE_PREFIX_PATH}:/home/robotdeveloper02/IsaacSim-ros_workspaces-main/humble_ws/install/my_ros2_package:/home/robotdeveloper02/IsaacSim-ros_workspaces-main/humble_ws/install/jetbot_controller:/home/robotdeveloper02/IsaacSim-ros_workspaces-main/humble_ws/install/isaac_ros_navigation_goal:/home/robotdeveloper02/IsaacSim-ros_workspaces-main/humble_ws/install/error_subscriber:/home/robotdeveloper02/IsaacSim-ros_workspaces-main/humble_ws/install/cube_controller:/home/robotdeveloper02/IsaacSim-ros_workspaces-main/humble_ws/install/Jettbot_position:/opt/ros/humble /usr/bin/cmake --install /home/robotdeveloper02/IsaacSim-ros_workspaces-main/humble_ws/build/isaac_tutorials
[1.725s] Level 1:colcon.colcon_core.environment:checking '/home/robotdeveloper02/IsaacSim-ros_workspaces-main/humble_ws/install/carter_navigation' for CMake config files
[1.725s] DEBUG:colcon.colcon_core.event_handler.log_command:Invoked command in '/home/robotdeveloper02/IsaacSim-ros_workspaces-main/humble_ws/build/carter_navigation' returned '0': CMAKE_PREFIX_PATH=${CMAKE_PREFIX_PATH}:/home/robotdeveloper02/IsaacSim-ros_workspaces-main/humble_ws/install/my_ros2_package:/home/robotdeveloper02/IsaacSim-ros_workspaces-main/humble_ws/install/jetbot_controller:/home/robotdeveloper02/IsaacSim-ros_workspaces-main/humble_ws/install/isaac_ros_navigation_goal:/home/robotdeveloper02/IsaacSim-ros_workspaces-main/humble_ws/install/error_subscriber:/home/robotdeveloper02/IsaacSim-ros_workspaces-main/humble_ws/install/cube_controller:/home/robotdeveloper02/IsaacSim-ros_workspaces-main/humble_ws/install/Jettbot_position:/opt/ros/humble /usr/bin/cmake --install /home/robotdeveloper02/IsaacSim-ros_workspaces-main/humble_ws/build/carter_navigation
[1.727s] Level 1:colcon.colcon_core.shell:create_environment_hook('carter_navigation', 'cmake_prefix_path')
[1.727s] INFO:colcon.colcon_core.shell:Creating environment hook '/home/robotdeveloper02/IsaacSim-ros_workspaces-main/humble_ws/install/carter_navigation/share/carter_navigation/hook/cmake_prefix_path.ps1'
[1.728s] INFO:colcon.colcon_core.shell:Creating environment descriptor '/home/robotdeveloper02/IsaacSim-ros_workspaces-main/humble_ws/install/carter_navigation/share/carter_navigation/hook/cmake_prefix_path.dsv'
[1.730s] INFO:colcon.colcon_core.shell:Creating environment hook '/home/robotdeveloper02/IsaacSim-ros_workspaces-main/humble_ws/install/carter_navigation/share/carter_navigation/hook/cmake_prefix_path.sh'
[1.733s] Level 1:colcon.colcon_core.environment:checking '/home/robotdeveloper02/IsaacSim-ros_workspaces-main/humble_ws/install/carter_navigation/bin'
[1.733s] Level 1:colcon.colcon_core.environment:checking '/home/robotdeveloper02/IsaacSim-ros_workspaces-main/humble_ws/install/carter_navigation/lib/pkgconfig/carter_navigation.pc'
[1.733s] Level 1:colcon.colcon_core.environment:checking '/home/robotdeveloper02/IsaacSim-ros_workspaces-main/humble_ws/install/carter_navigation/lib/python3.10/site-packages'
[1.734s] Level 1:colcon.colcon_core.environment:checking '/home/robotdeveloper02/IsaacSim-ros_workspaces-main/humble_ws/install/carter_navigation/bin'
[1.734s] INFO:colcon.colcon_core.shell:Creating package script '/home/robotdeveloper02/IsaacSim-ros_workspaces-main/humble_ws/install/carter_navigation/share/carter_navigation/package.ps1'
[1.736s] INFO:colcon.colcon_core.shell:Creating package descriptor '/home/robotdeveloper02/IsaacSim-ros_workspaces-main/humble_ws/install/carter_navigation/share/carter_navigation/package.dsv'
[1.736s] INFO:colcon.colcon_core.shell:Creating package script '/home/robotdeveloper02/IsaacSim-ros_workspaces-main/humble_ws/install/carter_navigation/share/carter_navigation/package.sh'
[1.737s] INFO:colcon.colcon_core.shell:Creating package script '/home/robotdeveloper02/IsaacSim-ros_workspaces-main/humble_ws/install/carter_navigation/share/carter_navigation/package.bash'
[1.738s] INFO:colcon.colcon_core.shell:Creating package script '/home/robotdeveloper02/IsaacSim-ros_workspaces-main/humble_ws/install/carter_navigation/share/carter_navigation/package.zsh'
[1.739s] Level 1:colcon.colcon_core.environment:create_file_with_runtime_dependencies(/home/robotdeveloper02/IsaacSim-ros_workspaces-main/humble_ws/install/carter_navigation/share/colcon-core/packages/carter_navigation)
[1.740s] Level 1:colcon.colcon_core.environment:create_environment_scripts_only(isaacsim)
[1.741s] Level 1:colcon.colcon_core.environment:checking '/home/robotdeveloper02/IsaacSim-ros_workspaces-main/humble_ws/install/isaacsim' for CMake module files
[1.743s] DEBUG:colcon.colcon_core.event_handler.log_command:Invoked command in '/home/robotdeveloper02/IsaacSim-ros_workspaces-main/humble_ws/build/isaacsim' returned '0': CMAKE_PREFIX_PATH=${CMAKE_PREFIX_PATH}:/home/robotdeveloper02/IsaacSim-ros_workspaces-main/humble_ws/install/my_ros2_package:/home/robotdeveloper02/IsaacSim-ros_workspaces-main/humble_ws/install/jetbot_controller:/home/robotdeveloper02/IsaacSim-ros_workspaces-main/humble_ws/install/isaac_ros_navigation_goal:/home/robotdeveloper02/IsaacSim-ros_workspaces-main/humble_ws/install/error_subscriber:/home/robotdeveloper02/IsaacSim-ros_workspaces-main/humble_ws/install/cube_controller:/home/robotdeveloper02/IsaacSim-ros_workspaces-main/humble_ws/install/Jettbot_position:/opt/ros/humble /usr/bin/cmake --install /home/robotdeveloper02/IsaacSim-ros_workspaces-main/humble_ws/build/isaacsim
[1.743s] Level 1:colcon.colcon_core.environment:checking '/home/robotdeveloper02/IsaacSim-ros_workspaces-main/humble_ws/install/isaacsim' for CMake config files
[1.744s] Level 1:colcon.colcon_core.shell:create_environment_hook('isaacsim', 'cmake_prefix_path')
[1.744s] INFO:colcon.colcon_core.shell:Creating environment hook '/home/robotdeveloper02/IsaacSim-ros_workspaces-main/humble_ws/install/isaacsim/share/isaacsim/hook/cmake_prefix_path.ps1'
[1.745s] INFO:colcon.colcon_core.shell:Creating environment descriptor '/home/robotdeveloper02/IsaacSim-ros_workspaces-main/humble_ws/install/isaacsim/share/isaacsim/hook/cmake_prefix_path.dsv'
[1.745s] INFO:colcon.colcon_core.shell:Creating environment hook '/home/robotdeveloper02/IsaacSim-ros_workspaces-main/humble_ws/install/isaacsim/share/isaacsim/hook/cmake_prefix_path.sh'
[1.746s] Level 1:colcon.colcon_core.environment:checking '/home/robotdeveloper02/IsaacSim-ros_workspaces-main/humble_ws/install/isaacsim/lib'
[1.746s] Level 1:colcon.colcon_core.environment:checking '/home/robotdeveloper02/IsaacSim-ros_workspaces-main/humble_ws/install/isaacsim/bin'
[1.746s] Level 1:colcon.colcon_core.environment:checking '/home/robotdeveloper02/IsaacSim-ros_workspaces-main/humble_ws/install/isaacsim/lib/pkgconfig/isaacsim.pc'
[1.746s] Level 1:colcon.colcon_core.environment:checking '/home/robotdeveloper02/IsaacSim-ros_workspaces-main/humble_ws/install/isaacsim/lib/python3.10/site-packages'
[1.747s] Level 1:colcon.colcon_core.environment:checking '/home/robotdeveloper02/IsaacSim-ros_workspaces-main/humble_ws/install/isaacsim/bin'
[1.747s] INFO:colcon.colcon_core.shell:Creating package script '/home/robotdeveloper02/IsaacSim-ros_workspaces-main/humble_ws/install/isaacsim/share/isaacsim/package.ps1'
[1.748s] INFO:colcon.colcon_core.shell:Creating package descriptor '/home/robotdeveloper02/IsaacSim-ros_workspaces-main/humble_ws/install/isaacsim/share/isaacsim/package.dsv'
[1.748s] INFO:colcon.colcon_core.shell:Creating package script '/home/robotdeveloper02/IsaacSim-ros_workspaces-main/humble_ws/install/isaacsim/share/isaacsim/package.sh'
[1.749s] INFO:colcon.colcon_core.shell:Creating package script '/home/robotdeveloper02/IsaacSim-ros_workspaces-main/humble_ws/install/isaacsim/share/isaacsim/package.bash'
[1.749s] INFO:colcon.colcon_core.shell:Creating package script '/home/robotdeveloper02/IsaacSim-ros_workspaces-main/humble_ws/install/isaacsim/share/isaacsim/package.zsh'
[1.750s] Level 1:colcon.colcon_core.environment:create_file_with_runtime_dependencies(/home/robotdeveloper02/IsaacSim-ros_workspaces-main/humble_ws/install/isaacsim/share/colcon-core/packages/isaacsim)
[1.752s] Level 1:colcon.colcon_core.environment:create_environment_scripts_only(isaac_tutorials)
[1.753s] Level 1:colcon.colcon_core.environment:checking '/home/robotdeveloper02/IsaacSim-ros_workspaces-main/humble_ws/install/isaac_tutorials' for CMake module files
[1.753s] DEBUG:colcon.colcon_core.event_handler.log_command:Invoked command in '/home/robotdeveloper02/IsaacSim-ros_workspaces-main/humble_ws/build/isaac_tutorials' returned '0': CMAKE_PREFIX_PATH=${CMAKE_PREFIX_PATH}:/home/robotdeveloper02/IsaacSim-ros_workspaces-main/humble_ws/install/my_ros2_package:/home/robotdeveloper02/IsaacSim-ros_workspaces-main/humble_ws/install/jetbot_controller:/home/robotdeveloper02/IsaacSim-ros_workspaces-main/humble_ws/install/isaac_ros_navigation_goal:/home/robotdeveloper02/IsaacSim-ros_workspaces-main/humble_ws/install/error_subscriber:/home/robotdeveloper02/IsaacSim-ros_workspaces-main/humble_ws/install/cube_controller:/home/robotdeveloper02/IsaacSim-ros_workspaces-main/humble_ws/install/Jettbot_position:/opt/ros/humble /usr/bin/cmake --install /home/robotdeveloper02/IsaacSim-ros_workspaces-main/humble_ws/build/isaac_tutorials
[1.754s] Level 1:colcon.colcon_core.environment:checking '/home/robotdeveloper02/IsaacSim-ros_workspaces-main/humble_ws/install/isaac_tutorials' for CMake config files
[1.754s] Level 1:colcon.colcon_core.shell:create_environment_hook('isaac_tutorials', 'cmake_prefix_path')
[1.755s] INFO:colcon.colcon_core.shell:Creating environment hook '/home/robotdeveloper02/IsaacSim-ros_workspaces-main/humble_ws/install/isaac_tutorials/share/isaac_tutorials/hook/cmake_prefix_path.ps1'
[1.755s] INFO:colcon.colcon_core.shell:Creating environment descriptor '/home/robotdeveloper02/IsaacSim-ros_workspaces-main/humble_ws/install/isaac_tutorials/share/isaac_tutorials/hook/cmake_prefix_path.dsv'
[1.756s] INFO:colcon.colcon_core.shell:Creating environment hook '/home/robotdeveloper02/IsaacSim-ros_workspaces-main/humble_ws/install/isaac_tutorials/share/isaac_tutorials/hook/cmake_prefix_path.sh'
[1.756s] Level 1:colcon.colcon_core.environment:checking '/home/robotdeveloper02/IsaacSim-ros_workspaces-main/humble_ws/install/isaac_tutorials/lib'
[1.757s] Level 1:colcon.colcon_core.environment:checking '/home/robotdeveloper02/IsaacSim-ros_workspaces-main/humble_ws/install/isaac_tutorials/bin'
[1.757s] Level 1:colcon.colcon_core.environment:checking '/home/robotdeveloper02/IsaacSim-ros_workspaces-main/humble_ws/install/isaac_tutorials/lib/pkgconfig/isaac_tutorials.pc'
[1.757s] Level 1:colcon.colcon_core.environment:checking '/home/robotdeveloper02/IsaacSim-ros_workspaces-main/humble_ws/install/isaac_tutorials/lib/python3.10/site-packages'
[1.757s] Level 1:colcon.colcon_core.environment:checking '/home/robotdeveloper02/IsaacSim-ros_workspaces-main/humble_ws/install/isaac_tutorials/bin'
[1.758s] INFO:colcon.colcon_core.shell:Creating package script '/home/robotdeveloper02/IsaacSim-ros_workspaces-main/humble_ws/install/isaac_tutorials/share/isaac_tutorials/package.ps1'
[1.759s] INFO:colcon.colcon_core.shell:Creating package descriptor '/home/robotdeveloper02/IsaacSim-ros_workspaces-main/humble_ws/install/isaac_tutorials/share/isaac_tutorials/package.dsv'
[1.759s] INFO:colcon.colcon_core.shell:Creating package script '/home/robotdeveloper02/IsaacSim-ros_workspaces-main/humble_ws/install/isaac_tutorials/share/isaac_tutorials/package.sh'
[1.760s] INFO:colcon.colcon_core.shell:Creating package script '/home/robotdeveloper02/IsaacSim-ros_workspaces-main/humble_ws/install/isaac_tutorials/share/isaac_tutorials/package.bash'
[1.760s] INFO:colcon.colcon_core.shell:Creating package script '/home/robotdeveloper02/IsaacSim-ros_workspaces-main/humble_ws/install/isaac_tutorials/share/isaac_tutorials/package.zsh'
[1.761s] Level 1:colcon.colcon_core.environment:create_file_with_runtime_dependencies(/home/robotdeveloper02/IsaacSim-ros_workspaces-main/humble_ws/install/isaac_tutorials/share/colcon-core/packages/isaac_tutorials)
[1.767s] Level 1:colcon.colcon_core.environment:create_environment_scripts_only(carter_navigation)
[1.768s] Level 1:colcon.colcon_core.environment:checking '/home/robotdeveloper02/IsaacSim-ros_workspaces-main/humble_ws/install/carter_navigation' for CMake module files
[1.769s] Level 1:colcon.colcon_core.environment:checking '/home/robotdeveloper02/IsaacSim-ros_workspaces-main/humble_ws/install/carter_navigation' for CMake config files
[1.769s] Level 1:colcon.colcon_core.shell:create_environment_hook('carter_navigation', 'cmake_prefix_path')
[1.769s] INFO:colcon.colcon_core.shell:Creating environment hook '/home/robotdeveloper02/IsaacSim-ros_workspaces-main/humble_ws/install/carter_navigation/share/carter_navigation/hook/cmake_prefix_path.ps1'
[1.770s] INFO:colcon.colcon_core.shell:Creating environment descriptor '/home/robotdeveloper02/IsaacSim-ros_workspaces-main/humble_ws/install/carter_navigation/share/carter_navigation/hook/cmake_prefix_path.dsv'
[1.771s] INFO:colcon.colcon_core.shell:Creating environment hook '/home/robotdeveloper02/IsaacSim-ros_workspaces-main/humble_ws/install/carter_navigation/share/carter_navigation/hook/cmake_prefix_path.sh'
[1.772s] Level 1:colcon.colcon_core.environment:checking '/home/robotdeveloper02/IsaacSim-ros_workspaces-main/humble_ws/install/carter_navigation/bin'
[1.772s] Level 1:colcon.colcon_core.environment:checking '/home/robotdeveloper02/IsaacSim-ros_workspaces-main/humble_ws/install/carter_navigation/lib/pkgconfig/carter_navigation.pc'
[1.773s] Level 1:colcon.colcon_core.environment:checking '/home/robotdeveloper02/IsaacSim-ros_workspaces-main/humble_ws/install/carter_navigation/lib/python3.10/site-packages'
[1.773s] Level 1:colcon.colcon_core.environment:checking '/home/robotdeveloper02/IsaacSim-ros_workspaces-main/humble_ws/install/carter_navigation/bin'
[1.773s] INFO:colcon.colcon_core.shell:Creating package script '/home/robotdeveloper02/IsaacSim-ros_workspaces-main/humble_ws/install/carter_navigation/share/carter_navigation/package.ps1'
[1.774s] INFO:colcon.colcon_core.shell:Creating package descriptor '/home/robotdeveloper02/IsaacSim-ros_workspaces-main/humble_ws/install/carter_navigation/share/carter_navigation/package.dsv'
[1.775s] INFO:colcon.colcon_core.shell:Creating package script '/home/robotdeveloper02/IsaacSim-ros_workspaces-main/humble_ws/install/carter_navigation/share/carter_navigation/package.sh'
[1.775s] INFO:colcon.colcon_core.shell:Creating package script '/home/robotdeveloper02/IsaacSim-ros_workspaces-main/humble_ws/install/carter_navigation/share/carter_navigation/package.bash'
[1.776s] INFO:colcon.colcon_core.shell:Creating package script '/home/robotdeveloper02/IsaacSim-ros_workspaces-main/humble_ws/install/carter_navigation/share/carter_navigation/package.zsh'
[1.776s] Level 1:colcon.colcon_core.environment:create_file_with_runtime_dependencies(/home/robotdeveloper02/IsaacSim-ros_workspaces-main/humble_ws/install/carter_navigation/share/colcon-core/packages/carter_navigation)
[1.785s] Level 1:colcon.colcon_core.environment:create_environment_scripts_only(isaacsim)
[1.785s] Level 1:colcon.colcon_core.environment:checking '/home/robotdeveloper02/IsaacSim-ros_workspaces-main/humble_ws/install/isaacsim' for CMake module files
[1.786s] Level 1:colcon.colcon_core.environment:checking '/home/robotdeveloper02/IsaacSim-ros_workspaces-main/humble_ws/install/isaacsim' for CMake config files
[1.786s] Level 1:colcon.colcon_core.shell:create_environment_hook('isaacsim', 'cmake_prefix_path')
[1.787s] INFO:colcon.colcon_core.shell:Creating environment hook '/home/robotdeveloper02/IsaacSim-ros_workspaces-main/humble_ws/install/isaacsim/share/isaacsim/hook/cmake_prefix_path.ps1'
[1.787s] INFO:colcon.colcon_core.shell:Creating environment descriptor '/home/robotdeveloper02/IsaacSim-ros_workspaces-main/humble_ws/install/isaacsim/share/isaacsim/hook/cmake_prefix_path.dsv'
[1.788s] INFO:colcon.colcon_core.shell:Creating environment hook '/home/robotdeveloper02/IsaacSim-ros_workspaces-main/humble_ws/install/isaacsim/share/isaacsim/hook/cmake_prefix_path.sh'
[1.788s] Level 1:colcon.colcon_core.environment:checking '/home/robotdeveloper02/IsaacSim-ros_workspaces-main/humble_ws/install/isaacsim/lib'
[1.789s] Level 1:colcon.colcon_core.environment:checking '/home/robotdeveloper02/IsaacSim-ros_workspaces-main/humble_ws/install/isaacsim/bin'
[1.789s] Level 1:colcon.colcon_core.environment:checking '/home/robotdeveloper02/IsaacSim-ros_workspaces-main/humble_ws/install/isaacsim/lib/pkgconfig/isaacsim.pc'
[1.789s] Level 1:colcon.colcon_core.environment:checking '/home/robotdeveloper02/IsaacSim-ros_workspaces-main/humble_ws/install/isaacsim/lib/python3.10/site-packages'
[1.789s] Level 1:colcon.colcon_core.environment:checking '/home/robotdeveloper02/IsaacSim-ros_workspaces-main/humble_ws/install/isaacsim/bin'
[1.790s] INFO:colcon.colcon_core.shell:Creating package script '/home/robotdeveloper02/IsaacSim-ros_workspaces-main/humble_ws/install/isaacsim/share/isaacsim/package.ps1'
[1.791s] INFO:colcon.colcon_core.shell:Creating package descriptor '/home/robotdeveloper02/IsaacSim-ros_workspaces-main/humble_ws/install/isaacsim/share/isaacsim/package.dsv'
[1.791s] INFO:colcon.colcon_core.shell:Creating package script '/home/robotdeveloper02/IsaacSim-ros_workspaces-main/humble_ws/install/isaacsim/share/isaacsim/package.sh'
[1.792s] INFO:colcon.colcon_core.shell:Creating package script '/home/robotdeveloper02/IsaacSim-ros_workspaces-main/humble_ws/install/isaacsim/share/isaacsim/package.bash'
[1.792s] INFO:colcon.colcon_core.shell:Creating package script '/home/robotdeveloper02/IsaacSim-ros_workspaces-main/humble_ws/install/isaacsim/share/isaacsim/package.zsh'
[1.793s] Level 1:colcon.colcon_core.environment:create_file_with_runtime_dependencies(/home/robotdeveloper02/IsaacSim-ros_workspaces-main/humble_ws/install/isaacsim/share/colcon-core/packages/isaacsim)
[1.795s] Level 1:colcon.colcon_core.environment:create_environment_scripts_only(isaac_tutorials)
[1.795s] Level 1:colcon.colcon_core.environment:checking '/home/robotdeveloper02/IsaacSim-ros_workspaces-main/humble_ws/install/isaac_tutorials' for CMake module files
[1.796s] Level 1:colcon.colcon_core.environment:checking '/home/robotdeveloper02/IsaacSim-ros_workspaces-main/humble_ws/install/isaac_tutorials' for CMake config files
[1.796s] Level 1:colcon.colcon_core.shell:create_environment_hook('isaac_tutorials', 'cmake_prefix_path')
[1.796s] INFO:colcon.colcon_core.shell:Creating environment hook '/home/robotdeveloper02/IsaacSim-ros_workspaces-main/humble_ws/install/isaac_tutorials/share/isaac_tutorials/hook/cmake_prefix_path.ps1'
[1.797s] INFO:colcon.colcon_core.shell:Creating environment descriptor '/home/robotdeveloper02/IsaacSim-ros_workspaces-main/humble_ws/install/isaac_tutorials/share/isaac_tutorials/hook/cmake_prefix_path.dsv'
[1.797s] INFO:colcon.colcon_core.shell:Creating environment hook '/home/robotdeveloper02/IsaacSim-ros_workspaces-main/humble_ws/install/isaac_tutorials/share/isaac_tutorials/hook/cmake_prefix_path.sh'
[1.798s] Level 1:colcon.colcon_core.environment:checking '/home/robotdeveloper02/IsaacSim-ros_workspaces-main/humble_ws/install/isaac_tutorials/lib'
[1.798s] Level 1:colcon.colcon_core.environment:checking '/home/robotdeveloper02/IsaacSim-ros_workspaces-main/humble_ws/install/isaac_tutorials/bin'
[1.798s] Level 1:colcon.colcon_core.environment:checking '/home/robotdeveloper02/IsaacSim-ros_workspaces-main/humble_ws/install/isaac_tutorials/lib/pkgconfig/isaac_tutorials.pc'
[1.798s] Level 1:colcon.colcon_core.environment:checking '/home/robotdeveloper02/IsaacSim-ros_workspaces-main/humble_ws/install/isaac_tutorials/lib/python3.10/site-packages'
[1.799s] Level 1:colcon.colcon_core.environment:checking '/home/robotdeveloper02/IsaacSim-ros_workspaces-main/humble_ws/install/isaac_tutorials/bin'
[1.799s] INFO:colcon.colcon_core.shell:Creating package script '/home/robotdeveloper02/IsaacSim-ros_workspaces-main/humble_ws/install/isaac_tutorials/share/isaac_tutorials/package.ps1'
[1.800s] INFO:colcon.colcon_core.shell:Creating package descriptor '/home/robotdeveloper02/IsaacSim-ros_workspaces-main/humble_ws/install/isaac_tutorials/share/isaac_tutorials/package.dsv'
[1.800s] INFO:colcon.colcon_core.shell:Creating package script '/home/robotdeveloper02/IsaacSim-ros_workspaces-main/humble_ws/install/isaac_tutorials/share/isaac_tutorials/package.sh'
[1.801s] INFO:colcon.colcon_core.shell:Creating package script '/home/robotdeveloper02/IsaacSim-ros_workspaces-main/humble_ws/install/isaac_tutorials/share/isaac_tutorials/package.bash'
[1.802s] INFO:colcon.colcon_core.shell:Creating package script '/home/robotdeveloper02/IsaacSim-ros_workspaces-main/humble_ws/install/isaac_tutorials/share/isaac_tutorials/package.zsh'
[1.802s] Level 1:colcon.colcon_core.environment:create_file_with_runtime_dependencies(/home/robotdeveloper02/IsaacSim-ros_workspaces-main/humble_ws/install/isaac_tutorials/share/colcon-core/packages/isaac_tutorials)
[1.832s] DEBUG:colcon.colcon_core.event_handler.log_command:Invoking command in '/home/robotdeveloper02/IsaacSim-ros_workspaces-main/humble_ws/build/custom_message': CMAKE_PREFIX_PATH=${CMAKE_PREFIX_PATH}:/home/robotdeveloper02/IsaacSim-ros_workspaces-main/humble_ws/install/my_ros2_package:/home/robotdeveloper02/IsaacSim-ros_workspaces-main/humble_ws/install/jetbot_controller:/home/robotdeveloper02/IsaacSim-ros_workspaces-main/humble_ws/install/isaac_ros_navigation_goal:/home/robotdeveloper02/IsaacSim-ros_workspaces-main/humble_ws/install/error_subscriber:/home/robotdeveloper02/IsaacSim-ros_workspaces-main/humble_ws/install/cube_controller:/home/robotdeveloper02/IsaacSim-ros_workspaces-main/humble_ws/install/Jettbot_position:/opt/ros/humble /usr/bin/cmake --install /home/robotdeveloper02/IsaacSim-ros_workspaces-main/humble_ws/build/custom_message
[1.843s] DEBUG:colcon.colcon_core.event_handler.log_command:Invoking command in '/home/robotdeveloper02/IsaacSim-ros_workspaces-main/humble_ws/build/isaac_ros2_messages': CMAKE_PREFIX_PATH=${CMAKE_PREFIX_PATH}:/home/robotdeveloper02/IsaacSim-ros_workspaces-main/humble_ws/install/my_ros2_package:/home/robotdeveloper02/IsaacSim-ros_workspaces-main/humble_ws/install/jetbot_controller:/home/robotdeveloper02/IsaacSim-ros_workspaces-main/humble_ws/install/isaac_ros_navigation_goal:/home/robotdeveloper02/IsaacSim-ros_workspaces-main/humble_ws/install/error_subscriber:/home/robotdeveloper02/IsaacSim-ros_workspaces-main/humble_ws/install/cube_controller:/home/robotdeveloper02/IsaacSim-ros_workspaces-main/humble_ws/install/Jettbot_position:/opt/ros/humble /usr/bin/cmake --install /home/robotdeveloper02/IsaacSim-ros_workspaces-main/humble_ws/build/isaac_ros2_messages
[1.913s] Level 1:colcon.colcon_core.environment:create_environment_scripts_only(custom_message)
[1.913s] Level 1:colcon.colcon_core.environment:checking '/home/robotdeveloper02/IsaacSim-ros_workspaces-main/humble_ws/install/custom_message' for CMake module files
[1.914s] DEBUG:colcon.colcon_core.event_handler.log_command:Invoked command in '/home/robotdeveloper02/IsaacSim-ros_workspaces-main/humble_ws/build/custom_message' returned '0': CMAKE_PREFIX_PATH=${CMAKE_PREFIX_PATH}:/home/robotdeveloper02/IsaacSim-ros_workspaces-main/humble_ws/install/my_ros2_package:/home/robotdeveloper02/IsaacSim-ros_workspaces-main/humble_ws/install/jetbot_controller:/home/robotdeveloper02/IsaacSim-ros_workspaces-main/humble_ws/install/isaac_ros_navigation_goal:/home/robotdeveloper02/IsaacSim-ros_workspaces-main/humble_ws/install/error_subscriber:/home/robotdeveloper02/IsaacSim-ros_workspaces-main/humble_ws/install/cube_controller:/home/robotdeveloper02/IsaacSim-ros_workspaces-main/humble_ws/install/Jettbot_position:/opt/ros/humble /usr/bin/cmake --install /home/robotdeveloper02/IsaacSim-ros_workspaces-main/humble_ws/build/custom_message
[1.915s] Level 1:colcon.colcon_core.environment:checking '/home/robotdeveloper02/IsaacSim-ros_workspaces-main/humble_ws/install/custom_message' for CMake config files
[1.916s] Level 1:colcon.colcon_core.shell:create_environment_hook('custom_message', 'cmake_prefix_path')
[1.917s] INFO:colcon.colcon_core.shell:Creating environment hook '/home/robotdeveloper02/IsaacSim-ros_workspaces-main/humble_ws/install/custom_message/share/custom_message/hook/cmake_prefix_path.ps1'
[1.917s] INFO:colcon.colcon_core.shell:Creating environment descriptor '/home/robotdeveloper02/IsaacSim-ros_workspaces-main/humble_ws/install/custom_message/share/custom_message/hook/cmake_prefix_path.dsv'
[1.918s] INFO:colcon.colcon_core.shell:Creating environment hook '/home/robotdeveloper02/IsaacSim-ros_workspaces-main/humble_ws/install/custom_message/share/custom_message/hook/cmake_prefix_path.sh'
[1.919s] Level 1:colcon.colcon_core.environment:checking '/home/robotdeveloper02/IsaacSim-ros_workspaces-main/humble_ws/install/custom_message/lib'
[1.919s] Level 1:colcon.colcon_core.shell:create_environment_hook('custom_message', 'ld_library_path_lib')
[1.919s] INFO:colcon.colcon_core.shell:Creating environment hook '/home/robotdeveloper02/IsaacSim-ros_workspaces-main/humble_ws/install/custom_message/share/custom_message/hook/ld_library_path_lib.ps1'
[1.920s] INFO:colcon.colcon_core.shell:Creating environment descriptor '/home/robotdeveloper02/IsaacSim-ros_workspaces-main/humble_ws/install/custom_message/share/custom_message/hook/ld_library_path_lib.dsv'
[1.920s] INFO:colcon.colcon_core.shell:Creating environment hook '/home/robotdeveloper02/IsaacSim-ros_workspaces-main/humble_ws/install/custom_message/share/custom_message/hook/ld_library_path_lib.sh'
[1.921s] Level 1:colcon.colcon_core.environment:checking '/home/robotdeveloper02/IsaacSim-ros_workspaces-main/humble_ws/install/custom_message/bin'
[1.921s] Level 1:colcon.colcon_core.environment:checking '/home/robotdeveloper02/IsaacSim-ros_workspaces-main/humble_ws/install/custom_message/lib/pkgconfig/custom_message.pc'
[1.922s] Level 1:colcon.colcon_core.environment:checking '/home/robotdeveloper02/IsaacSim-ros_workspaces-main/humble_ws/install/custom_message/lib/python3.10/site-packages'
[1.922s] Level 1:colcon.colcon_core.environment:checking '/home/robotdeveloper02/IsaacSim-ros_workspaces-main/humble_ws/install/custom_message/bin'
[1.923s] INFO:colcon.colcon_core.shell:Creating package script '/home/robotdeveloper02/IsaacSim-ros_workspaces-main/humble_ws/install/custom_message/share/custom_message/package.ps1'
[1.925s] INFO:colcon.colcon_core.shell:Creating package descriptor '/home/robotdeveloper02/IsaacSim-ros_workspaces-main/humble_ws/install/custom_message/share/custom_message/package.dsv'
[1.927s] INFO:colcon.colcon_core.shell:Creating package script '/home/robotdeveloper02/IsaacSim-ros_workspaces-main/humble_ws/install/custom_message/share/custom_message/package.sh'
[1.929s] INFO:colcon.colcon_core.shell:Creating package script '/home/robotdeveloper02/IsaacSim-ros_workspaces-main/humble_ws/install/custom_message/share/custom_message/package.bash'
[1.930s] INFO:colcon.colcon_core.shell:Creating package script '/home/robotdeveloper02/IsaacSim-ros_workspaces-main/humble_ws/install/custom_message/share/custom_message/package.zsh'
[1.930s] Level 1:colcon.colcon_core.environment:create_file_with_runtime_dependencies(/home/robotdeveloper02/IsaacSim-ros_workspaces-main/humble_ws/install/custom_message/share/colcon-core/packages/custom_message)
[1.936s] Level 1:colcon.colcon_core.environment:create_environment_scripts_only(isaac_ros2_messages)
[1.936s] Level 1:colcon.colcon_core.environment:checking '/home/robotdeveloper02/IsaacSim-ros_workspaces-main/humble_ws/install/isaac_ros2_messages' for CMake module files
[1.938s] DEBUG:colcon.colcon_core.event_handler.log_command:Invoked command in '/home/robotdeveloper02/IsaacSim-ros_workspaces-main/humble_ws/build/isaac_ros2_messages' returned '0': CMAKE_PREFIX_PATH=${CMAKE_PREFIX_PATH}:/home/robotdeveloper02/IsaacSim-ros_workspaces-main/humble_ws/install/my_ros2_package:/home/robotdeveloper02/IsaacSim-ros_workspaces-main/humble_ws/install/jetbot_controller:/home/robotdeveloper02/IsaacSim-ros_workspaces-main/humble_ws/install/isaac_ros_navigation_goal:/home/robotdeveloper02/IsaacSim-ros_workspaces-main/humble_ws/install/error_subscriber:/home/robotdeveloper02/IsaacSim-ros_workspaces-main/humble_ws/install/cube_controller:/home/robotdeveloper02/IsaacSim-ros_workspaces-main/humble_ws/install/Jettbot_position:/opt/ros/humble /usr/bin/cmake --install /home/robotdeveloper02/IsaacSim-ros_workspaces-main/humble_ws/build/isaac_ros2_messages
[1.939s] Level 1:colcon.colcon_core.environment:checking '/home/robotdeveloper02/IsaacSim-ros_workspaces-main/humble_ws/install/isaac_ros2_messages' for CMake config files
[1.940s] Level 1:colcon.colcon_core.shell:create_environment_hook('isaac_ros2_messages', 'cmake_prefix_path')
[1.940s] INFO:colcon.colcon_core.shell:Creating environment hook '/home/robotdeveloper02/IsaacSim-ros_workspaces-main/humble_ws/install/isaac_ros2_messages/share/isaac_ros2_messages/hook/cmake_prefix_path.ps1'
[1.941s] INFO:colcon.colcon_core.shell:Creating environment descriptor '/home/robotdeveloper02/IsaacSim-ros_workspaces-main/humble_ws/install/isaac_ros2_messages/share/isaac_ros2_messages/hook/cmake_prefix_path.dsv'
[1.941s] INFO:colcon.colcon_core.shell:Creating environment hook '/home/robotdeveloper02/IsaacSim-ros_workspaces-main/humble_ws/install/isaac_ros2_messages/share/isaac_ros2_messages/hook/cmake_prefix_path.sh'
[1.942s] Level 1:colcon.colcon_core.environment:checking '/home/robotdeveloper02/IsaacSim-ros_workspaces-main/humble_ws/install/isaac_ros2_messages/lib'
[1.942s] Level 1:colcon.colcon_core.shell:create_environment_hook('isaac_ros2_messages', 'ld_library_path_lib')
[1.942s] INFO:colcon.colcon_core.shell:Creating environment hook '/home/robotdeveloper02/IsaacSim-ros_workspaces-main/humble_ws/install/isaac_ros2_messages/share/isaac_ros2_messages/hook/ld_library_path_lib.ps1'
[1.942s] INFO:colcon.colcon_core.shell:Creating environment descriptor '/home/robotdeveloper02/IsaacSim-ros_workspaces-main/humble_ws/install/isaac_ros2_messages/share/isaac_ros2_messages/hook/ld_library_path_lib.dsv'
[1.943s] INFO:colcon.colcon_core.shell:Creating environment hook '/home/robotdeveloper02/IsaacSim-ros_workspaces-main/humble_ws/install/isaac_ros2_messages/share/isaac_ros2_messages/hook/ld_library_path_lib.sh'
[1.943s] Level 1:colcon.colcon_core.environment:checking '/home/robotdeveloper02/IsaacSim-ros_workspaces-main/humble_ws/install/isaac_ros2_messages/bin'
[1.943s] Level 1:colcon.colcon_core.environment:checking '/home/robotdeveloper02/IsaacSim-ros_workspaces-main/humble_ws/install/isaac_ros2_messages/lib/pkgconfig/isaac_ros2_messages.pc'
[1.943s] Level 1:colcon.colcon_core.environment:checking '/home/robotdeveloper02/IsaacSim-ros_workspaces-main/humble_ws/install/isaac_ros2_messages/lib/python3.10/site-packages'
[1.944s] Level 1:colcon.colcon_core.environment:checking '/home/robotdeveloper02/IsaacSim-ros_workspaces-main/humble_ws/install/isaac_ros2_messages/bin'
[1.944s] INFO:colcon.colcon_core.shell:Creating package script '/home/robotdeveloper02/IsaacSim-ros_workspaces-main/humble_ws/install/isaac_ros2_messages/share/isaac_ros2_messages/package.ps1'
[1.945s] INFO:colcon.colcon_core.shell:Creating package descriptor '/home/robotdeveloper02/IsaacSim-ros_workspaces-main/humble_ws/install/isaac_ros2_messages/share/isaac_ros2_messages/package.dsv'
[1.946s] INFO:colcon.colcon_core.shell:Creating package script '/home/robotdeveloper02/IsaacSim-ros_workspaces-main/humble_ws/install/isaac_ros2_messages/share/isaac_ros2_messages/package.sh'
[1.946s] INFO:colcon.colcon_core.shell:Creating package script '/home/robotdeveloper02/IsaacSim-ros_workspaces-main/humble_ws/install/isaac_ros2_messages/share/isaac_ros2_messages/package.bash'
[1.947s] INFO:colcon.colcon_core.shell:Creating package script '/home/robotdeveloper02/IsaacSim-ros_workspaces-main/humble_ws/install/isaac_ros2_messages/share/isaac_ros2_messages/package.zsh'
[1.947s] Level 1:colcon.colcon_core.environment:create_file_with_runtime_dependencies(/home/robotdeveloper02/IsaacSim-ros_workspaces-main/humble_ws/install/isaac_ros2_messages/share/colcon-core/packages/isaac_ros2_messages)
[2.084s] Level 1:colcon.colcon_core.environment:create_environment_scripts_only(custom_message)
[2.085s] Level 1:colcon.colcon_core.environment:checking '/home/robotdeveloper02/IsaacSim-ros_workspaces-main/humble_ws/install/custom_message' for CMake module files
[2.085s] Level 1:colcon.colcon_core.environment:checking '/home/robotdeveloper02/IsaacSim-ros_workspaces-main/humble_ws/install/custom_message' for CMake config files
[2.086s] Level 1:colcon.colcon_core.shell:create_environment_hook('custom_message', 'cmake_prefix_path')
[2.086s] INFO:colcon.colcon_core.shell:Creating environment hook '/home/robotdeveloper02/IsaacSim-ros_workspaces-main/humble_ws/install/custom_message/share/custom_message/hook/cmake_prefix_path.ps1'
[2.087s] INFO:colcon.colcon_core.shell:Creating environment descriptor '/home/robotdeveloper02/IsaacSim-ros_workspaces-main/humble_ws/install/custom_message/share/custom_message/hook/cmake_prefix_path.dsv'
[2.087s] INFO:colcon.colcon_core.shell:Creating environment hook '/home/robotdeveloper02/IsaacSim-ros_workspaces-main/humble_ws/install/custom_message/share/custom_message/hook/cmake_prefix_path.sh'
[2.088s] Level 1:colcon.colcon_core.environment:checking '/home/robotdeveloper02/IsaacSim-ros_workspaces-main/humble_ws/install/custom_message/lib'
[2.088s] Level 1:colcon.colcon_core.shell:create_environment_hook('custom_message', 'ld_library_path_lib')
[2.089s] INFO:colcon.colcon_core.shell:Creating environment hook '/home/robotdeveloper02/IsaacSim-ros_workspaces-main/humble_ws/install/custom_message/share/custom_message/hook/ld_library_path_lib.ps1'
[2.089s] INFO:colcon.colcon_core.shell:Creating environment descriptor '/home/robotdeveloper02/IsaacSim-ros_workspaces-main/humble_ws/install/custom_message/share/custom_message/hook/ld_library_path_lib.dsv'
[2.089s] INFO:colcon.colcon_core.shell:Creating environment hook '/home/robotdeveloper02/IsaacSim-ros_workspaces-main/humble_ws/install/custom_message/share/custom_message/hook/ld_library_path_lib.sh'
[2.090s] Level 1:colcon.colcon_core.environment:checking '/home/robotdeveloper02/IsaacSim-ros_workspaces-main/humble_ws/install/custom_message/bin'
[2.090s] Level 1:colcon.colcon_core.environment:checking '/home/robotdeveloper02/IsaacSim-ros_workspaces-main/humble_ws/install/custom_message/lib/pkgconfig/custom_message.pc'
[2.090s] Level 1:colcon.colcon_core.environment:checking '/home/robotdeveloper02/IsaacSim-ros_workspaces-main/humble_ws/install/custom_message/lib/python3.10/site-packages'
[2.091s] Level 1:colcon.colcon_core.environment:checking '/home/robotdeveloper02/IsaacSim-ros_workspaces-main/humble_ws/install/custom_message/bin'
[2.091s] INFO:colcon.colcon_core.shell:Creating package script '/home/robotdeveloper02/IsaacSim-ros_workspaces-main/humble_ws/install/custom_message/share/custom_message/package.ps1'
[2.092s] INFO:colcon.colcon_core.shell:Creating package descriptor '/home/robotdeveloper02/IsaacSim-ros_workspaces-main/humble_ws/install/custom_message/share/custom_message/package.dsv'
[2.093s] INFO:colcon.colcon_core.shell:Creating package script '/home/robotdeveloper02/IsaacSim-ros_workspaces-main/humble_ws/install/custom_message/share/custom_message/package.sh'
[2.093s] INFO:colcon.colcon_core.shell:Creating package script '/home/robotdeveloper02/IsaacSim-ros_workspaces-main/humble_ws/install/custom_message/share/custom_message/package.bash'
[2.094s] INFO:colcon.colcon_core.shell:Creating package script '/home/robotdeveloper02/IsaacSim-ros_workspaces-main/humble_ws/install/custom_message/share/custom_message/package.zsh'
[2.094s] Level 1:colcon.colcon_core.environment:create_file_with_runtime_dependencies(/home/robotdeveloper02/IsaacSim-ros_workspaces-main/humble_ws/install/custom_message/share/colcon-core/packages/custom_message)
[2.095s] INFO:colcon.colcon_ros.task.ament_cmake.build:Building ROS package in '/home/robotdeveloper02/IsaacSim-ros_workspaces-main/humble_ws/src/IMU_otamesi' with build type 'ament_cmake'
[2.095s] INFO:colcon.colcon_cmake.task.cmake.build:Building CMake package in '/home/robotdeveloper02/IsaacSim-ros_workspaces-main/humble_ws/src/IMU_otamesi'
[2.095s] INFO:colcon.colcon_core.shell:Skip shell extension 'powershell' for command environment: Not usable outside of PowerShell
[2.095s] DEBUG:colcon.colcon_core.shell:Skip shell extension 'dsv' for command environment
[2.109s] INFO:colcon.colcon_ros.task.ament_cmake.build:Building ROS package in '/home/robotdeveloper02/IsaacSim-ros_workspaces-main/humble_ws/src/calc_cpp' with build type 'ament_cmake'
[2.110s] INFO:colcon.colcon_cmake.task.cmake.build:Building CMake package in '/home/robotdeveloper02/IsaacSim-ros_workspaces-main/humble_ws/src/calc_cpp'
[2.110s] INFO:colcon.colcon_core.shell:Skip shell extension 'powershell' for command environment: Not usable outside of PowerShell
[2.110s] DEBUG:colcon.colcon_core.shell:Skip shell extension 'dsv' for command environment
[2.122s] DEBUG:colcon.colcon_core.event_handler.log_command:Invoking command in '/home/robotdeveloper02/IsaacSim-ros_workspaces-main/humble_ws/build/IMU_otamesi': CMAKE_PREFIX_PATH=/home/robotdeveloper02/IsaacSim-ros_workspaces-main/humble_ws/install/custom_message:/home/robotdeveloper02/IsaacSim-ros_workspaces-main/humble_ws/install/my_cpp_pose_subscriber:/home/robotdeveloper02/IsaacSim-ros_workspaces-main/humble_ws/install/isaacsim:/home/robotdeveloper02/IsaacSim-ros_workspaces-main/humble_ws/install/isaac_tutorials:/home/robotdeveloper02/IsaacSim-ros_workspaces-main/humble_ws/install/isaac_ros2_messages:/home/robotdeveloper02/IsaacSim-ros_workspaces-main/humble_ws/install/IMU_otamesi:/home/robotdeveloper02/IsaacSim-ros_workspaces-main/humble_ws/install/carter_navigation:/home/robotdeveloper02/IsaacSim-ros_workspaces-main/humble_ws/install/my_ros2_package:/home/robotdeveloper02/IsaacSim-ros_workspaces-main/humble_ws/install/jetbot_controller:/home/robotdeveloper02/IsaacSim-ros_workspaces-main/humble_ws/install/isaac_ros_navigation_goal:/home/robotdeveloper02/IsaacSim-ros_workspaces-main/humble_ws/install/error_subscriber:/home/robotdeveloper02/IsaacSim-ros_workspaces-main/humble_ws/install/cube_controller:/home/robotdeveloper02/IsaacSim-ros_workspaces-main/humble_ws/install/Jettbot_position:/opt/ros/humble LD_LIBRARY_PATH=/home/robotdeveloper02/IsaacSim-ros_workspaces-main/humble_ws/install/custom_message/lib:/home/robotdeveloper02/IsaacSim-ros_workspaces-main/humble_ws/install/isaac_ros2_messages/lib:/usr/lib/x86_64-linux-gnu/gazebo-11/plugins:/opt/ros/humble/opt/rviz_ogre_vendor/lib:/opt/ros/humble/lib/x86_64-linux-gnu:/opt/ros/humble/lib /usr/bin/cmake --build /home/robotdeveloper02/IsaacSim-ros_workspaces-main/humble_ws/build/IMU_otamesi -- -j16 -l16
[2.124s] Level 1:colcon.colcon_core.environment:create_environment_scripts_only(isaac_ros2_messages)
[2.124s] Level 1:colcon.colcon_core.environment:checking '/home/robotdeveloper02/IsaacSim-ros_workspaces-main/humble_ws/install/isaac_ros2_messages' for CMake module files
[2.125s] Level 1:colcon.colcon_core.environment:checking '/home/robotdeveloper02/IsaacSim-ros_workspaces-main/humble_ws/install/isaac_ros2_messages' for CMake config files
[2.126s] Level 1:colcon.colcon_core.shell:create_environment_hook('isaac_ros2_messages', 'cmake_prefix_path')
[2.126s] INFO:colcon.colcon_core.shell:Creating environment hook '/home/robotdeveloper02/IsaacSim-ros_workspaces-main/humble_ws/install/isaac_ros2_messages/share/isaac_ros2_messages/hook/cmake_prefix_path.ps1'
[2.127s] INFO:colcon.colcon_core.shell:Creating environment descriptor '/home/robotdeveloper02/IsaacSim-ros_workspaces-main/humble_ws/install/isaac_ros2_messages/share/isaac_ros2_messages/hook/cmake_prefix_path.dsv'
[2.127s] INFO:colcon.colcon_core.shell:Creating environment hook '/home/robotdeveloper02/IsaacSim-ros_workspaces-main/humble_ws/install/isaac_ros2_messages/share/isaac_ros2_messages/hook/cmake_prefix_path.sh'
[2.128s] Level 1:colcon.colcon_core.environment:checking '/home/robotdeveloper02/IsaacSim-ros_workspaces-main/humble_ws/install/isaac_ros2_messages/lib'
[2.128s] Level 1:colcon.colcon_core.shell:create_environment_hook('isaac_ros2_messages', 'ld_library_path_lib')
[2.129s] INFO:colcon.colcon_core.shell:Creating environment hook '/home/robotdeveloper02/IsaacSim-ros_workspaces-main/humble_ws/install/isaac_ros2_messages/share/isaac_ros2_messages/hook/ld_library_path_lib.ps1'
[2.130s] INFO:colcon.colcon_core.shell:Creating environment descriptor '/home/robotdeveloper02/IsaacSim-ros_workspaces-main/humble_ws/install/isaac_ros2_messages/share/isaac_ros2_messages/hook/ld_library_path_lib.dsv'
[2.130s] INFO:colcon.colcon_core.shell:Creating environment hook '/home/robotdeveloper02/IsaacSim-ros_workspaces-main/humble_ws/install/isaac_ros2_messages/share/isaac_ros2_messages/hook/ld_library_path_lib.sh'
[2.131s] Level 1:colcon.colcon_core.environment:checking '/home/robotdeveloper02/IsaacSim-ros_workspaces-main/humble_ws/install/isaac_ros2_messages/bin'
[2.131s] Level 1:colcon.colcon_core.environment:checking '/home/robotdeveloper02/IsaacSim-ros_workspaces-main/humble_ws/install/isaac_ros2_messages/lib/pkgconfig/isaac_ros2_messages.pc'
[2.131s] Level 1:colcon.colcon_core.environment:checking '/home/robotdeveloper02/IsaacSim-ros_workspaces-main/humble_ws/install/isaac_ros2_messages/lib/python3.10/site-packages'
[2.132s] Level 1:colcon.colcon_core.environment:checking '/home/robotdeveloper02/IsaacSim-ros_workspaces-main/humble_ws/install/isaac_ros2_messages/bin'
[2.133s] INFO:colcon.colcon_core.shell:Creating package script '/home/robotdeveloper02/IsaacSim-ros_workspaces-main/humble_ws/install/isaac_ros2_messages/share/isaac_ros2_messages/package.ps1'
[2.134s] INFO:colcon.colcon_core.shell:Creating package descriptor '/home/robotdeveloper02/IsaacSim-ros_workspaces-main/humble_ws/install/isaac_ros2_messages/share/isaac_ros2_messages/package.dsv'
[2.134s] INFO:colcon.colcon_core.shell:Creating package script '/home/robotdeveloper02/IsaacSim-ros_workspaces-main/humble_ws/install/isaac_ros2_messages/share/isaac_ros2_messages/package.sh'
[2.135s] INFO:colcon.colcon_core.shell:Creating package script '/home/robotdeveloper02/IsaacSim-ros_workspaces-main/humble_ws/install/isaac_ros2_messages/share/isaac_ros2_messages/package.bash'
[2.136s] INFO:colcon.colcon_core.shell:Creating package script '/home/robotdeveloper02/IsaacSim-ros_workspaces-main/humble_ws/install/isaac_ros2_messages/share/isaac_ros2_messages/package.zsh'
[2.136s] Level 1:colcon.colcon_core.environment:create_file_with_runtime_dependencies(/home/robotdeveloper02/IsaacSim-ros_workspaces-main/humble_ws/install/isaac_ros2_messages/share/colcon-core/packages/isaac_ros2_messages)
[2.142s] DEBUG:colcon.colcon_core.event_handler.log_command:Invoking command in '/home/robotdeveloper02/IsaacSim-ros_workspaces-main/humble_ws/build/my_cpp_pose_subscriber': CMAKE_PREFIX_PATH=/home/robotdeveloper02/IsaacSim-ros_workspaces-main/humble_ws/install/custom_message:/home/robotdeveloper02/IsaacSim-ros_workspaces-main/humble_ws/install/my_cpp_pose_subscriber:/home/robotdeveloper02/IsaacSim-ros_workspaces-main/humble_ws/install/isaacsim:/home/robotdeveloper02/IsaacSim-ros_workspaces-main/humble_ws/install/isaac_tutorials:/home/robotdeveloper02/IsaacSim-ros_workspaces-main/humble_ws/install/isaac_ros2_messages:/home/robotdeveloper02/IsaacSim-ros_workspaces-main/humble_ws/install/IMU_otamesi:/home/robotdeveloper02/IsaacSim-ros_workspaces-main/humble_ws/install/carter_navigation:/home/robotdeveloper02/IsaacSim-ros_workspaces-main/humble_ws/install/my_ros2_package:/home/robotdeveloper02/IsaacSim-ros_workspaces-main/humble_ws/install/jetbot_controller:/home/robotdeveloper02/IsaacSim-ros_workspaces-main/humble_ws/install/isaac_ros_navigation_goal:/home/robotdeveloper02/IsaacSim-ros_workspaces-main/humble_ws/install/error_subscriber:/home/robotdeveloper02/IsaacSim-ros_workspaces-main/humble_ws/install/cube_controller:/home/robotdeveloper02/IsaacSim-ros_workspaces-main/humble_ws/install/Jettbot_position:/opt/ros/humble LD_LIBRARY_PATH=/home/robotdeveloper02/IsaacSim-ros_workspaces-main/humble_ws/install/custom_message/lib:/home/robotdeveloper02/IsaacSim-ros_workspaces-main/humble_ws/install/isaac_ros2_messages/lib:/usr/lib/x86_64-linux-gnu/gazebo-11/plugins:/opt/ros/humble/opt/rviz_ogre_vendor/lib:/opt/ros/humble/lib/x86_64-linux-gnu:/opt/ros/humble/lib /usr/bin/cmake --build /home/robotdeveloper02/IsaacSim-ros_workspaces-main/humble_ws/build/my_cpp_pose_subscriber -- -j16 -l16
[2.191s] DEBUG:colcon.colcon_core.event_handler.log_command:Invoked command in '/home/robotdeveloper02/IsaacSim-ros_workspaces-main/humble_ws/build/IMU_otamesi' returned '0': CMAKE_PREFIX_PATH=/home/robotdeveloper02/IsaacSim-ros_workspaces-main/humble_ws/install/custom_message:/home/robotdeveloper02/IsaacSim-ros_workspaces-main/humble_ws/install/my_cpp_pose_subscriber:/home/robotdeveloper02/IsaacSim-ros_workspaces-main/humble_ws/install/isaacsim:/home/robotdeveloper02/IsaacSim-ros_workspaces-main/humble_ws/install/isaac_tutorials:/home/robotdeveloper02/IsaacSim-ros_workspaces-main/humble_ws/install/isaac_ros2_messages:/home/robotdeveloper02/IsaacSim-ros_workspaces-main/humble_ws/install/IMU_otamesi:/home/robotdeveloper02/IsaacSim-ros_workspaces-main/humble_ws/install/carter_navigation:/home/robotdeveloper02/IsaacSim-ros_workspaces-main/humble_ws/install/my_ros2_package:/home/robotdeveloper02/IsaacSim-ros_workspaces-main/humble_ws/install/jetbot_controller:/home/robotdeveloper02/IsaacSim-ros_workspaces-main/humble_ws/install/isaac_ros_navigation_goal:/home/robotdeveloper02/IsaacSim-ros_workspaces-main/humble_ws/install/error_subscriber:/home/robotdeveloper02/IsaacSim-ros_workspaces-main/humble_ws/install/cube_controller:/home/robotdeveloper02/IsaacSim-ros_workspaces-main/humble_ws/install/Jettbot_position:/opt/ros/humble LD_LIBRARY_PATH=/home/robotdeveloper02/IsaacSim-ros_workspaces-main/humble_ws/install/custom_message/lib:/home/robotdeveloper02/IsaacSim-ros_workspaces-main/humble_ws/install/isaac_ros2_messages/lib:/usr/lib/x86_64-linux-gnu/gazebo-11/plugins:/opt/ros/humble/opt/rviz_ogre_vendor/lib:/opt/ros/humble/lib/x86_64-linux-gnu:/opt/ros/humble/lib /usr/bin/cmake --build /home/robotdeveloper02/IsaacSim-ros_workspaces-main/humble_ws/build/IMU_otamesi -- -j16 -l16
[2.219s] DEBUG:colcon.colcon_core.event_handler.log_command:Invoked command in '/home/robotdeveloper02/IsaacSim-ros_workspaces-main/humble_ws/build/my_cpp_pose_subscriber' returned '0': CMAKE_PREFIX_PATH=/home/robotdeveloper02/IsaacSim-ros_workspaces-main/humble_ws/install/custom_message:/home/robotdeveloper02/IsaacSim-ros_workspaces-main/humble_ws/install/my_cpp_pose_subscriber:/home/robotdeveloper02/IsaacSim-ros_workspaces-main/humble_ws/install/isaacsim:/home/robotdeveloper02/IsaacSim-ros_workspaces-main/humble_ws/install/isaac_tutorials:/home/robotdeveloper02/IsaacSim-ros_workspaces-main/humble_ws/install/isaac_ros2_messages:/home/robotdeveloper02/IsaacSim-ros_workspaces-main/humble_ws/install/IMU_otamesi:/home/robotdeveloper02/IsaacSim-ros_workspaces-main/humble_ws/install/carter_navigation:/home/robotdeveloper02/IsaacSim-ros_workspaces-main/humble_ws/install/my_ros2_package:/home/robotdeveloper02/IsaacSim-ros_workspaces-main/humble_ws/install/jetbot_controller:/home/robotdeveloper02/IsaacSim-ros_workspaces-main/humble_ws/install/isaac_ros_navigation_goal:/home/robotdeveloper02/IsaacSim-ros_workspaces-main/humble_ws/install/error_subscriber:/home/robotdeveloper02/IsaacSim-ros_workspaces-main/humble_ws/install/cube_controller:/home/robotdeveloper02/IsaacSim-ros_workspaces-main/humble_ws/install/Jettbot_position:/opt/ros/humble LD_LIBRARY_PATH=/home/robotdeveloper02/IsaacSim-ros_workspaces-main/humble_ws/install/custom_message/lib:/home/robotdeveloper02/IsaacSim-ros_workspaces-main/humble_ws/install/isaac_ros2_messages/lib:/usr/lib/x86_64-linux-gnu/gazebo-11/plugins:/opt/ros/humble/opt/rviz_ogre_vendor/lib:/opt/ros/humble/lib/x86_64-linux-gnu:/opt/ros/humble/lib /usr/bin/cmake --build /home/robotdeveloper02/IsaacSim-ros_workspaces-main/humble_ws/build/my_cpp_pose_subscriber -- -j16 -l16
[2.225s] DEBUG:colcon.colcon_core.event_handler.log_command:Invoking command in '/home/robotdeveloper02/IsaacSim-ros_workspaces-main/humble_ws/build/IMU_otamesi': CMAKE_PREFIX_PATH=/home/robotdeveloper02/IsaacSim-ros_workspaces-main/humble_ws/install/custom_message:/home/robotdeveloper02/IsaacSim-ros_workspaces-main/humble_ws/install/my_cpp_pose_subscriber:/home/robotdeveloper02/IsaacSim-ros_workspaces-main/humble_ws/install/isaacsim:/home/robotdeveloper02/IsaacSim-ros_workspaces-main/humble_ws/install/isaac_tutorials:/home/robotdeveloper02/IsaacSim-ros_workspaces-main/humble_ws/install/isaac_ros2_messages:/home/robotdeveloper02/IsaacSim-ros_workspaces-main/humble_ws/install/IMU_otamesi:/home/robotdeveloper02/IsaacSim-ros_workspaces-main/humble_ws/install/carter_navigation:/home/robotdeveloper02/IsaacSim-ros_workspaces-main/humble_ws/install/my_ros2_package:/home/robotdeveloper02/IsaacSim-ros_workspaces-main/humble_ws/install/jetbot_controller:/home/robotdeveloper02/IsaacSim-ros_workspaces-main/humble_ws/install/isaac_ros_navigation_goal:/home/robotdeveloper02/IsaacSim-ros_workspaces-main/humble_ws/install/error_subscriber:/home/robotdeveloper02/IsaacSim-ros_workspaces-main/humble_ws/install/cube_controller:/home/robotdeveloper02/IsaacSim-ros_workspaces-main/humble_ws/install/Jettbot_position:/opt/ros/humble LD_LIBRARY_PATH=/home/robotdeveloper02/IsaacSim-ros_workspaces-main/humble_ws/install/custom_message/lib:/home/robotdeveloper02/IsaacSim-ros_workspaces-main/humble_ws/install/isaac_ros2_messages/lib:/usr/lib/x86_64-linux-gnu/gazebo-11/plugins:/opt/ros/humble/opt/rviz_ogre_vendor/lib:/opt/ros/humble/lib/x86_64-linux-gnu:/opt/ros/humble/lib /usr/bin/cmake --install /home/robotdeveloper02/IsaacSim-ros_workspaces-main/humble_ws/build/IMU_otamesi
[2.237s] Level 1:colcon.colcon_core.environment:create_environment_scripts_only(IMU_otamesi)
[2.238s] Level 1:colcon.colcon_core.environment:checking '/home/robotdeveloper02/IsaacSim-ros_workspaces-main/humble_ws/install/IMU_otamesi' for CMake module files
[2.239s] DEBUG:colcon.colcon_core.event_handler.log_command:Invoked command in '/home/robotdeveloper02/IsaacSim-ros_workspaces-main/humble_ws/build/IMU_otamesi' returned '0': CMAKE_PREFIX_PATH=/home/robotdeveloper02/IsaacSim-ros_workspaces-main/humble_ws/install/custom_message:/home/robotdeveloper02/IsaacSim-ros_workspaces-main/humble_ws/install/my_cpp_pose_subscriber:/home/robotdeveloper02/IsaacSim-ros_workspaces-main/humble_ws/install/isaacsim:/home/robotdeveloper02/IsaacSim-ros_workspaces-main/humble_ws/install/isaac_tutorials:/home/robotdeveloper02/IsaacSim-ros_workspaces-main/humble_ws/install/isaac_ros2_messages:/home/robotdeveloper02/IsaacSim-ros_workspaces-main/humble_ws/install/IMU_otamesi:/home/robotdeveloper02/IsaacSim-ros_workspaces-main/humble_ws/install/carter_navigation:/home/robotdeveloper02/IsaacSim-ros_workspaces-main/humble_ws/install/my_ros2_package:/home/robotdeveloper02/IsaacSim-ros_workspaces-main/humble_ws/install/jetbot_controller:/home/robotdeveloper02/IsaacSim-ros_workspaces-main/humble_ws/install/isaac_ros_navigation_goal:/home/robotdeveloper02/IsaacSim-ros_workspaces-main/humble_ws/install/error_subscriber:/home/robotdeveloper02/IsaacSim-ros_workspaces-main/humble_ws/install/cube_controller:/home/robotdeveloper02/IsaacSim-ros_workspaces-main/humble_ws/install/Jettbot_position:/opt/ros/humble LD_LIBRARY_PATH=/home/robotdeveloper02/IsaacSim-ros_workspaces-main/humble_ws/install/custom_message/lib:/home/robotdeveloper02/IsaacSim-ros_workspaces-main/humble_ws/install/isaac_ros2_messages/lib:/usr/lib/x86_64-linux-gnu/gazebo-11/plugins:/opt/ros/humble/opt/rviz_ogre_vendor/lib:/opt/ros/humble/lib/x86_64-linux-gnu:/opt/ros/humble/lib /usr/bin/cmake --install /home/robotdeveloper02/IsaacSim-ros_workspaces-main/humble_ws/build/IMU_otamesi
[2.239s] Level 1:colcon.colcon_core.environment:checking '/home/robotdeveloper02/IsaacSim-ros_workspaces-main/humble_ws/install/IMU_otamesi' for CMake config files
[2.239s] Level 1:colcon.colcon_core.shell:create_environment_hook('IMU_otamesi', 'cmake_prefix_path')
[2.239s] INFO:colcon.colcon_core.shell:Creating environment hook '/home/robotdeveloper02/IsaacSim-ros_workspaces-main/humble_ws/install/IMU_otamesi/share/IMU_otamesi/hook/cmake_prefix_path.ps1'
[2.240s] INFO:colcon.colcon_core.shell:Creating environment descriptor '/home/robotdeveloper02/IsaacSim-ros_workspaces-main/humble_ws/install/IMU_otamesi/share/IMU_otamesi/hook/cmake_prefix_path.dsv'
[2.240s] INFO:colcon.colcon_core.shell:Creating environment hook '/home/robotdeveloper02/IsaacSim-ros_workspaces-main/humble_ws/install/IMU_otamesi/share/IMU_otamesi/hook/cmake_prefix_path.sh'
[2.241s] Level 1:colcon.colcon_core.environment:checking '/home/robotdeveloper02/IsaacSim-ros_workspaces-main/humble_ws/install/IMU_otamesi/lib'
[2.241s] Level 1:colcon.colcon_core.environment:checking '/home/robotdeveloper02/IsaacSim-ros_workspaces-main/humble_ws/install/IMU_otamesi/bin'
[2.241s] Level 1:colcon.colcon_core.environment:checking '/home/robotdeveloper02/IsaacSim-ros_workspaces-main/humble_ws/install/IMU_otamesi/lib/pkgconfig/IMU_otamesi.pc'
[2.241s] Level 1:colcon.colcon_core.environment:checking '/home/robotdeveloper02/IsaacSim-ros_workspaces-main/humble_ws/install/IMU_otamesi/lib/python3.10/site-packages'
[2.241s] Level 1:colcon.colcon_core.environment:checking '/home/robotdeveloper02/IsaacSim-ros_workspaces-main/humble_ws/install/IMU_otamesi/bin'
[2.242s] INFO:colcon.colcon_core.shell:Creating package script '/home/robotdeveloper02/IsaacSim-ros_workspaces-main/humble_ws/install/IMU_otamesi/share/IMU_otamesi/package.ps1'
[2.242s] INFO:colcon.colcon_core.shell:Creating package descriptor '/home/robotdeveloper02/IsaacSim-ros_workspaces-main/humble_ws/install/IMU_otamesi/share/IMU_otamesi/package.dsv'
[2.243s] INFO:colcon.colcon_core.shell:Creating package script '/home/robotdeveloper02/IsaacSim-ros_workspaces-main/humble_ws/install/IMU_otamesi/share/IMU_otamesi/package.sh'
[2.243s] INFO:colcon.colcon_core.shell:Creating package script '/home/robotdeveloper02/IsaacSim-ros_workspaces-main/humble_ws/install/IMU_otamesi/share/IMU_otamesi/package.bash'
[2.243s] INFO:colcon.colcon_core.shell:Creating package script '/home/robotdeveloper02/IsaacSim-ros_workspaces-main/humble_ws/install/IMU_otamesi/share/IMU_otamesi/package.zsh'
[2.244s] Level 1:colcon.colcon_core.environment:create_file_with_runtime_dependencies(/home/robotdeveloper02/IsaacSim-ros_workspaces-main/humble_ws/install/IMU_otamesi/share/colcon-core/packages/IMU_otamesi)
[2.250s] DEBUG:colcon.colcon_core.event_handler.log_command:Invoking command in '/home/robotdeveloper02/IsaacSim-ros_workspaces-main/humble_ws/src/cube_controller': PYTHONPATH=/home/robotdeveloper02/IsaacSim-ros_workspaces-main/humble_ws/build/cube_controller/prefix_override:/usr/lib/python3/dist-packages/colcon_core/task/python/colcon_distutils_commands:/home/robotdeveloper02/IsaacSim-ros_workspaces-main/humble_ws/install/cube_controller/lib/python3.10/site-packages:${PYTHONPATH} /usr/bin/python3 -W ignore:setup.py install is deprecated setup.py egg_info --egg-base ../../build/cube_controller build --build-base /home/robotdeveloper02/IsaacSim-ros_workspaces-main/humble_ws/build/cube_controller/build install --record /home/robotdeveloper02/IsaacSim-ros_workspaces-main/humble_ws/build/cube_controller/install.log --single-version-externally-managed install_data
[2.252s] DEBUG:colcon.colcon_core.event_handler.log_command:Invoking command in '/home/robotdeveloper02/IsaacSim-ros_workspaces-main/humble_ws/build/my_cpp_pose_subscriber': CMAKE_PREFIX_PATH=/home/robotdeveloper02/IsaacSim-ros_workspaces-main/humble_ws/install/custom_message:/home/robotdeveloper02/IsaacSim-ros_workspaces-main/humble_ws/install/my_cpp_pose_subscriber:/home/robotdeveloper02/IsaacSim-ros_workspaces-main/humble_ws/install/isaacsim:/home/robotdeveloper02/IsaacSim-ros_workspaces-main/humble_ws/install/isaac_tutorials:/home/robotdeveloper02/IsaacSim-ros_workspaces-main/humble_ws/install/isaac_ros2_messages:/home/robotdeveloper02/IsaacSim-ros_workspaces-main/humble_ws/install/IMU_otamesi:/home/robotdeveloper02/IsaacSim-ros_workspaces-main/humble_ws/install/carter_navigation:/home/robotdeveloper02/IsaacSim-ros_workspaces-main/humble_ws/install/my_ros2_package:/home/robotdeveloper02/IsaacSim-ros_workspaces-main/humble_ws/install/jetbot_controller:/home/robotdeveloper02/IsaacSim-ros_workspaces-main/humble_ws/install/isaac_ros_navigation_goal:/home/robotdeveloper02/IsaacSim-ros_workspaces-main/humble_ws/install/error_subscriber:/home/robotdeveloper02/IsaacSim-ros_workspaces-main/humble_ws/install/cube_controller:/home/robotdeveloper02/IsaacSim-ros_workspaces-main/humble_ws/install/Jettbot_position:/opt/ros/humble LD_LIBRARY_PATH=/home/robotdeveloper02/IsaacSim-ros_workspaces-main/humble_ws/install/custom_message/lib:/home/robotdeveloper02/IsaacSim-ros_workspaces-main/humble_ws/install/isaac_ros2_messages/lib:/usr/lib/x86_64-linux-gnu/gazebo-11/plugins:/opt/ros/humble/opt/rviz_ogre_vendor/lib:/opt/ros/humble/lib/x86_64-linux-gnu:/opt/ros/humble/lib /usr/bin/cmake --install /home/robotdeveloper02/IsaacSim-ros_workspaces-main/humble_ws/build/my_cpp_pose_subscriber
[2.262s] DEBUG:colcon.colcon_core.event_handler.log_command:Invoking command in '/home/robotdeveloper02/IsaacSim-ros_workspaces-main/humble_ws/src/Jettbot_position': PYTHONPATH=/home/robotdeveloper02/IsaacSim-ros_workspaces-main/humble_ws/build/Jettbot_position/prefix_override:/usr/lib/python3/dist-packages/colcon_core/task/python/colcon_distutils_commands:/home/robotdeveloper02/IsaacSim-ros_workspaces-main/humble_ws/install/Jettbot_position/lib/python3.10/site-packages:${PYTHONPATH} /usr/bin/python3 -W ignore:setup.py install is deprecated setup.py egg_info --egg-base ../../build/Jettbot_position build --build-base /home/robotdeveloper02/IsaacSim-ros_workspaces-main/humble_ws/build/Jettbot_position/build install --record /home/robotdeveloper02/IsaacSim-ros_workspaces-main/humble_ws/build/Jettbot_position/install.log --single-version-externally-managed install_data
[2.267s] Level 1:colcon.colcon_core.environment:create_environment_scripts_only(my_cpp_pose_subscriber)
[2.267s] Level 1:colcon.colcon_core.environment:checking '/home/robotdeveloper02/IsaacSim-ros_workspaces-main/humble_ws/install/my_cpp_pose_subscriber' for CMake module files
[2.268s] DEBUG:colcon.colcon_core.event_handler.log_command:Invoked command in '/home/robotdeveloper02/IsaacSim-ros_workspaces-main/humble_ws/build/my_cpp_pose_subscriber' returned '0': CMAKE_PREFIX_PATH=/home/robotdeveloper02/IsaacSim-ros_workspaces-main/humble_ws/install/custom_message:/home/robotdeveloper02/IsaacSim-ros_workspaces-main/humble_ws/install/my_cpp_pose_subscriber:/home/robotdeveloper02/IsaacSim-ros_workspaces-main/humble_ws/install/isaacsim:/home/robotdeveloper02/IsaacSim-ros_workspaces-main/humble_ws/install/isaac_tutorials:/home/robotdeveloper02/IsaacSim-ros_workspaces-main/humble_ws/install/isaac_ros2_messages:/home/robotdeveloper02/IsaacSim-ros_workspaces-main/humble_ws/install/IMU_otamesi:/home/robotdeveloper02/IsaacSim-ros_workspaces-main/humble_ws/install/carter_navigation:/home/robotdeveloper02/IsaacSim-ros_workspaces-main/humble_ws/install/my_ros2_package:/home/robotdeveloper02/IsaacSim-ros_workspaces-main/humble_ws/install/jetbot_controller:/home/robotdeveloper02/IsaacSim-ros_workspaces-main/humble_ws/install/isaac_ros_navigation_goal:/home/robotdeveloper02/IsaacSim-ros_workspaces-main/humble_ws/install/error_subscriber:/home/robotdeveloper02/IsaacSim-ros_workspaces-main/humble_ws/install/cube_controller:/home/robotdeveloper02/IsaacSim-ros_workspaces-main/humble_ws/install/Jettbot_position:/opt/ros/humble LD_LIBRARY_PATH=/home/robotdeveloper02/IsaacSim-ros_workspaces-main/humble_ws/install/custom_message/lib:/home/robotdeveloper02/IsaacSim-ros_workspaces-main/humble_ws/install/isaac_ros2_messages/lib:/usr/lib/x86_64-linux-gnu/gazebo-11/plugins:/opt/ros/humble/opt/rviz_ogre_vendor/lib:/opt/ros/humble/lib/x86_64-linux-gnu:/opt/ros/humble/lib /usr/bin/cmake --install /home/robotdeveloper02/IsaacSim-ros_workspaces-main/humble_ws/build/my_cpp_pose_subscriber
[2.269s] Level 1:colcon.colcon_core.environment:checking '/home/robotdeveloper02/IsaacSim-ros_workspaces-main/humble_ws/install/my_cpp_pose_subscriber' for CMake config files
[2.269s] Level 1:colcon.colcon_core.shell:create_environment_hook('my_cpp_pose_subscriber', 'cmake_prefix_path')
[2.269s] INFO:colcon.colcon_core.shell:Creating environment hook '/home/robotdeveloper02/IsaacSim-ros_workspaces-main/humble_ws/install/my_cpp_pose_subscriber/share/my_cpp_pose_subscriber/hook/cmake_prefix_path.ps1'
[2.270s] INFO:colcon.colcon_core.shell:Creating environment descriptor '/home/robotdeveloper02/IsaacSim-ros_workspaces-main/humble_ws/install/my_cpp_pose_subscriber/share/my_cpp_pose_subscriber/hook/cmake_prefix_path.dsv'
[2.271s] INFO:colcon.colcon_core.shell:Creating environment hook '/home/robotdeveloper02/IsaacSim-ros_workspaces-main/humble_ws/install/my_cpp_pose_subscriber/share/my_cpp_pose_subscriber/hook/cmake_prefix_path.sh'
[2.271s] Level 1:colcon.colcon_core.environment:checking '/home/robotdeveloper02/IsaacSim-ros_workspaces-main/humble_ws/install/my_cpp_pose_subscriber/lib'
[2.272s] Level 1:colcon.colcon_core.environment:checking '/home/robotdeveloper02/IsaacSim-ros_workspaces-main/humble_ws/install/my_cpp_pose_subscriber/bin'
[2.272s] Level 1:colcon.colcon_core.environment:checking '/home/robotdeveloper02/IsaacSim-ros_workspaces-main/humble_ws/install/my_cpp_pose_subscriber/lib/pkgconfig/my_cpp_pose_subscriber.pc'
[2.272s] Level 1:colcon.colcon_core.environment:checking '/home/robotdeveloper02/IsaacSim-ros_workspaces-main/humble_ws/install/my_cpp_pose_subscriber/lib/python3.10/site-packages'
[2.272s] Level 1:colcon.colcon_core.environment:checking '/home/robotdeveloper02/IsaacSim-ros_workspaces-main/humble_ws/install/my_cpp_pose_subscriber/bin'
[2.272s] INFO:colcon.colcon_core.shell:Creating package script '/home/robotdeveloper02/IsaacSim-ros_workspaces-main/humble_ws/install/my_cpp_pose_subscriber/share/my_cpp_pose_subscriber/package.ps1'
[2.273s] INFO:colcon.colcon_core.shell:Creating package descriptor '/home/robotdeveloper02/IsaacSim-ros_workspaces-main/humble_ws/install/my_cpp_pose_subscriber/share/my_cpp_pose_subscriber/package.dsv'
[2.273s] INFO:colcon.colcon_core.shell:Creating package script '/home/robotdeveloper02/IsaacSim-ros_workspaces-main/humble_ws/install/my_cpp_pose_subscriber/share/my_cpp_pose_subscriber/package.sh'
[2.274s] INFO:colcon.colcon_core.shell:Creating package script '/home/robotdeveloper02/IsaacSim-ros_workspaces-main/humble_ws/install/my_cpp_pose_subscriber/share/my_cpp_pose_subscriber/package.bash'
[2.274s] INFO:colcon.colcon_core.shell:Creating package script '/home/robotdeveloper02/IsaacSim-ros_workspaces-main/humble_ws/install/my_cpp_pose_subscriber/share/my_cpp_pose_subscriber/package.zsh'
[2.274s] Level 1:colcon.colcon_core.environment:create_file_with_runtime_dependencies(/home/robotdeveloper02/IsaacSim-ros_workspaces-main/humble_ws/install/my_cpp_pose_subscriber/share/colcon-core/packages/my_cpp_pose_subscriber)
[2.281s] Level 1:colcon.colcon_core.environment:create_environment_scripts_only(IMU_otamesi)
[2.281s] DEBUG:colcon.colcon_core.event_handler.log_command:Invoking command in '/home/robotdeveloper02/IsaacSim-ros_workspaces-main/humble_ws/src/navigation/isaac_ros_navigation_goal': PYTHONPATH=/home/robotdeveloper02/IsaacSim-ros_workspaces-main/humble_ws/build/isaac_ros_navigation_goal/prefix_override:/usr/lib/python3/dist-packages/colcon_core/task/python/colcon_distutils_commands:/home/robotdeveloper02/IsaacSim-ros_workspaces-main/humble_ws/install/isaac_ros_navigation_goal/lib/python3.10/site-packages:${PYTHONPATH} /usr/bin/python3 -W ignore:setup.py install is deprecated setup.py egg_info --egg-base ../../../build/isaac_ros_navigation_goal build --build-base /home/robotdeveloper02/IsaacSim-ros_workspaces-main/humble_ws/build/isaac_ros_navigation_goal/build install --record /home/robotdeveloper02/IsaacSim-ros_workspaces-main/humble_ws/build/isaac_ros_navigation_goal/install.log --single-version-externally-managed install_data
[2.282s] Level 1:colcon.colcon_core.environment:checking '/home/robotdeveloper02/IsaacSim-ros_workspaces-main/humble_ws/install/IMU_otamesi' for CMake module files
[2.283s] Level 1:colcon.colcon_core.environment:checking '/home/robotdeveloper02/IsaacSim-ros_workspaces-main/humble_ws/install/IMU_otamesi' for CMake config files
[2.283s] Level 1:colcon.colcon_core.shell:create_environment_hook('IMU_otamesi', 'cmake_prefix_path')
[2.283s] INFO:colcon.colcon_core.shell:Creating environment hook '/home/robotdeveloper02/IsaacSim-ros_workspaces-main/humble_ws/install/IMU_otamesi/share/IMU_otamesi/hook/cmake_prefix_path.ps1'
[2.284s] INFO:colcon.colcon_core.shell:Creating environment descriptor '/home/robotdeveloper02/IsaacSim-ros_workspaces-main/humble_ws/install/IMU_otamesi/share/IMU_otamesi/hook/cmake_prefix_path.dsv'
[2.284s] INFO:colcon.colcon_core.shell:Creating environment hook '/home/robotdeveloper02/IsaacSim-ros_workspaces-main/humble_ws/install/IMU_otamesi/share/IMU_otamesi/hook/cmake_prefix_path.sh'
[2.285s] Level 1:colcon.colcon_core.environment:checking '/home/robotdeveloper02/IsaacSim-ros_workspaces-main/humble_ws/install/IMU_otamesi/lib'
[2.285s] Level 1:colcon.colcon_core.environment:checking '/home/robotdeveloper02/IsaacSim-ros_workspaces-main/humble_ws/install/IMU_otamesi/bin'
[2.285s] Level 1:colcon.colcon_core.environment:checking '/home/robotdeveloper02/IsaacSim-ros_workspaces-main/humble_ws/install/IMU_otamesi/lib/pkgconfig/IMU_otamesi.pc'
[2.285s] Level 1:colcon.colcon_core.environment:checking '/home/robotdeveloper02/IsaacSim-ros_workspaces-main/humble_ws/install/IMU_otamesi/lib/python3.10/site-packages'
[2.285s] Level 1:colcon.colcon_core.environment:checking '/home/robotdeveloper02/IsaacSim-ros_workspaces-main/humble_ws/install/IMU_otamesi/bin'
[2.286s] INFO:colcon.colcon_core.shell:Creating package script '/home/robotdeveloper02/IsaacSim-ros_workspaces-main/humble_ws/install/IMU_otamesi/share/IMU_otamesi/package.ps1'
[2.286s] INFO:colcon.colcon_core.shell:Creating package descriptor '/home/robotdeveloper02/IsaacSim-ros_workspaces-main/humble_ws/install/IMU_otamesi/share/IMU_otamesi/package.dsv'
[2.287s] INFO:colcon.colcon_core.shell:Creating package script '/home/robotdeveloper02/IsaacSim-ros_workspaces-main/humble_ws/install/IMU_otamesi/share/IMU_otamesi/package.sh'
[2.287s] INFO:colcon.colcon_core.shell:Creating package script '/home/robotdeveloper02/IsaacSim-ros_workspaces-main/humble_ws/install/IMU_otamesi/share/IMU_otamesi/package.bash'
[2.287s] INFO:colcon.colcon_core.shell:Creating package script '/home/robotdeveloper02/IsaacSim-ros_workspaces-main/humble_ws/install/IMU_otamesi/share/IMU_otamesi/package.zsh'
[2.288s] Level 1:colcon.colcon_core.environment:create_file_with_runtime_dependencies(/home/robotdeveloper02/IsaacSim-ros_workspaces-main/humble_ws/install/IMU_otamesi/share/colcon-core/packages/IMU_otamesi)
[2.294s] DEBUG:colcon.colcon_core.event_handler.log_command:Invoking command in '/home/robotdeveloper02/IsaacSim-ros_workspaces-main/humble_ws/src/calc_py': PYTHONPATH=/home/robotdeveloper02/IsaacSim-ros_workspaces-main/humble_ws/build/my_ros2_package/prefix_override:/usr/lib/python3/dist-packages/colcon_core/task/python/colcon_distutils_commands:/home/robotdeveloper02/IsaacSim-ros_workspaces-main/humble_ws/install/my_ros2_package/lib/python3.10/site-packages:${PYTHONPATH} /usr/bin/python3 -W ignore:setup.py install is deprecated setup.py egg_info --egg-base ../../build/my_ros2_package build --build-base /home/robotdeveloper02/IsaacSim-ros_workspaces-main/humble_ws/build/my_ros2_package/build install --record /home/robotdeveloper02/IsaacSim-ros_workspaces-main/humble_ws/build/my_ros2_package/install.log --single-version-externally-managed install_data
[2.294s] DEBUG:colcon.colcon_core.event_handler.log_command:Invoking command in '/home/robotdeveloper02/IsaacSim-ros_workspaces-main/humble_ws/src/jetbot_controller': PYTHONPATH=/home/robotdeveloper02/IsaacSim-ros_workspaces-main/humble_ws/build/jetbot_controller/prefix_override:/usr/lib/python3/dist-packages/colcon_core/task/python/colcon_distutils_commands:/home/robotdeveloper02/IsaacSim-ros_workspaces-main/humble_ws/install/jetbot_controller/lib/python3.10/site-packages:${PYTHONPATH} /usr/bin/python3 -W ignore:setup.py install is deprecated setup.py egg_info --egg-base ../../build/jetbot_controller build --build-base /home/robotdeveloper02/IsaacSim-ros_workspaces-main/humble_ws/build/jetbot_controller/build install --record /home/robotdeveloper02/IsaacSim-ros_workspaces-main/humble_ws/build/jetbot_controller/install.log --single-version-externally-managed install_data
[2.308s] Level 1:colcon.colcon_core.environment:create_environment_scripts_only(my_cpp_pose_subscriber)
[2.309s] Level 1:colcon.colcon_core.environment:checking '/home/robotdeveloper02/IsaacSim-ros_workspaces-main/humble_ws/install/my_cpp_pose_subscriber' for CMake module files
[2.309s] Level 1:colcon.colcon_core.environment:checking '/home/robotdeveloper02/IsaacSim-ros_workspaces-main/humble_ws/install/my_cpp_pose_subscriber' for CMake config files
[2.310s] Level 1:colcon.colcon_core.shell:create_environment_hook('my_cpp_pose_subscriber', 'cmake_prefix_path')
[2.310s] INFO:colcon.colcon_core.shell:Creating environment hook '/home/robotdeveloper02/IsaacSim-ros_workspaces-main/humble_ws/install/my_cpp_pose_subscriber/share/my_cpp_pose_subscriber/hook/cmake_prefix_path.ps1'
[2.311s] INFO:colcon.colcon_core.shell:Creating environment descriptor '/home/robotdeveloper02/IsaacSim-ros_workspaces-main/humble_ws/install/my_cpp_pose_subscriber/share/my_cpp_pose_subscriber/hook/cmake_prefix_path.dsv'
[2.311s] INFO:colcon.colcon_core.shell:Creating environment hook '/home/robotdeveloper02/IsaacSim-ros_workspaces-main/humble_ws/install/my_cpp_pose_subscriber/share/my_cpp_pose_subscriber/hook/cmake_prefix_path.sh'
[2.311s] Level 1:colcon.colcon_core.environment:checking '/home/robotdeveloper02/IsaacSim-ros_workspaces-main/humble_ws/install/my_cpp_pose_subscriber/lib'
[2.312s] Level 1:colcon.colcon_core.environment:checking '/home/robotdeveloper02/IsaacSim-ros_workspaces-main/humble_ws/install/my_cpp_pose_subscriber/bin'
[2.312s] Level 1:colcon.colcon_core.environment:checking '/home/robotdeveloper02/IsaacSim-ros_workspaces-main/humble_ws/install/my_cpp_pose_subscriber/lib/pkgconfig/my_cpp_pose_subscriber.pc'
[2.312s] Level 1:colcon.colcon_core.environment:checking '/home/robotdeveloper02/IsaacSim-ros_workspaces-main/humble_ws/install/my_cpp_pose_subscriber/lib/python3.10/site-packages'
[2.312s] Level 1:colcon.colcon_core.environment:checking '/home/robotdeveloper02/IsaacSim-ros_workspaces-main/humble_ws/install/my_cpp_pose_subscriber/bin'
[2.312s] INFO:colcon.colcon_core.shell:Creating package script '/home/robotdeveloper02/IsaacSim-ros_workspaces-main/humble_ws/install/my_cpp_pose_subscriber/share/my_cpp_pose_subscriber/package.ps1'
[2.313s] INFO:colcon.colcon_core.shell:Creating package descriptor '/home/robotdeveloper02/IsaacSim-ros_workspaces-main/humble_ws/install/my_cpp_pose_subscriber/share/my_cpp_pose_subscriber/package.dsv'
[2.313s] INFO:colcon.colcon_core.shell:Creating package script '/home/robotdeveloper02/IsaacSim-ros_workspaces-main/humble_ws/install/my_cpp_pose_subscriber/share/my_cpp_pose_subscriber/package.sh'
[2.314s] INFO:colcon.colcon_core.shell:Creating package script '/home/robotdeveloper02/IsaacSim-ros_workspaces-main/humble_ws/install/my_cpp_pose_subscriber/share/my_cpp_pose_subscriber/package.bash'
[2.314s] INFO:colcon.colcon_core.shell:Creating package script '/home/robotdeveloper02/IsaacSim-ros_workspaces-main/humble_ws/install/my_cpp_pose_subscriber/share/my_cpp_pose_subscriber/package.zsh'
[2.314s] Level 1:colcon.colcon_core.environment:create_file_with_runtime_dependencies(/home/robotdeveloper02/IsaacSim-ros_workspaces-main/humble_ws/install/my_cpp_pose_subscriber/share/colcon-core/packages/my_cpp_pose_subscriber)
[2.612s] Level 1:colcon.colcon_core.environment:checking '/home/robotdeveloper02/IsaacSim-ros_workspaces-main/humble_ws/install/cube_controller' for CMake module files
[2.613s] Level 1:colcon.colcon_core.environment:checking '/home/robotdeveloper02/IsaacSim-ros_workspaces-main/humble_ws/install/cube_controller' for CMake config files
[2.614s] Level 1:colcon.colcon_core.environment:checking '/home/robotdeveloper02/IsaacSim-ros_workspaces-main/humble_ws/install/cube_controller/lib'
[2.614s] Level 1:colcon.colcon_core.environment:checking '/home/robotdeveloper02/IsaacSim-ros_workspaces-main/humble_ws/install/cube_controller/bin'
[2.614s] Level 1:colcon.colcon_core.environment:checking '/home/robotdeveloper02/IsaacSim-ros_workspaces-main/humble_ws/install/cube_controller/lib/pkgconfig/cube_controller.pc'
[2.614s] Level 1:colcon.colcon_core.environment:checking '/home/robotdeveloper02/IsaacSim-ros_workspaces-main/humble_ws/install/cube_controller/lib/python3.10/site-packages'
[2.614s] Level 1:colcon.colcon_core.shell:create_environment_hook('cube_controller', 'pythonpath')
[2.615s] INFO:colcon.colcon_core.shell:Creating environment hook '/home/robotdeveloper02/IsaacSim-ros_workspaces-main/humble_ws/install/cube_controller/share/cube_controller/hook/pythonpath.ps1'
[2.616s] INFO:colcon.colcon_core.shell:Creating environment descriptor '/home/robotdeveloper02/IsaacSim-ros_workspaces-main/humble_ws/install/cube_controller/share/cube_controller/hook/pythonpath.dsv'
[2.616s] DEBUG:colcon.colcon_core.event_handler.log_command:Invoked command in '/home/robotdeveloper02/IsaacSim-ros_workspaces-main/humble_ws/src/cube_controller' returned '0': PYTHONPATH=/home/robotdeveloper02/IsaacSim-ros_workspaces-main/humble_ws/build/cube_controller/prefix_override:/usr/lib/python3/dist-packages/colcon_core/task/python/colcon_distutils_commands:/home/robotdeveloper02/IsaacSim-ros_workspaces-main/humble_ws/install/cube_controller/lib/python3.10/site-packages:${PYTHONPATH} /usr/bin/python3 -W ignore:setup.py install is deprecated setup.py egg_info --egg-base ../../build/cube_controller build --build-base /home/robotdeveloper02/IsaacSim-ros_workspaces-main/humble_ws/build/cube_controller/build install --record /home/robotdeveloper02/IsaacSim-ros_workspaces-main/humble_ws/build/cube_controller/install.log --single-version-externally-managed install_data
[2.617s] INFO:colcon.colcon_core.shell:Creating environment hook '/home/robotdeveloper02/IsaacSim-ros_workspaces-main/humble_ws/install/cube_controller/share/cube_controller/hook/pythonpath.sh'
[2.618s] Level 1:colcon.colcon_core.environment:checking '/home/robotdeveloper02/IsaacSim-ros_workspaces-main/humble_ws/install/cube_controller/bin'
[2.618s] Level 1:colcon.colcon_core.environment:create_environment_scripts_only(cube_controller)
[2.619s] INFO:colcon.colcon_core.shell:Creating package script '/home/robotdeveloper02/IsaacSim-ros_workspaces-main/humble_ws/install/cube_controller/share/cube_controller/package.ps1'
[2.621s] INFO:colcon.colcon_core.shell:Creating package descriptor '/home/robotdeveloper02/IsaacSim-ros_workspaces-main/humble_ws/install/cube_controller/share/cube_controller/package.dsv'
[2.621s] INFO:colcon.colcon_core.shell:Creating package script '/home/robotdeveloper02/IsaacSim-ros_workspaces-main/humble_ws/install/cube_controller/share/cube_controller/package.sh'
[2.622s] INFO:colcon.colcon_core.shell:Creating package script '/home/robotdeveloper02/IsaacSim-ros_workspaces-main/humble_ws/install/cube_controller/share/cube_controller/package.bash'
[2.623s] INFO:colcon.colcon_core.shell:Creating package script '/home/robotdeveloper02/IsaacSim-ros_workspaces-main/humble_ws/install/cube_controller/share/cube_controller/package.zsh'
[2.625s] Level 1:colcon.colcon_core.environment:create_file_with_runtime_dependencies(/home/robotdeveloper02/IsaacSim-ros_workspaces-main/humble_ws/install/cube_controller/share/colcon-core/packages/cube_controller)
[2.633s] Level 1:colcon.colcon_core.environment:checking '/home/robotdeveloper02/IsaacSim-ros_workspaces-main/humble_ws/install/Jettbot_position' for CMake module files
[2.634s] Level 1:colcon.colcon_core.environment:checking '/home/robotdeveloper02/IsaacSim-ros_workspaces-main/humble_ws/install/Jettbot_position' for CMake config files
[2.634s] DEBUG:colcon.colcon_core.event_handler.log_command:Invoked command in '/home/robotdeveloper02/IsaacSim-ros_workspaces-main/humble_ws/src/Jettbot_position' returned '0': PYTHONPATH=/home/robotdeveloper02/IsaacSim-ros_workspaces-main/humble_ws/build/Jettbot_position/prefix_override:/usr/lib/python3/dist-packages/colcon_core/task/python/colcon_distutils_commands:/home/robotdeveloper02/IsaacSim-ros_workspaces-main/humble_ws/install/Jettbot_position/lib/python3.10/site-packages:${PYTHONPATH} /usr/bin/python3 -W ignore:setup.py install is deprecated setup.py egg_info --egg-base ../../build/Jettbot_position build --build-base /home/robotdeveloper02/IsaacSim-ros_workspaces-main/humble_ws/build/Jettbot_position/build install --record /home/robotdeveloper02/IsaacSim-ros_workspaces-main/humble_ws/build/Jettbot_position/install.log --single-version-externally-managed install_data
[2.635s] Level 1:colcon.colcon_core.environment:checking '/home/robotdeveloper02/IsaacSim-ros_workspaces-main/humble_ws/install/Jettbot_position/lib'
[2.635s] Level 1:colcon.colcon_core.environment:checking '/home/robotdeveloper02/IsaacSim-ros_workspaces-main/humble_ws/install/Jettbot_position/bin'
[2.635s] Level 1:colcon.colcon_core.environment:checking '/home/robotdeveloper02/IsaacSim-ros_workspaces-main/humble_ws/install/Jettbot_position/lib/pkgconfig/Jettbot_position.pc'
[2.635s] Level 1:colcon.colcon_core.environment:checking '/home/robotdeveloper02/IsaacSim-ros_workspaces-main/humble_ws/install/Jettbot_position/lib/python3.10/site-packages'
[2.635s] Level 1:colcon.colcon_core.shell:create_environment_hook('Jettbot_position', 'pythonpath')
[2.636s] INFO:colcon.colcon_core.shell:Creating environment hook '/home/robotdeveloper02/IsaacSim-ros_workspaces-main/humble_ws/install/Jettbot_position/share/Jettbot_position/hook/pythonpath.ps1'
[2.636s] INFO:colcon.colcon_core.shell:Creating environment descriptor '/home/robotdeveloper02/IsaacSim-ros_workspaces-main/humble_ws/install/Jettbot_position/share/Jettbot_position/hook/pythonpath.dsv'
[2.637s] INFO:colcon.colcon_core.shell:Creating environment hook '/home/robotdeveloper02/IsaacSim-ros_workspaces-main/humble_ws/install/Jettbot_position/share/Jettbot_position/hook/pythonpath.sh'
[2.637s] Level 1:colcon.colcon_core.environment:checking '/home/robotdeveloper02/IsaacSim-ros_workspaces-main/humble_ws/install/Jettbot_position/bin'
[2.637s] Level 1:colcon.colcon_core.environment:create_environment_scripts_only(Jettbot_position)
[2.637s] INFO:colcon.colcon_core.shell:Creating package script '/home/robotdeveloper02/IsaacSim-ros_workspaces-main/humble_ws/install/Jettbot_position/share/Jettbot_position/package.ps1'
[2.638s] INFO:colcon.colcon_core.shell:Creating package descriptor '/home/robotdeveloper02/IsaacSim-ros_workspaces-main/humble_ws/install/Jettbot_position/share/Jettbot_position/package.dsv'
[2.638s] INFO:colcon.colcon_core.shell:Creating package script '/home/robotdeveloper02/IsaacSim-ros_workspaces-main/humble_ws/install/Jettbot_position/share/Jettbot_position/package.sh'
[2.639s] INFO:colcon.colcon_core.shell:Creating package script '/home/robotdeveloper02/IsaacSim-ros_workspaces-main/humble_ws/install/Jettbot_position/share/Jettbot_position/package.bash'
[2.640s] INFO:colcon.colcon_core.shell:Creating package script '/home/robotdeveloper02/IsaacSim-ros_workspaces-main/humble_ws/install/Jettbot_position/share/Jettbot_position/package.zsh'
[2.641s] Level 1:colcon.colcon_core.environment:create_file_with_runtime_dependencies(/home/robotdeveloper02/IsaacSim-ros_workspaces-main/humble_ws/install/Jettbot_position/share/colcon-core/packages/Jettbot_position)
[2.663s] Level 1:colcon.colcon_core.environment:checking '/home/robotdeveloper02/IsaacSim-ros_workspaces-main/humble_ws/install/isaac_ros_navigation_goal' for CMake module files
[2.664s] DEBUG:colcon.colcon_core.event_handler.log_command:Invoked command in '/home/robotdeveloper02/IsaacSim-ros_workspaces-main/humble_ws/src/navigation/isaac_ros_navigation_goal' returned '0': PYTHONPATH=/home/robotdeveloper02/IsaacSim-ros_workspaces-main/humble_ws/build/isaac_ros_navigation_goal/prefix_override:/usr/lib/python3/dist-packages/colcon_core/task/python/colcon_distutils_commands:/home/robotdeveloper02/IsaacSim-ros_workspaces-main/humble_ws/install/isaac_ros_navigation_goal/lib/python3.10/site-packages:${PYTHONPATH} /usr/bin/python3 -W ignore:setup.py install is deprecated setup.py egg_info --egg-base ../../../build/isaac_ros_navigation_goal build --build-base /home/robotdeveloper02/IsaacSim-ros_workspaces-main/humble_ws/build/isaac_ros_navigation_goal/build install --record /home/robotdeveloper02/IsaacSim-ros_workspaces-main/humble_ws/build/isaac_ros_navigation_goal/install.log --single-version-externally-managed install_data
[2.664s] Level 1:colcon.colcon_core.environment:checking '/home/robotdeveloper02/IsaacSim-ros_workspaces-main/humble_ws/install/isaac_ros_navigation_goal' for CMake config files
[2.665s] Level 1:colcon.colcon_core.environment:checking '/home/robotdeveloper02/IsaacSim-ros_workspaces-main/humble_ws/install/isaac_ros_navigation_goal/lib'
[2.665s] Level 1:colcon.colcon_core.environment:checking '/home/robotdeveloper02/IsaacSim-ros_workspaces-main/humble_ws/install/isaac_ros_navigation_goal/bin'
[2.665s] Level 1:colcon.colcon_core.environment:checking '/home/robotdeveloper02/IsaacSim-ros_workspaces-main/humble_ws/install/isaac_ros_navigation_goal/lib/pkgconfig/isaac_ros_navigation_goal.pc'
[2.666s] Level 1:colcon.colcon_core.environment:checking '/home/robotdeveloper02/IsaacSim-ros_workspaces-main/humble_ws/install/isaac_ros_navigation_goal/lib/python3.10/site-packages'
[2.666s] Level 1:colcon.colcon_core.shell:create_environment_hook('isaac_ros_navigation_goal', 'pythonpath')
[2.666s] INFO:colcon.colcon_core.shell:Creating environment hook '/home/robotdeveloper02/IsaacSim-ros_workspaces-main/humble_ws/install/isaac_ros_navigation_goal/share/isaac_ros_navigation_goal/hook/pythonpath.ps1'
[2.667s] INFO:colcon.colcon_core.shell:Creating environment descriptor '/home/robotdeveloper02/IsaacSim-ros_workspaces-main/humble_ws/install/isaac_ros_navigation_goal/share/isaac_ros_navigation_goal/hook/pythonpath.dsv'
[2.667s] INFO:colcon.colcon_core.shell:Creating environment hook '/home/robotdeveloper02/IsaacSim-ros_workspaces-main/humble_ws/install/isaac_ros_navigation_goal/share/isaac_ros_navigation_goal/hook/pythonpath.sh'
[2.668s] Level 1:colcon.colcon_core.environment:checking '/home/robotdeveloper02/IsaacSim-ros_workspaces-main/humble_ws/install/isaac_ros_navigation_goal/bin'
[2.668s] Level 1:colcon.colcon_core.environment:create_environment_scripts_only(isaac_ros_navigation_goal)
[2.668s] INFO:colcon.colcon_core.shell:Creating package script '/home/robotdeveloper02/IsaacSim-ros_workspaces-main/humble_ws/install/isaac_ros_navigation_goal/share/isaac_ros_navigation_goal/package.ps1'
[2.669s] INFO:colcon.colcon_core.shell:Creating package descriptor '/home/robotdeveloper02/IsaacSim-ros_workspaces-main/humble_ws/install/isaac_ros_navigation_goal/share/isaac_ros_navigation_goal/package.dsv'
[2.670s] INFO:colcon.colcon_core.shell:Creating package script '/home/robotdeveloper02/IsaacSim-ros_workspaces-main/humble_ws/install/isaac_ros_navigation_goal/share/isaac_ros_navigation_goal/package.sh'
[2.670s] INFO:colcon.colcon_core.shell:Creating package script '/home/robotdeveloper02/IsaacSim-ros_workspaces-main/humble_ws/install/isaac_ros_navigation_goal/share/isaac_ros_navigation_goal/package.bash'
[2.670s] INFO:colcon.colcon_core.shell:Creating package script '/home/robotdeveloper02/IsaacSim-ros_workspaces-main/humble_ws/install/isaac_ros_navigation_goal/share/isaac_ros_navigation_goal/package.zsh'
[2.671s] Level 1:colcon.colcon_core.environment:create_file_with_runtime_dependencies(/home/robotdeveloper02/IsaacSim-ros_workspaces-main/humble_ws/install/isaac_ros_navigation_goal/share/colcon-core/packages/isaac_ros_navigation_goal)
[2.674s] Level 1:colcon.colcon_core.environment:checking '/home/robotdeveloper02/IsaacSim-ros_workspaces-main/humble_ws/install/my_ros2_package' for CMake module files
[2.675s] DEBUG:colcon.colcon_core.event_handler.log_command:Invoked command in '/home/robotdeveloper02/IsaacSim-ros_workspaces-main/humble_ws/src/calc_py' returned '0': PYTHONPATH=/home/robotdeveloper02/IsaacSim-ros_workspaces-main/humble_ws/build/my_ros2_package/prefix_override:/usr/lib/python3/dist-packages/colcon_core/task/python/colcon_distutils_commands:/home/robotdeveloper02/IsaacSim-ros_workspaces-main/humble_ws/install/my_ros2_package/lib/python3.10/site-packages:${PYTHONPATH} /usr/bin/python3 -W ignore:setup.py install is deprecated setup.py egg_info --egg-base ../../build/my_ros2_package build --build-base /home/robotdeveloper02/IsaacSim-ros_workspaces-main/humble_ws/build/my_ros2_package/build install --record /home/robotdeveloper02/IsaacSim-ros_workspaces-main/humble_ws/build/my_ros2_package/install.log --single-version-externally-managed install_data
[2.675s] Level 1:colcon.colcon_core.environment:checking '/home/robotdeveloper02/IsaacSim-ros_workspaces-main/humble_ws/install/my_ros2_package' for CMake config files
[2.676s] Level 1:colcon.colcon_core.environment:checking '/home/robotdeveloper02/IsaacSim-ros_workspaces-main/humble_ws/install/my_ros2_package/lib'
[2.676s] Level 1:colcon.colcon_core.environment:checking '/home/robotdeveloper02/IsaacSim-ros_workspaces-main/humble_ws/install/my_ros2_package/bin'
[2.676s] Level 1:colcon.colcon_core.environment:checking '/home/robotdeveloper02/IsaacSim-ros_workspaces-main/humble_ws/install/my_ros2_package/lib/pkgconfig/my_ros2_package.pc'
[2.676s] Level 1:colcon.colcon_core.environment:checking '/home/robotdeveloper02/IsaacSim-ros_workspaces-main/humble_ws/install/my_ros2_package/lib/python3.10/site-packages'
[2.676s] Level 1:colcon.colcon_core.shell:create_environment_hook('my_ros2_package', 'pythonpath')
[2.676s] INFO:colcon.colcon_core.shell:Creating environment hook '/home/robotdeveloper02/IsaacSim-ros_workspaces-main/humble_ws/install/my_ros2_package/share/my_ros2_package/hook/pythonpath.ps1'
[2.677s] INFO:colcon.colcon_core.shell:Creating environment descriptor '/home/robotdeveloper02/IsaacSim-ros_workspaces-main/humble_ws/install/my_ros2_package/share/my_ros2_package/hook/pythonpath.dsv'
[2.677s] INFO:colcon.colcon_core.shell:Creating environment hook '/home/robotdeveloper02/IsaacSim-ros_workspaces-main/humble_ws/install/my_ros2_package/share/my_ros2_package/hook/pythonpath.sh'
[2.678s] Level 1:colcon.colcon_core.environment:checking '/home/robotdeveloper02/IsaacSim-ros_workspaces-main/humble_ws/install/my_ros2_package/bin'
[2.678s] Level 1:colcon.colcon_core.environment:create_environment_scripts_only(my_ros2_package)
[2.679s] INFO:colcon.colcon_core.shell:Creating package script '/home/robotdeveloper02/IsaacSim-ros_workspaces-main/humble_ws/install/my_ros2_package/share/my_ros2_package/package.ps1'
[2.679s] INFO:colcon.colcon_core.shell:Creating package descriptor '/home/robotdeveloper02/IsaacSim-ros_workspaces-main/humble_ws/install/my_ros2_package/share/my_ros2_package/package.dsv'
[2.680s] INFO:colcon.colcon_core.shell:Creating package script '/home/robotdeveloper02/IsaacSim-ros_workspaces-main/humble_ws/install/my_ros2_package/share/my_ros2_package/package.sh'
[2.680s] INFO:colcon.colcon_core.shell:Creating package script '/home/robotdeveloper02/IsaacSim-ros_workspaces-main/humble_ws/install/my_ros2_package/share/my_ros2_package/package.bash'
[2.680s] INFO:colcon.colcon_core.shell:Creating package script '/home/robotdeveloper02/IsaacSim-ros_workspaces-main/humble_ws/install/my_ros2_package/share/my_ros2_package/package.zsh'
[2.681s] Level 1:colcon.colcon_core.environment:create_file_with_runtime_dependencies(/home/robotdeveloper02/IsaacSim-ros_workspaces-main/humble_ws/install/my_ros2_package/share/colcon-core/packages/my_ros2_package)
[2.685s] Level 1:colcon.colcon_core.environment:checking '/home/robotdeveloper02/IsaacSim-ros_workspaces-main/humble_ws/install/jetbot_controller' for CMake module files
[2.686s] DEBUG:colcon.colcon_core.event_handler.log_command:Invoked command in '/home/robotdeveloper02/IsaacSim-ros_workspaces-main/humble_ws/src/jetbot_controller' returned '0': PYTHONPATH=/home/robotdeveloper02/IsaacSim-ros_workspaces-main/humble_ws/build/jetbot_controller/prefix_override:/usr/lib/python3/dist-packages/colcon_core/task/python/colcon_distutils_commands:/home/robotdeveloper02/IsaacSim-ros_workspaces-main/humble_ws/install/jetbot_controller/lib/python3.10/site-packages:${PYTHONPATH} /usr/bin/python3 -W ignore:setup.py install is deprecated setup.py egg_info --egg-base ../../build/jetbot_controller build --build-base /home/robotdeveloper02/IsaacSim-ros_workspaces-main/humble_ws/build/jetbot_controller/build install --record /home/robotdeveloper02/IsaacSim-ros_workspaces-main/humble_ws/build/jetbot_controller/install.log --single-version-externally-managed install_data
[2.686s] Level 1:colcon.colcon_core.environment:checking '/home/robotdeveloper02/IsaacSim-ros_workspaces-main/humble_ws/install/jetbot_controller' for CMake config files
[2.687s] Level 1:colcon.colcon_core.environment:checking '/home/robotdeveloper02/IsaacSim-ros_workspaces-main/humble_ws/install/jetbot_controller/lib'
[2.687s] Level 1:colcon.colcon_core.environment:checking '/home/robotdeveloper02/IsaacSim-ros_workspaces-main/humble_ws/install/jetbot_controller/bin'
[2.687s] Level 1:colcon.colcon_core.environment:checking '/home/robotdeveloper02/IsaacSim-ros_workspaces-main/humble_ws/install/jetbot_controller/lib/pkgconfig/jetbot_controller.pc'
[2.687s] Level 1:colcon.colcon_core.environment:checking '/home/robotdeveloper02/IsaacSim-ros_workspaces-main/humble_ws/install/jetbot_controller/lib/python3.10/site-packages'
[2.687s] Level 1:colcon.colcon_core.shell:create_environment_hook('jetbot_controller', 'pythonpath')
[2.687s] INFO:colcon.colcon_core.shell:Creating environment hook '/home/robotdeveloper02/IsaacSim-ros_workspaces-main/humble_ws/install/jetbot_controller/share/jetbot_controller/hook/pythonpath.ps1'
[2.688s] INFO:colcon.colcon_core.shell:Creating environment descriptor '/home/robotdeveloper02/IsaacSim-ros_workspaces-main/humble_ws/install/jetbot_controller/share/jetbot_controller/hook/pythonpath.dsv'
[2.688s] INFO:colcon.colcon_core.shell:Creating environment hook '/home/robotdeveloper02/IsaacSim-ros_workspaces-main/humble_ws/install/jetbot_controller/share/jetbot_controller/hook/pythonpath.sh'
[2.688s] Level 1:colcon.colcon_core.environment:checking '/home/robotdeveloper02/IsaacSim-ros_workspaces-main/humble_ws/install/jetbot_controller/bin'
[2.688s] Level 1:colcon.colcon_core.environment:create_environment_scripts_only(jetbot_controller)
[2.689s] INFO:colcon.colcon_core.shell:Creating package script '/home/robotdeveloper02/IsaacSim-ros_workspaces-main/humble_ws/install/jetbot_controller/share/jetbot_controller/package.ps1'
[2.689s] INFO:colcon.colcon_core.shell:Creating package descriptor '/home/robotdeveloper02/IsaacSim-ros_workspaces-main/humble_ws/install/jetbot_controller/share/jetbot_controller/package.dsv'
[2.689s] INFO:colcon.colcon_core.shell:Creating package script '/home/robotdeveloper02/IsaacSim-ros_workspaces-main/humble_ws/install/jetbot_controller/share/jetbot_controller/package.sh'
[2.690s] INFO:colcon.colcon_core.shell:Creating package script '/home/robotdeveloper02/IsaacSim-ros_workspaces-main/humble_ws/install/jetbot_controller/share/jetbot_controller/package.bash'
[2.690s] INFO:colcon.colcon_core.shell:Creating package script '/home/robotdeveloper02/IsaacSim-ros_workspaces-main/humble_ws/install/jetbot_controller/share/jetbot_controller/package.zsh'
[2.690s] Level 1:colcon.colcon_core.environment:create_file_with_runtime_dependencies(/home/robotdeveloper02/IsaacSim-ros_workspaces-main/humble_ws/install/jetbot_controller/share/colcon-core/packages/jetbot_controller)
[2.691s] DEBUG:colcon.colcon_parallel_executor.executor.parallel:closing loop
[2.691s] DEBUG:colcon.colcon_parallel_executor.executor.parallel:loop closed
[2.691s] DEBUG:colcon.colcon_parallel_executor.executor.parallel:run_until_complete finished with '0'
[2.691s] DEBUG:colcon.colcon_core.event_reactor:joining thread
[2.696s] INFO:colcon.colcon_core.plugin_system:Skipping extension 'colcon_notification.desktop_notification.terminal_notifier': Not used on non-Darwin systems
[2.696s] INFO:colcon.colcon_core.plugin_system:Skipping extension 'colcon_notification.desktop_notification.win32': Not used on non-Windows systems
[2.696s] INFO:colcon.colcon_notification.desktop_notification:Sending desktop notification using 'notify2'
[2.710s] DEBUG:colcon.colcon_core.event_reactor:joined thread
[2.711s] INFO:colcon.colcon_core.shell:Creating prefix script '/home/robotdeveloper02/IsaacSim-ros_workspaces-main/humble_ws/install/local_setup.ps1'
[2.712s] INFO:colcon.colcon_core.shell:Creating prefix util module '/home/robotdeveloper02/IsaacSim-ros_workspaces-main/humble_ws/install/_local_setup_util_ps1.py'
[2.713s] INFO:colcon.colcon_core.shell:Creating prefix chain script '/home/robotdeveloper02/IsaacSim-ros_workspaces-main/humble_ws/install/setup.ps1'
[2.714s] INFO:colcon.colcon_core.shell:Creating prefix script '/home/robotdeveloper02/IsaacSim-ros_workspaces-main/humble_ws/install/local_setup.sh'
[2.715s] INFO:colcon.colcon_core.shell:Creating prefix util module '/home/robotdeveloper02/IsaacSim-ros_workspaces-main/humble_ws/install/_local_setup_util_sh.py'
[2.715s] INFO:colcon.colcon_core.shell:Creating prefix chain script '/home/robotdeveloper02/IsaacSim-ros_workspaces-main/humble_ws/install/setup.sh'
[2.716s] INFO:colcon.colcon_core.shell:Creating prefix script '/home/robotdeveloper02/IsaacSim-ros_workspaces-main/humble_ws/install/local_setup.bash'
[2.717s] INFO:colcon.colcon_core.shell:Creating prefix chain script '/home/robotdeveloper02/IsaacSim-ros_workspaces-main/humble_ws/install/setup.bash'
[2.718s] INFO:colcon.colcon_core.shell:Creating prefix script '/home/robotdeveloper02/IsaacSim-ros_workspaces-main/humble_ws/install/local_setup.zsh'
[2.718s] INFO:colcon.colcon_core.shell:Creating prefix chain script '/home/robotdeveloper02/IsaacSim-ros_workspaces-main/humble_ws/install/setup.zsh'
