[0.081s] DEBUG:colcon:Command line arguments: ['/usr/bin/colcon', 'build']
[0.081s] DEBUG:colcon:Parsed command line arguments: Namespace(log_base=None, log_level=None, verb_name='build', build_base='build', install_base='install', merge_install=False, symlink_install=False, test_result_base=None, continue_on_error=False, executor='parallel', parallel_workers=16, event_handlers=None, ignore_user_meta=False, metas=['./colcon.meta'], base_paths=['.'], packages_ignore=None, packages_ignore_regex=None, paths=None, packages_up_to=None, packages_up_to_regex=None, packages_above=None, packages_above_and_dependencies=None, packages_above_depth=None, packages_select_by_dep=None, packages_skip_by_dep=None, packages_skip_up_to=None, packages_select_build_failed=False, packages_skip_build_finished=False, packages_select_test_failures=False, packages_skip_test_passed=False, packages_select=None, packages_skip=None, packages_select_regex=None, packages_skip_regex=None, packages_start=None, packages_end=None, allow_overriding=[], cmake_args=None, cmake_target=None, cmake_target_skip_unavailable=False, cmake_clean_cache=False, cmake_clean_first=False, cmake_force_configure=False, ament_cmake_args=None, catkin_cmake_args=None, catkin_skip_building_tests=False, verb_parser=<colcon_defaults.argument_parser.defaults.DefaultArgumentsDecorator object at 0x7f9285031fc0>, verb_extension=<colcon_core.verb.build.BuildVerb object at 0x7f928519f520>, main=<bound method BuildVerb.main of <colcon_core.verb.build.BuildVerb object at 0x7f928519f520>>)
[0.227s] Level 1:colcon.colcon_core.package_discovery:discover_packages(colcon_meta) check parameters
[0.227s] Level 1:colcon.colcon_core.package_discovery:discover_packages(recursive) check parameters
[0.227s] Level 1:colcon.colcon_core.package_discovery:discover_packages(ignore) check parameters
[0.227s] Level 1:colcon.colcon_core.package_discovery:discover_packages(path) check parameters
[0.227s] Level 1:colcon.colcon_core.package_discovery:discover_packages(colcon_meta) discover
[0.227s] Level 1:colcon.colcon_core.package_discovery:discover_packages(recursive) discover
[0.227s] INFO:colcon.colcon_core.package_discovery:Crawling recursively for packages in '/home/robotdeveloper02/IsaacSim-ros_workspaces-main/humble_ws'
[0.227s] Level 1:colcon.colcon_core.package_identification:_identify(.) by extensions ['ignore', 'ignore_ament_install']
[0.227s] Level 1:colcon.colcon_core.package_identification:_identify(.) by extension 'ignore'
[0.228s] Level 1:colcon.colcon_core.package_identification:_identify(.) by extension 'ignore_ament_install'
[0.228s] Level 1:colcon.colcon_core.package_identification:_identify(.) by extensions ['colcon_pkg']
[0.228s] Level 1:colcon.colcon_core.package_identification:_identify(.) by extension 'colcon_pkg'
[0.228s] Level 1:colcon.colcon_core.package_identification:_identify(.) by extensions ['colcon_meta']
[0.228s] Level 1:colcon.colcon_core.package_identification:_identify(.) by extension 'colcon_meta'
[0.228s] Level 1:colcon.colcon_core.package_identification:_identify(.) by extensions ['ros']
[0.228s] Level 1:colcon.colcon_core.package_identification:_identify(.) by extension 'ros'
[0.237s] Level 1:colcon.colcon_core.package_identification:_identify(.) by extensions ['cmake', 'python']
[0.237s] Level 1:colcon.colcon_core.package_identification:_identify(.) by extension 'cmake'
[0.237s] Level 1:colcon.colcon_core.package_identification:_identify(.) by extension 'python'
[0.237s] Level 1:colcon.colcon_core.package_identification:_identify(.) by extensions ['python_setup_py']
[0.237s] Level 1:colcon.colcon_core.package_identification:_identify(.) by extension 'python_setup_py'
[0.238s] Level 1:colcon.colcon_core.package_identification:_identify(Kit) by extensions ['ignore', 'ignore_ament_install']
[0.238s] Level 1:colcon.colcon_core.package_identification:_identify(Kit) by extension 'ignore'
[0.238s] Level 1:colcon.colcon_core.package_identification:_identify(Kit) by extension 'ignore_ament_install'
[0.238s] Level 1:colcon.colcon_core.package_identification:_identify(Kit) by extensions ['colcon_pkg']
[0.238s] Level 1:colcon.colcon_core.package_identification:_identify(Kit) by extension 'colcon_pkg'
[0.238s] Level 1:colcon.colcon_core.package_identification:_identify(Kit) by extensions ['colcon_meta']
[0.238s] Level 1:colcon.colcon_core.package_identification:_identify(Kit) by extension 'colcon_meta'
[0.238s] Level 1:colcon.colcon_core.package_identification:_identify(Kit) by extensions ['ros']
[0.238s] Level 1:colcon.colcon_core.package_identification:_identify(Kit) by extension 'ros'
[0.238s] Level 1:colcon.colcon_core.package_identification:_identify(Kit) by extensions ['cmake', 'python']
[0.238s] Level 1:colcon.colcon_core.package_identification:_identify(Kit) by extension 'cmake'
[0.238s] Level 1:colcon.colcon_core.package_identification:_identify(Kit) by extension 'python'
[0.238s] Level 1:colcon.colcon_core.package_identification:_identify(Kit) by extensions ['python_setup_py']
[0.238s] Level 1:colcon.colcon_core.package_identification:_identify(Kit) by extension 'python_setup_py'
[0.238s] Level 1:colcon.colcon_core.package_identification:_identify(Kit/Isaac-Sim) by extensions ['ignore', 'ignore_ament_install']
[0.238s] Level 1:colcon.colcon_core.package_identification:_identify(Kit/Isaac-Sim) by extension 'ignore'
[0.238s] Level 1:colcon.colcon_core.package_identification:_identify(Kit/Isaac-Sim) by extension 'ignore_ament_install'
[0.238s] Level 1:colcon.colcon_core.package_identification:_identify(Kit/Isaac-Sim) by extensions ['colcon_pkg']
[0.238s] Level 1:colcon.colcon_core.package_identification:_identify(Kit/Isaac-Sim) by extension 'colcon_pkg'
[0.238s] Level 1:colcon.colcon_core.package_identification:_identify(Kit/Isaac-Sim) by extensions ['colcon_meta']
[0.238s] Level 1:colcon.colcon_core.package_identification:_identify(Kit/Isaac-Sim) by extension 'colcon_meta'
[0.238s] Level 1:colcon.colcon_core.package_identification:_identify(Kit/Isaac-Sim) by extensions ['ros']
[0.238s] Level 1:colcon.colcon_core.package_identification:_identify(Kit/Isaac-Sim) by extension 'ros'
[0.238s] Level 1:colcon.colcon_core.package_identification:_identify(Kit/Isaac-Sim) by extensions ['cmake', 'python']
[0.239s] Level 1:colcon.colcon_core.package_identification:_identify(Kit/Isaac-Sim) by extension 'cmake'
[0.239s] Level 1:colcon.colcon_core.package_identification:_identify(Kit/Isaac-Sim) by extension 'python'
[0.239s] Level 1:colcon.colcon_core.package_identification:_identify(Kit/Isaac-Sim) by extensions ['python_setup_py']
[0.239s] Level 1:colcon.colcon_core.package_identification:_identify(Kit/Isaac-Sim) by extension 'python_setup_py'
[0.239s] Level 1:colcon.colcon_core.package_identification:_identify(Kit/Isaac-Sim/4.1) by extensions ['ignore', 'ignore_ament_install']
[0.239s] Level 1:colcon.colcon_core.package_identification:_identify(Kit/Isaac-Sim/4.1) by extension 'ignore'
[0.239s] Level 1:colcon.colcon_core.package_identification:_identify(Kit/Isaac-Sim/4.1) by extension 'ignore_ament_install'
[0.239s] Level 1:colcon.colcon_core.package_identification:_identify(Kit/Isaac-Sim/4.1) by extensions ['colcon_pkg']
[0.239s] Level 1:colcon.colcon_core.package_identification:_identify(Kit/Isaac-Sim/4.1) by extension 'colcon_pkg'
[0.239s] Level 1:colcon.colcon_core.package_identification:_identify(Kit/Isaac-Sim/4.1) by extensions ['colcon_meta']
[0.239s] Level 1:colcon.colcon_core.package_identification:_identify(Kit/Isaac-Sim/4.1) by extension 'colcon_meta'
[0.239s] Level 1:colcon.colcon_core.package_identification:_identify(Kit/Isaac-Sim/4.1) by extensions ['ros']
[0.239s] Level 1:colcon.colcon_core.package_identification:_identify(Kit/Isaac-Sim/4.1) by extension 'ros'
[0.239s] Level 1:colcon.colcon_core.package_identification:_identify(Kit/Isaac-Sim/4.1) by extensions ['cmake', 'python']
[0.239s] Level 1:colcon.colcon_core.package_identification:_identify(Kit/Isaac-Sim/4.1) by extension 'cmake'
[0.239s] Level 1:colcon.colcon_core.package_identification:_identify(Kit/Isaac-Sim/4.1) by extension 'python'
[0.239s] Level 1:colcon.colcon_core.package_identification:_identify(Kit/Isaac-Sim/4.1) by extensions ['python_setup_py']
[0.239s] Level 1:colcon.colcon_core.package_identification:_identify(Kit/Isaac-Sim/4.1) by extension 'python_setup_py'
[0.239s] Level 1:colcon.colcon_core.package_identification:_identify(Kit/Isaac-Sim/4.1/exts) by extensions ['ignore', 'ignore_ament_install']
[0.239s] Level 1:colcon.colcon_core.package_identification:_identify(Kit/Isaac-Sim/4.1/exts) by extension 'ignore'
[0.239s] Level 1:colcon.colcon_core.package_identification:_identify(Kit/Isaac-Sim/4.1/exts) by extension 'ignore_ament_install'
[0.239s] Level 1:colcon.colcon_core.package_identification:_identify(Kit/Isaac-Sim/4.1/exts) by extensions ['colcon_pkg']
[0.239s] Level 1:colcon.colcon_core.package_identification:_identify(Kit/Isaac-Sim/4.1/exts) by extension 'colcon_pkg'
[0.239s] Level 1:colcon.colcon_core.package_identification:_identify(Kit/Isaac-Sim/4.1/exts) by extensions ['colcon_meta']
[0.239s] Level 1:colcon.colcon_core.package_identification:_identify(Kit/Isaac-Sim/4.1/exts) by extension 'colcon_meta'
[0.239s] Level 1:colcon.colcon_core.package_identification:_identify(Kit/Isaac-Sim/4.1/exts) by extensions ['ros']
[0.239s] Level 1:colcon.colcon_core.package_identification:_identify(Kit/Isaac-Sim/4.1/exts) by extension 'ros'
[0.240s] Level 1:colcon.colcon_core.package_identification:_identify(Kit/Isaac-Sim/4.1/exts) by extensions ['cmake', 'python']
[0.240s] Level 1:colcon.colcon_core.package_identification:_identify(Kit/Isaac-Sim/4.1/exts) by extension 'cmake'
[0.240s] Level 1:colcon.colcon_core.package_identification:_identify(Kit/Isaac-Sim/4.1/exts) by extension 'python'
[0.240s] Level 1:colcon.colcon_core.package_identification:_identify(Kit/Isaac-Sim/4.1/exts) by extensions ['python_setup_py']
[0.240s] Level 1:colcon.colcon_core.package_identification:_identify(Kit/Isaac-Sim/4.1/exts) by extension 'python_setup_py'
[0.240s] Level 1:colcon.colcon_core.package_identification:_identify(Kit/Isaac-Sim/4.1/exts/3) by extensions ['ignore', 'ignore_ament_install']
[0.240s] Level 1:colcon.colcon_core.package_identification:_identify(Kit/Isaac-Sim/4.1/exts/3) by extension 'ignore'
[0.240s] Level 1:colcon.colcon_core.package_identification:_identify(Kit/Isaac-Sim/4.1/exts/3) by extension 'ignore_ament_install'
[0.240s] Level 1:colcon.colcon_core.package_identification:_identify(Kit/Isaac-Sim/4.1/exts/3) by extensions ['colcon_pkg']
[0.240s] Level 1:colcon.colcon_core.package_identification:_identify(Kit/Isaac-Sim/4.1/exts/3) by extension 'colcon_pkg'
[0.240s] Level 1:colcon.colcon_core.package_identification:_identify(Kit/Isaac-Sim/4.1/exts/3) by extensions ['colcon_meta']
[0.240s] Level 1:colcon.colcon_core.package_identification:_identify(Kit/Isaac-Sim/4.1/exts/3) by extension 'colcon_meta'
[0.240s] Level 1:colcon.colcon_core.package_identification:_identify(Kit/Isaac-Sim/4.1/exts/3) by extensions ['ros']
[0.240s] Level 1:colcon.colcon_core.package_identification:_identify(Kit/Isaac-Sim/4.1/exts/3) by extension 'ros'
[0.240s] Level 1:colcon.colcon_core.package_identification:_identify(Kit/Isaac-Sim/4.1/exts/3) by extensions ['cmake', 'python']
[0.240s] Level 1:colcon.colcon_core.package_identification:_identify(Kit/Isaac-Sim/4.1/exts/3) by extension 'cmake'
[0.240s] Level 1:colcon.colcon_core.package_identification:_identify(Kit/Isaac-Sim/4.1/exts/3) by extension 'python'
[0.240s] Level 1:colcon.colcon_core.package_identification:_identify(Kit/Isaac-Sim/4.1/exts/3) by extensions ['python_setup_py']
[0.240s] Level 1:colcon.colcon_core.package_identification:_identify(Kit/Isaac-Sim/4.1/exts/3) by extension 'python_setup_py'
[0.240s] Level 1:colcon.colcon_core.package_identification:_identify(Kit/Isaac-Sim/4.1/pip3-envs) by extensions ['ignore', 'ignore_ament_install']
[0.240s] Level 1:colcon.colcon_core.package_identification:_identify(Kit/Isaac-Sim/4.1/pip3-envs) by extension 'ignore'
[0.240s] Level 1:colcon.colcon_core.package_identification:_identify(Kit/Isaac-Sim/4.1/pip3-envs) by extension 'ignore_ament_install'
[0.240s] Level 1:colcon.colcon_core.package_identification:_identify(Kit/Isaac-Sim/4.1/pip3-envs) by extensions ['colcon_pkg']
[0.240s] Level 1:colcon.colcon_core.package_identification:_identify(Kit/Isaac-Sim/4.1/pip3-envs) by extension 'colcon_pkg'
[0.240s] Level 1:colcon.colcon_core.package_identification:_identify(Kit/Isaac-Sim/4.1/pip3-envs) by extensions ['colcon_meta']
[0.240s] Level 1:colcon.colcon_core.package_identification:_identify(Kit/Isaac-Sim/4.1/pip3-envs) by extension 'colcon_meta'
[0.240s] Level 1:colcon.colcon_core.package_identification:_identify(Kit/Isaac-Sim/4.1/pip3-envs) by extensions ['ros']
[0.240s] Level 1:colcon.colcon_core.package_identification:_identify(Kit/Isaac-Sim/4.1/pip3-envs) by extension 'ros'
[0.241s] Level 1:colcon.colcon_core.package_identification:_identify(Kit/Isaac-Sim/4.1/pip3-envs) by extensions ['cmake', 'python']
[0.241s] Level 1:colcon.colcon_core.package_identification:_identify(Kit/Isaac-Sim/4.1/pip3-envs) by extension 'cmake'
[0.241s] Level 1:colcon.colcon_core.package_identification:_identify(Kit/Isaac-Sim/4.1/pip3-envs) by extension 'python'
[0.241s] Level 1:colcon.colcon_core.package_identification:_identify(Kit/Isaac-Sim/4.1/pip3-envs) by extensions ['python_setup_py']
[0.241s] Level 1:colcon.colcon_core.package_identification:_identify(Kit/Isaac-Sim/4.1/pip3-envs) by extension 'python_setup_py'
[0.241s] Level 1:colcon.colcon_core.package_identification:_identify(Kit/Isaac-Sim/4.1/pip3-envs/default) by extensions ['ignore', 'ignore_ament_install']
[0.241s] Level 1:colcon.colcon_core.package_identification:_identify(Kit/Isaac-Sim/4.1/pip3-envs/default) by extension 'ignore'
[0.241s] Level 1:colcon.colcon_core.package_identification:_identify(Kit/Isaac-Sim/4.1/pip3-envs/default) by extension 'ignore_ament_install'
[0.241s] Level 1:colcon.colcon_core.package_identification:_identify(Kit/Isaac-Sim/4.1/pip3-envs/default) by extensions ['colcon_pkg']
[0.241s] Level 1:colcon.colcon_core.package_identification:_identify(Kit/Isaac-Sim/4.1/pip3-envs/default) by extension 'colcon_pkg'
[0.241s] Level 1:colcon.colcon_core.package_identification:_identify(Kit/Isaac-Sim/4.1/pip3-envs/default) by extensions ['colcon_meta']
[0.241s] Level 1:colcon.colcon_core.package_identification:_identify(Kit/Isaac-Sim/4.1/pip3-envs/default) by extension 'colcon_meta'
[0.241s] Level 1:colcon.colcon_core.package_identification:_identify(Kit/Isaac-Sim/4.1/pip3-envs/default) by extensions ['ros']
[0.241s] Level 1:colcon.colcon_core.package_identification:_identify(Kit/Isaac-Sim/4.1/pip3-envs/default) by extension 'ros'
[0.241s] Level 1:colcon.colcon_core.package_identification:_identify(Kit/Isaac-Sim/4.1/pip3-envs/default) by extensions ['cmake', 'python']
[0.241s] Level 1:colcon.colcon_core.package_identification:_identify(Kit/Isaac-Sim/4.1/pip3-envs/default) by extension 'cmake'
[0.241s] Level 1:colcon.colcon_core.package_identification:_identify(Kit/Isaac-Sim/4.1/pip3-envs/default) by extension 'python'
[0.241s] Level 1:colcon.colcon_core.package_identification:_identify(Kit/Isaac-Sim/4.1/pip3-envs/default) by extensions ['python_setup_py']
[0.241s] Level 1:colcon.colcon_core.package_identification:_identify(Kit/Isaac-Sim/4.1/pip3-envs/default) by extension 'python_setup_py'
[0.241s] Level 1:colcon.colcon_core.package_identification:_identify(Kit/Isaac-Sim_App_Selector) by extensions ['ignore', 'ignore_ament_install']
[0.241s] Level 1:colcon.colcon_core.package_identification:_identify(Kit/Isaac-Sim_App_Selector) by extension 'ignore'
[0.241s] Level 1:colcon.colcon_core.package_identification:_identify(Kit/Isaac-Sim_App_Selector) by extension 'ignore_ament_install'
[0.241s] Level 1:colcon.colcon_core.package_identification:_identify(Kit/Isaac-Sim_App_Selector) by extensions ['colcon_pkg']
[0.241s] Level 1:colcon.colcon_core.package_identification:_identify(Kit/Isaac-Sim_App_Selector) by extension 'colcon_pkg'
[0.241s] Level 1:colcon.colcon_core.package_identification:_identify(Kit/Isaac-Sim_App_Selector) by extensions ['colcon_meta']
[0.241s] Level 1:colcon.colcon_core.package_identification:_identify(Kit/Isaac-Sim_App_Selector) by extension 'colcon_meta'
[0.241s] Level 1:colcon.colcon_core.package_identification:_identify(Kit/Isaac-Sim_App_Selector) by extensions ['ros']
[0.241s] Level 1:colcon.colcon_core.package_identification:_identify(Kit/Isaac-Sim_App_Selector) by extension 'ros'
[0.242s] Level 1:colcon.colcon_core.package_identification:_identify(Kit/Isaac-Sim_App_Selector) by extensions ['cmake', 'python']
[0.242s] Level 1:colcon.colcon_core.package_identification:_identify(Kit/Isaac-Sim_App_Selector) by extension 'cmake'
[0.242s] Level 1:colcon.colcon_core.package_identification:_identify(Kit/Isaac-Sim_App_Selector) by extension 'python'
[0.242s] Level 1:colcon.colcon_core.package_identification:_identify(Kit/Isaac-Sim_App_Selector) by extensions ['python_setup_py']
[0.242s] Level 1:colcon.colcon_core.package_identification:_identify(Kit/Isaac-Sim_App_Selector) by extension 'python_setup_py'
[0.242s] Level 1:colcon.colcon_core.package_identification:_identify(Kit/Isaac-Sim_App_Selector/4.1) by extensions ['ignore', 'ignore_ament_install']
[0.242s] Level 1:colcon.colcon_core.package_identification:_identify(Kit/Isaac-Sim_App_Selector/4.1) by extension 'ignore'
[0.242s] Level 1:colcon.colcon_core.package_identification:_identify(Kit/Isaac-Sim_App_Selector/4.1) by extension 'ignore_ament_install'
[0.242s] Level 1:colcon.colcon_core.package_identification:_identify(Kit/Isaac-Sim_App_Selector/4.1) by extensions ['colcon_pkg']
[0.242s] Level 1:colcon.colcon_core.package_identification:_identify(Kit/Isaac-Sim_App_Selector/4.1) by extension 'colcon_pkg'
[0.242s] Level 1:colcon.colcon_core.package_identification:_identify(Kit/Isaac-Sim_App_Selector/4.1) by extensions ['colcon_meta']
[0.242s] Level 1:colcon.colcon_core.package_identification:_identify(Kit/Isaac-Sim_App_Selector/4.1) by extension 'colcon_meta'
[0.242s] Level 1:colcon.colcon_core.package_identification:_identify(Kit/Isaac-Sim_App_Selector/4.1) by extensions ['ros']
[0.242s] Level 1:colcon.colcon_core.package_identification:_identify(Kit/Isaac-Sim_App_Selector/4.1) by extension 'ros'
[0.242s] Level 1:colcon.colcon_core.package_identification:_identify(Kit/Isaac-Sim_App_Selector/4.1) by extensions ['cmake', 'python']
[0.242s] Level 1:colcon.colcon_core.package_identification:_identify(Kit/Isaac-Sim_App_Selector/4.1) by extension 'cmake'
[0.242s] Level 1:colcon.colcon_core.package_identification:_identify(Kit/Isaac-Sim_App_Selector/4.1) by extension 'python'
[0.242s] Level 1:colcon.colcon_core.package_identification:_identify(Kit/Isaac-Sim_App_Selector/4.1) by extensions ['python_setup_py']
[0.242s] Level 1:colcon.colcon_core.package_identification:_identify(Kit/Isaac-Sim_App_Selector/4.1) by extension 'python_setup_py'
[0.242s] Level 1:colcon.colcon_core.package_identification:_identify(Kit/Isaac-Sim_App_Selector/4.1/exts) by extensions ['ignore', 'ignore_ament_install']
[0.242s] Level 1:colcon.colcon_core.package_identification:_identify(Kit/Isaac-Sim_App_Selector/4.1/exts) by extension 'ignore'
[0.243s] Level 1:colcon.colcon_core.package_identification:_identify(Kit/Isaac-Sim_App_Selector/4.1/exts) by extension 'ignore_ament_install'
[0.243s] Level 1:colcon.colcon_core.package_identification:_identify(Kit/Isaac-Sim_App_Selector/4.1/exts) by extensions ['colcon_pkg']
[0.243s] Level 1:colcon.colcon_core.package_identification:_identify(Kit/Isaac-Sim_App_Selector/4.1/exts) by extension 'colcon_pkg'
[0.243s] Level 1:colcon.colcon_core.package_identification:_identify(Kit/Isaac-Sim_App_Selector/4.1/exts) by extensions ['colcon_meta']
[0.243s] Level 1:colcon.colcon_core.package_identification:_identify(Kit/Isaac-Sim_App_Selector/4.1/exts) by extension 'colcon_meta'
[0.243s] Level 1:colcon.colcon_core.package_identification:_identify(Kit/Isaac-Sim_App_Selector/4.1/exts) by extensions ['ros']
[0.243s] Level 1:colcon.colcon_core.package_identification:_identify(Kit/Isaac-Sim_App_Selector/4.1/exts) by extension 'ros'
[0.243s] Level 1:colcon.colcon_core.package_identification:_identify(Kit/Isaac-Sim_App_Selector/4.1/exts) by extensions ['cmake', 'python']
[0.243s] Level 1:colcon.colcon_core.package_identification:_identify(Kit/Isaac-Sim_App_Selector/4.1/exts) by extension 'cmake'
[0.243s] Level 1:colcon.colcon_core.package_identification:_identify(Kit/Isaac-Sim_App_Selector/4.1/exts) by extension 'python'
[0.243s] Level 1:colcon.colcon_core.package_identification:_identify(Kit/Isaac-Sim_App_Selector/4.1/exts) by extensions ['python_setup_py']
[0.243s] Level 1:colcon.colcon_core.package_identification:_identify(Kit/Isaac-Sim_App_Selector/4.1/exts) by extension 'python_setup_py'
[0.243s] Level 1:colcon.colcon_core.package_identification:_identify(Kit/Isaac-Sim_App_Selector/4.1/exts/3) by extensions ['ignore', 'ignore_ament_install']
[0.243s] Level 1:colcon.colcon_core.package_identification:_identify(Kit/Isaac-Sim_App_Selector/4.1/exts/3) by extension 'ignore'
[0.243s] Level 1:colcon.colcon_core.package_identification:_identify(Kit/Isaac-Sim_App_Selector/4.1/exts/3) by extension 'ignore_ament_install'
[0.243s] Level 1:colcon.colcon_core.package_identification:_identify(Kit/Isaac-Sim_App_Selector/4.1/exts/3) by extensions ['colcon_pkg']
[0.243s] Level 1:colcon.colcon_core.package_identification:_identify(Kit/Isaac-Sim_App_Selector/4.1/exts/3) by extension 'colcon_pkg'
[0.244s] Level 1:colcon.colcon_core.package_identification:_identify(Kit/Isaac-Sim_App_Selector/4.1/exts/3) by extensions ['colcon_meta']
[0.244s] Level 1:colcon.colcon_core.package_identification:_identify(Kit/Isaac-Sim_App_Selector/4.1/exts/3) by extension 'colcon_meta'
[0.244s] Level 1:colcon.colcon_core.package_identification:_identify(Kit/Isaac-Sim_App_Selector/4.1/exts/3) by extensions ['ros']
[0.244s] Level 1:colcon.colcon_core.package_identification:_identify(Kit/Isaac-Sim_App_Selector/4.1/exts/3) by extension 'ros'
[0.244s] Level 1:colcon.colcon_core.package_identification:_identify(Kit/Isaac-Sim_App_Selector/4.1/exts/3) by extensions ['cmake', 'python']
[0.244s] Level 1:colcon.colcon_core.package_identification:_identify(Kit/Isaac-Sim_App_Selector/4.1/exts/3) by extension 'cmake'
[0.244s] Level 1:colcon.colcon_core.package_identification:_identify(Kit/Isaac-Sim_App_Selector/4.1/exts/3) by extension 'python'
[0.244s] Level 1:colcon.colcon_core.package_identification:_identify(Kit/Isaac-Sim_App_Selector/4.1/exts/3) by extensions ['python_setup_py']
[0.244s] Level 1:colcon.colcon_core.package_identification:_identify(Kit/Isaac-Sim_App_Selector/4.1/exts/3) by extension 'python_setup_py'
[0.244s] Level 1:colcon.colcon_core.package_identification:_identify(build) by extensions ['ignore', 'ignore_ament_install']
[0.244s] Level 1:colcon.colcon_core.package_identification:_identify(build) by extension 'ignore'
[0.244s] Level 1:colcon.colcon_core.package_identification:_identify(build) ignored
[0.244s] Level 1:colcon.colcon_core.package_identification:_identify(install) by extensions ['ignore', 'ignore_ament_install']
[0.244s] Level 1:colcon.colcon_core.package_identification:_identify(install) by extension 'ignore'
[0.244s] Level 1:colcon.colcon_core.package_identification:_identify(install) ignored
[0.244s] Level 1:colcon.colcon_core.package_identification:_identify(log) by extensions ['ignore', 'ignore_ament_install']
[0.244s] Level 1:colcon.colcon_core.package_identification:_identify(log) by extension 'ignore'
[0.244s] Level 1:colcon.colcon_core.package_identification:_identify(log) ignored
[0.245s] Level 1:colcon.colcon_core.package_identification:_identify(src) by extensions ['ignore', 'ignore_ament_install']
[0.245s] Level 1:colcon.colcon_core.package_identification:_identify(src) by extension 'ignore'
[0.245s] Level 1:colcon.colcon_core.package_identification:_identify(src) by extension 'ignore_ament_install'
[0.245s] Level 1:colcon.colcon_core.package_identification:_identify(src) by extensions ['colcon_pkg']
[0.245s] Level 1:colcon.colcon_core.package_identification:_identify(src) by extension 'colcon_pkg'
[0.245s] Level 1:colcon.colcon_core.package_identification:_identify(src) by extensions ['colcon_meta']
[0.245s] Level 1:colcon.colcon_core.package_identification:_identify(src) by extension 'colcon_meta'
[0.245s] Level 1:colcon.colcon_core.package_identification:_identify(src) by extensions ['ros']
[0.245s] Level 1:colcon.colcon_core.package_identification:_identify(src) by extension 'ros'
[0.245s] Level 1:colcon.colcon_core.package_identification:_identify(src) by extensions ['cmake', 'python']
[0.245s] Level 1:colcon.colcon_core.package_identification:_identify(src) by extension 'cmake'
[0.245s] Level 1:colcon.colcon_core.package_identification:_identify(src) by extension 'python'
[0.245s] Level 1:colcon.colcon_core.package_identification:_identify(src) by extensions ['python_setup_py']
[0.245s] Level 1:colcon.colcon_core.package_identification:_identify(src) by extension 'python_setup_py'
[0.245s] Level 1:colcon.colcon_core.package_identification:_identify(src/IMU_otamesi) by extensions ['ignore', 'ignore_ament_install']
[0.245s] Level 1:colcon.colcon_core.package_identification:_identify(src/IMU_otamesi) by extension 'ignore'
[0.245s] Level 1:colcon.colcon_core.package_identification:_identify(src/IMU_otamesi) by extension 'ignore_ament_install'
[0.245s] Level 1:colcon.colcon_core.package_identification:_identify(src/IMU_otamesi) by extensions ['colcon_pkg']
[0.245s] Level 1:colcon.colcon_core.package_identification:_identify(src/IMU_otamesi) by extension 'colcon_pkg'
[0.245s] Level 1:colcon.colcon_core.package_identification:_identify(src/IMU_otamesi) by extensions ['colcon_meta']
[0.245s] Level 1:colcon.colcon_core.package_identification:_identify(src/IMU_otamesi) by extension 'colcon_meta'
[0.245s] Level 1:colcon.colcon_core.package_identification:_identify(src/IMU_otamesi) by extensions ['ros']
[0.245s] Level 1:colcon.colcon_core.package_identification:_identify(src/IMU_otamesi) by extension 'ros'
[0.248s] DEBUG:colcon.colcon_core.package_identification:Package 'src/IMU_otamesi' with type 'ros.ament_cmake' and name 'IMU_otamesi'
[0.248s] Level 1:colcon.colcon_core.package_identification:_identify(src/Jettbot_position) by extensions ['ignore', 'ignore_ament_install']
[0.248s] Level 1:colcon.colcon_core.package_identification:_identify(src/Jettbot_position) by extension 'ignore'
[0.248s] Level 1:colcon.colcon_core.package_identification:_identify(src/Jettbot_position) by extension 'ignore_ament_install'
[0.248s] Level 1:colcon.colcon_core.package_identification:_identify(src/Jettbot_position) by extensions ['colcon_pkg']
[0.248s] Level 1:colcon.colcon_core.package_identification:_identify(src/Jettbot_position) by extension 'colcon_pkg'
[0.248s] Level 1:colcon.colcon_core.package_identification:_identify(src/Jettbot_position) by extensions ['colcon_meta']
[0.248s] Level 1:colcon.colcon_core.package_identification:_identify(src/Jettbot_position) by extension 'colcon_meta'
[0.248s] Level 1:colcon.colcon_core.package_identification:_identify(src/Jettbot_position) by extensions ['ros']
[0.248s] Level 1:colcon.colcon_core.package_identification:_identify(src/Jettbot_position) by extension 'ros'
[0.249s] DEBUG:colcon.colcon_core.package_identification:Package 'src/Jettbot_position' with type 'ros.ament_python' and name 'Jettbot_position'
[0.249s] Level 1:colcon.colcon_core.package_identification:_identify(src/build) by extensions ['ignore', 'ignore_ament_install']
[0.249s] Level 1:colcon.colcon_core.package_identification:_identify(src/build) by extension 'ignore'
[0.249s] Level 1:colcon.colcon_core.package_identification:_identify(src/build) ignored
[0.249s] Level 1:colcon.colcon_core.package_identification:_identify(src/calc_cpp) by extensions ['ignore', 'ignore_ament_install']
[0.249s] Level 1:colcon.colcon_core.package_identification:_identify(src/calc_cpp) by extension 'ignore'
[0.249s] Level 1:colcon.colcon_core.package_identification:_identify(src/calc_cpp) by extension 'ignore_ament_install'
[0.249s] Level 1:colcon.colcon_core.package_identification:_identify(src/calc_cpp) by extensions ['colcon_pkg']
[0.249s] Level 1:colcon.colcon_core.package_identification:_identify(src/calc_cpp) by extension 'colcon_pkg'
[0.249s] Level 1:colcon.colcon_core.package_identification:_identify(src/calc_cpp) by extensions ['colcon_meta']
[0.249s] Level 1:colcon.colcon_core.package_identification:_identify(src/calc_cpp) by extension 'colcon_meta'
[0.249s] Level 1:colcon.colcon_core.package_identification:_identify(src/calc_cpp) by extensions ['ros']
[0.249s] Level 1:colcon.colcon_core.package_identification:_identify(src/calc_cpp) by extension 'ros'
[0.250s] DEBUG:colcon.colcon_core.package_identification:Package 'src/calc_cpp' with type 'ros.ament_cmake' and name 'my_cpp_pose_subscriber'
[0.250s] Level 1:colcon.colcon_core.package_identification:_identify(src/calc_py) by extensions ['ignore', 'ignore_ament_install']
[0.250s] Level 1:colcon.colcon_core.package_identification:_identify(src/calc_py) by extension 'ignore'
[0.250s] Level 1:colcon.colcon_core.package_identification:_identify(src/calc_py) by extension 'ignore_ament_install'
[0.250s] Level 1:colcon.colcon_core.package_identification:_identify(src/calc_py) by extensions ['colcon_pkg']
[0.250s] Level 1:colcon.colcon_core.package_identification:_identify(src/calc_py) by extension 'colcon_pkg'
[0.250s] Level 1:colcon.colcon_core.package_identification:_identify(src/calc_py) by extensions ['colcon_meta']
[0.250s] Level 1:colcon.colcon_core.package_identification:_identify(src/calc_py) by extension 'colcon_meta'
[0.250s] Level 1:colcon.colcon_core.package_identification:_identify(src/calc_py) by extensions ['ros']
[0.250s] Level 1:colcon.colcon_core.package_identification:_identify(src/calc_py) by extension 'ros'
[0.251s] DEBUG:colcon.colcon_core.package_identification:Package 'src/calc_py' with type 'ros.ament_python' and name 'my_ros2_package'
[0.251s] Level 1:colcon.colcon_core.package_identification:_identify(src/cube_controller) by extensions ['ignore', 'ignore_ament_install']
[0.251s] Level 1:colcon.colcon_core.package_identification:_identify(src/cube_controller) by extension 'ignore'
[0.251s] Level 1:colcon.colcon_core.package_identification:_identify(src/cube_controller) by extension 'ignore_ament_install'
[0.251s] Level 1:colcon.colcon_core.package_identification:_identify(src/cube_controller) by extensions ['colcon_pkg']
[0.251s] Level 1:colcon.colcon_core.package_identification:_identify(src/cube_controller) by extension 'colcon_pkg'
[0.251s] Level 1:colcon.colcon_core.package_identification:_identify(src/cube_controller) by extensions ['colcon_meta']
[0.251s] Level 1:colcon.colcon_core.package_identification:_identify(src/cube_controller) by extension 'colcon_meta'
[0.251s] Level 1:colcon.colcon_core.package_identification:_identify(src/cube_controller) by extensions ['ros']
[0.251s] Level 1:colcon.colcon_core.package_identification:_identify(src/cube_controller) by extension 'ros'
[0.252s] DEBUG:colcon.colcon_core.package_identification:Package 'src/cube_controller' with type 'ros.ament_python' and name 'cube_controller'
[0.252s] Level 1:colcon.colcon_core.package_identification:_identify(src/custom_message) by extensions ['ignore', 'ignore_ament_install']
[0.252s] Level 1:colcon.colcon_core.package_identification:_identify(src/custom_message) by extension 'ignore'
[0.252s] Level 1:colcon.colcon_core.package_identification:_identify(src/custom_message) by extension 'ignore_ament_install'
[0.252s] Level 1:colcon.colcon_core.package_identification:_identify(src/custom_message) by extensions ['colcon_pkg']
[0.252s] Level 1:colcon.colcon_core.package_identification:_identify(src/custom_message) by extension 'colcon_pkg'
[0.252s] Level 1:colcon.colcon_core.package_identification:_identify(src/custom_message) by extensions ['colcon_meta']
[0.252s] Level 1:colcon.colcon_core.package_identification:_identify(src/custom_message) by extension 'colcon_meta'
[0.252s] Level 1:colcon.colcon_core.package_identification:_identify(src/custom_message) by extensions ['ros']
[0.252s] Level 1:colcon.colcon_core.package_identification:_identify(src/custom_message) by extension 'ros'
[0.253s] DEBUG:colcon.colcon_core.package_identification:Package 'src/custom_message' with type 'ros.ament_cmake' and name 'custom_message'
[0.253s] Level 1:colcon.colcon_core.package_identification:_identify(src/install) by extensions ['ignore', 'ignore_ament_install']
[0.253s] Level 1:colcon.colcon_core.package_identification:_identify(src/install) by extension 'ignore'
[0.253s] Level 1:colcon.colcon_core.package_identification:_identify(src/install) ignored
[0.253s] Level 1:colcon.colcon_core.package_identification:_identify(src/isaac_ros2_messages) by extensions ['ignore', 'ignore_ament_install']
[0.253s] Level 1:colcon.colcon_core.package_identification:_identify(src/isaac_ros2_messages) by extension 'ignore'
[0.253s] Level 1:colcon.colcon_core.package_identification:_identify(src/isaac_ros2_messages) by extension 'ignore_ament_install'
[0.253s] Level 1:colcon.colcon_core.package_identification:_identify(src/isaac_ros2_messages) by extensions ['colcon_pkg']
[0.253s] Level 1:colcon.colcon_core.package_identification:_identify(src/isaac_ros2_messages) by extension 'colcon_pkg'
[0.253s] Level 1:colcon.colcon_core.package_identification:_identify(src/isaac_ros2_messages) by extensions ['colcon_meta']
[0.253s] Level 1:colcon.colcon_core.package_identification:_identify(src/isaac_ros2_messages) by extension 'colcon_meta'
[0.253s] Level 1:colcon.colcon_core.package_identification:_identify(src/isaac_ros2_messages) by extensions ['ros']
[0.253s] Level 1:colcon.colcon_core.package_identification:_identify(src/isaac_ros2_messages) by extension 'ros'
[0.254s] DEBUG:colcon.colcon_core.package_identification:Package 'src/isaac_ros2_messages' with type 'ros.ament_cmake' and name 'isaac_ros2_messages'
[0.254s] Level 1:colcon.colcon_core.package_identification:_identify(src/isaac_tutorials) by extensions ['ignore', 'ignore_ament_install']
[0.254s] Level 1:colcon.colcon_core.package_identification:_identify(src/isaac_tutorials) by extension 'ignore'
[0.254s] Level 1:colcon.colcon_core.package_identification:_identify(src/isaac_tutorials) by extension 'ignore_ament_install'
[0.254s] Level 1:colcon.colcon_core.package_identification:_identify(src/isaac_tutorials) by extensions ['colcon_pkg']
[0.254s] Level 1:colcon.colcon_core.package_identification:_identify(src/isaac_tutorials) by extension 'colcon_pkg'
[0.255s] Level 1:colcon.colcon_core.package_identification:_identify(src/isaac_tutorials) by extensions ['colcon_meta']
[0.255s] Level 1:colcon.colcon_core.package_identification:_identify(src/isaac_tutorials) by extension 'colcon_meta'
[0.255s] Level 1:colcon.colcon_core.package_identification:_identify(src/isaac_tutorials) by extensions ['ros']
[0.255s] Level 1:colcon.colcon_core.package_identification:_identify(src/isaac_tutorials) by extension 'ros'
[0.255s] DEBUG:colcon.colcon_core.package_identification:Package 'src/isaac_tutorials' with type 'ros.ament_cmake' and name 'isaac_tutorials'
[0.255s] Level 1:colcon.colcon_core.package_identification:_identify(src/isaacsim) by extensions ['ignore', 'ignore_ament_install']
[0.255s] Level 1:colcon.colcon_core.package_identification:_identify(src/isaacsim) by extension 'ignore'
[0.255s] Level 1:colcon.colcon_core.package_identification:_identify(src/isaacsim) by extension 'ignore_ament_install'
[0.255s] Level 1:colcon.colcon_core.package_identification:_identify(src/isaacsim) by extensions ['colcon_pkg']
[0.255s] Level 1:colcon.colcon_core.package_identification:_identify(src/isaacsim) by extension 'colcon_pkg'
[0.255s] Level 1:colcon.colcon_core.package_identification:_identify(src/isaacsim) by extensions ['colcon_meta']
[0.255s] Level 1:colcon.colcon_core.package_identification:_identify(src/isaacsim) by extension 'colcon_meta'
[0.255s] Level 1:colcon.colcon_core.package_identification:_identify(src/isaacsim) by extensions ['ros']
[0.255s] Level 1:colcon.colcon_core.package_identification:_identify(src/isaacsim) by extension 'ros'
[0.256s] DEBUG:colcon.colcon_core.package_identification:Package 'src/isaacsim' with type 'ros.ament_cmake' and name 'isaacsim'
[0.256s] Level 1:colcon.colcon_core.package_identification:_identify(src/jetbot_controller) by extensions ['ignore', 'ignore_ament_install']
[0.256s] Level 1:colcon.colcon_core.package_identification:_identify(src/jetbot_controller) by extension 'ignore'
[0.256s] Level 1:colcon.colcon_core.package_identification:_identify(src/jetbot_controller) by extension 'ignore_ament_install'
[0.256s] Level 1:colcon.colcon_core.package_identification:_identify(src/jetbot_controller) by extensions ['colcon_pkg']
[0.256s] Level 1:colcon.colcon_core.package_identification:_identify(src/jetbot_controller) by extension 'colcon_pkg'
[0.256s] Level 1:colcon.colcon_core.package_identification:_identify(src/jetbot_controller) by extensions ['colcon_meta']
[0.256s] Level 1:colcon.colcon_core.package_identification:_identify(src/jetbot_controller) by extension 'colcon_meta'
[0.256s] Level 1:colcon.colcon_core.package_identification:_identify(src/jetbot_controller) by extensions ['ros']
[0.256s] Level 1:colcon.colcon_core.package_identification:_identify(src/jetbot_controller) by extension 'ros'
[0.257s] DEBUG:colcon.colcon_core.package_identification:Package 'src/jetbot_controller' with type 'ros.ament_python' and name 'jetbot_controller'
[0.257s] Level 1:colcon.colcon_core.package_identification:_identify(src/log) by extensions ['ignore', 'ignore_ament_install']
[0.257s] Level 1:colcon.colcon_core.package_identification:_identify(src/log) by extension 'ignore'
[0.257s] Level 1:colcon.colcon_core.package_identification:_identify(src/log) ignored
[0.257s] Level 1:colcon.colcon_core.package_identification:_identify(src/navigation) by extensions ['ignore', 'ignore_ament_install']
[0.257s] Level 1:colcon.colcon_core.package_identification:_identify(src/navigation) by extension 'ignore'
[0.257s] Level 1:colcon.colcon_core.package_identification:_identify(src/navigation) by extension 'ignore_ament_install'
[0.257s] Level 1:colcon.colcon_core.package_identification:_identify(src/navigation) by extensions ['colcon_pkg']
[0.257s] Level 1:colcon.colcon_core.package_identification:_identify(src/navigation) by extension 'colcon_pkg'
[0.257s] Level 1:colcon.colcon_core.package_identification:_identify(src/navigation) by extensions ['colcon_meta']
[0.257s] Level 1:colcon.colcon_core.package_identification:_identify(src/navigation) by extension 'colcon_meta'
[0.257s] Level 1:colcon.colcon_core.package_identification:_identify(src/navigation) by extensions ['ros']
[0.257s] Level 1:colcon.colcon_core.package_identification:_identify(src/navigation) by extension 'ros'
[0.257s] Level 1:colcon.colcon_core.package_identification:_identify(src/navigation) by extensions ['cmake', 'python']
[0.257s] Level 1:colcon.colcon_core.package_identification:_identify(src/navigation) by extension 'cmake'
[0.257s] Level 1:colcon.colcon_core.package_identification:_identify(src/navigation) by extension 'python'
[0.257s] Level 1:colcon.colcon_core.package_identification:_identify(src/navigation) by extensions ['python_setup_py']
[0.258s] Level 1:colcon.colcon_core.package_identification:_identify(src/navigation) by extension 'python_setup_py'
[0.258s] Level 1:colcon.colcon_core.package_identification:_identify(src/navigation/carter_navigation) by extensions ['ignore', 'ignore_ament_install']
[0.258s] Level 1:colcon.colcon_core.package_identification:_identify(src/navigation/carter_navigation) by extension 'ignore'
[0.258s] Level 1:colcon.colcon_core.package_identification:_identify(src/navigation/carter_navigation) by extension 'ignore_ament_install'
[0.258s] Level 1:colcon.colcon_core.package_identification:_identify(src/navigation/carter_navigation) by extensions ['colcon_pkg']
[0.258s] Level 1:colcon.colcon_core.package_identification:_identify(src/navigation/carter_navigation) by extension 'colcon_pkg'
[0.258s] Level 1:colcon.colcon_core.package_identification:_identify(src/navigation/carter_navigation) by extensions ['colcon_meta']
[0.258s] Level 1:colcon.colcon_core.package_identification:_identify(src/navigation/carter_navigation) by extension 'colcon_meta'
[0.258s] Level 1:colcon.colcon_core.package_identification:_identify(src/navigation/carter_navigation) by extensions ['ros']
[0.258s] Level 1:colcon.colcon_core.package_identification:_identify(src/navigation/carter_navigation) by extension 'ros'
[0.258s] DEBUG:colcon.colcon_core.package_identification:Package 'src/navigation/carter_navigation' with type 'ros.ament_cmake' and name 'carter_navigation'
[0.259s] Level 1:colcon.colcon_core.package_identification:_identify(src/navigation/isaac_ros_navigation_goal) by extensions ['ignore', 'ignore_ament_install']
[0.259s] Level 1:colcon.colcon_core.package_identification:_identify(src/navigation/isaac_ros_navigation_goal) by extension 'ignore'
[0.259s] Level 1:colcon.colcon_core.package_identification:_identify(src/navigation/isaac_ros_navigation_goal) by extension 'ignore_ament_install'
[0.259s] Level 1:colcon.colcon_core.package_identification:_identify(src/navigation/isaac_ros_navigation_goal) by extensions ['colcon_pkg']
[0.259s] Level 1:colcon.colcon_core.package_identification:_identify(src/navigation/isaac_ros_navigation_goal) by extension 'colcon_pkg'
[0.259s] Level 1:colcon.colcon_core.package_identification:_identify(src/navigation/isaac_ros_navigation_goal) by extensions ['colcon_meta']
[0.259s] Level 1:colcon.colcon_core.package_identification:_identify(src/navigation/isaac_ros_navigation_goal) by extension 'colcon_meta'
[0.259s] Level 1:colcon.colcon_core.package_identification:_identify(src/navigation/isaac_ros_navigation_goal) by extensions ['ros']
[0.259s] Level 1:colcon.colcon_core.package_identification:_identify(src/navigation/isaac_ros_navigation_goal) by extension 'ros'
[0.259s] DEBUG:colcon.colcon_core.package_identification:Package 'src/navigation/isaac_ros_navigation_goal' with type 'ros.ament_python' and name 'isaac_ros_navigation_goal'
[0.260s] Level 1:colcon.colcon_core.package_discovery:discover_packages(recursive) using defaults
[0.260s] Level 1:colcon.colcon_core.package_discovery:discover_packages(ignore) discover
[0.260s] Level 1:colcon.colcon_core.package_discovery:discover_packages(ignore) using defaults
[0.260s] Level 1:colcon.colcon_core.package_discovery:discover_packages(path) discover
[0.260s] Level 1:colcon.colcon_core.package_discovery:discover_packages(path) using defaults
[0.288s] Level 1:colcon.colcon_core.package_discovery:discover_packages(prefix_path) check parameters
[0.288s] Level 1:colcon.colcon_core.package_discovery:discover_packages(prefix_path) discover
[0.289s] DEBUG:colcon.colcon_installed_package_information.package_discovery:Found 13 installed packages in /home/robotdeveloper02/IsaacSim-ros_workspaces-main/humble_ws/install
[0.291s] DEBUG:colcon.colcon_installed_package_information.package_discovery:Found 381 installed packages in /opt/ros/humble
[0.292s] Level 1:colcon.colcon_core.package_discovery:discover_packages(prefix_path) using defaults
[0.333s] Level 5:colcon.colcon_core.verb:set package 'Jettbot_position' build argument 'cmake_args' from command line to 'None'
[0.333s] Level 5:colcon.colcon_core.verb:set package 'Jettbot_position' build argument 'cmake_target' from command line to 'None'
[0.333s] Level 5:colcon.colcon_core.verb:set package 'Jettbot_position' build argument 'cmake_target_skip_unavailable' from command line to 'False'
[0.333s] Level 5:colcon.colcon_core.verb:set package 'Jettbot_position' build argument 'cmake_clean_cache' from command line to 'False'
[0.333s] Level 5:colcon.colcon_core.verb:set package 'Jettbot_position' build argument 'cmake_clean_first' from command line to 'False'
[0.333s] Level 5:colcon.colcon_core.verb:set package 'Jettbot_position' build argument 'cmake_force_configure' from command line to 'False'
[0.333s] Level 5:colcon.colcon_core.verb:set package 'Jettbot_position' build argument 'ament_cmake_args' from command line to 'None'
[0.333s] Level 5:colcon.colcon_core.verb:set package 'Jettbot_position' build argument 'catkin_cmake_args' from command line to 'None'
[0.333s] Level 5:colcon.colcon_core.verb:set package 'Jettbot_position' build argument 'catkin_skip_building_tests' from command line to 'False'
[0.333s] DEBUG:colcon.colcon_core.verb:Building package 'Jettbot_position' with the following arguments: {'ament_cmake_args': None, 'build_base': '/home/robotdeveloper02/IsaacSim-ros_workspaces-main/humble_ws/build/Jettbot_position', 'catkin_cmake_args': None, 'catkin_skip_building_tests': False, 'cmake_args': None, 'cmake_clean_cache': False, 'cmake_clean_first': False, 'cmake_force_configure': False, 'cmake_target': None, 'cmake_target_skip_unavailable': False, 'install_base': '/home/robotdeveloper02/IsaacSim-ros_workspaces-main/humble_ws/install/Jettbot_position', 'merge_install': False, 'path': '/home/robotdeveloper02/IsaacSim-ros_workspaces-main/humble_ws/src/Jettbot_position', 'symlink_install': False, 'test_result_base': None}
[0.333s] Level 5:colcon.colcon_core.verb:set package 'carter_navigation' build argument 'cmake_args' from command line to 'None'
[0.333s] Level 5:colcon.colcon_core.verb:set package 'carter_navigation' build argument 'cmake_target' from command line to 'None'
[0.333s] Level 5:colcon.colcon_core.verb:set package 'carter_navigation' build argument 'cmake_target_skip_unavailable' from command line to 'False'
[0.333s] Level 5:colcon.colcon_core.verb:set package 'carter_navigation' build argument 'cmake_clean_cache' from command line to 'False'
[0.333s] Level 5:colcon.colcon_core.verb:set package 'carter_navigation' build argument 'cmake_clean_first' from command line to 'False'
[0.333s] Level 5:colcon.colcon_core.verb:set package 'carter_navigation' build argument 'cmake_force_configure' from command line to 'False'
[0.333s] Level 5:colcon.colcon_core.verb:set package 'carter_navigation' build argument 'ament_cmake_args' from command line to 'None'
[0.333s] Level 5:colcon.colcon_core.verb:set package 'carter_navigation' build argument 'catkin_cmake_args' from command line to 'None'
[0.333s] Level 5:colcon.colcon_core.verb:set package 'carter_navigation' build argument 'catkin_skip_building_tests' from command line to 'False'
[0.333s] DEBUG:colcon.colcon_core.verb:Building package 'carter_navigation' with the following arguments: {'ament_cmake_args': None, 'build_base': '/home/robotdeveloper02/IsaacSim-ros_workspaces-main/humble_ws/build/carter_navigation', 'catkin_cmake_args': None, 'catkin_skip_building_tests': False, 'cmake_args': None, 'cmake_clean_cache': False, 'cmake_clean_first': False, 'cmake_force_configure': False, 'cmake_target': None, 'cmake_target_skip_unavailable': False, 'install_base': '/home/robotdeveloper02/IsaacSim-ros_workspaces-main/humble_ws/install/carter_navigation', 'merge_install': False, 'path': '/home/robotdeveloper02/IsaacSim-ros_workspaces-main/humble_ws/src/navigation/carter_navigation', 'symlink_install': False, 'test_result_base': None}
[0.334s] Level 5:colcon.colcon_core.verb:set package 'cube_controller' build argument 'cmake_args' from command line to 'None'
[0.334s] Level 5:colcon.colcon_core.verb:set package 'cube_controller' build argument 'cmake_target' from command line to 'None'
[0.334s] Level 5:colcon.colcon_core.verb:set package 'cube_controller' build argument 'cmake_target_skip_unavailable' from command line to 'False'
[0.334s] Level 5:colcon.colcon_core.verb:set package 'cube_controller' build argument 'cmake_clean_cache' from command line to 'False'
[0.334s] Level 5:colcon.colcon_core.verb:set package 'cube_controller' build argument 'cmake_clean_first' from command line to 'False'
[0.334s] Level 5:colcon.colcon_core.verb:set package 'cube_controller' build argument 'cmake_force_configure' from command line to 'False'
[0.334s] Level 5:colcon.colcon_core.verb:set package 'cube_controller' build argument 'ament_cmake_args' from command line to 'None'
[0.334s] Level 5:colcon.colcon_core.verb:set package 'cube_controller' build argument 'catkin_cmake_args' from command line to 'None'
[0.334s] Level 5:colcon.colcon_core.verb:set package 'cube_controller' build argument 'catkin_skip_building_tests' from command line to 'False'
[0.334s] DEBUG:colcon.colcon_core.verb:Building package 'cube_controller' with the following arguments: {'ament_cmake_args': None, 'build_base': '/home/robotdeveloper02/IsaacSim-ros_workspaces-main/humble_ws/build/cube_controller', 'catkin_cmake_args': None, 'catkin_skip_building_tests': False, 'cmake_args': None, 'cmake_clean_cache': False, 'cmake_clean_first': False, 'cmake_force_configure': False, 'cmake_target': None, 'cmake_target_skip_unavailable': False, 'install_base': '/home/robotdeveloper02/IsaacSim-ros_workspaces-main/humble_ws/install/cube_controller', 'merge_install': False, 'path': '/home/robotdeveloper02/IsaacSim-ros_workspaces-main/humble_ws/src/cube_controller', 'symlink_install': False, 'test_result_base': None}
[0.334s] Level 5:colcon.colcon_core.verb:set package 'custom_message' build argument 'cmake_args' from command line to 'None'
[0.334s] Level 5:colcon.colcon_core.verb:set package 'custom_message' build argument 'cmake_target' from command line to 'None'
[0.334s] Level 5:colcon.colcon_core.verb:set package 'custom_message' build argument 'cmake_target_skip_unavailable' from command line to 'False'
[0.334s] Level 5:colcon.colcon_core.verb:set package 'custom_message' build argument 'cmake_clean_cache' from command line to 'False'
[0.334s] Level 5:colcon.colcon_core.verb:set package 'custom_message' build argument 'cmake_clean_first' from command line to 'False'
[0.334s] Level 5:colcon.colcon_core.verb:set package 'custom_message' build argument 'cmake_force_configure' from command line to 'False'
[0.334s] Level 5:colcon.colcon_core.verb:set package 'custom_message' build argument 'ament_cmake_args' from command line to 'None'
[0.334s] Level 5:colcon.colcon_core.verb:set package 'custom_message' build argument 'catkin_cmake_args' from command line to 'None'
[0.334s] Level 5:colcon.colcon_core.verb:set package 'custom_message' build argument 'catkin_skip_building_tests' from command line to 'False'
[0.334s] DEBUG:colcon.colcon_core.verb:Building package 'custom_message' with the following arguments: {'ament_cmake_args': None, 'build_base': '/home/robotdeveloper02/IsaacSim-ros_workspaces-main/humble_ws/build/custom_message', 'catkin_cmake_args': None, 'catkin_skip_building_tests': False, 'cmake_args': None, 'cmake_clean_cache': False, 'cmake_clean_first': False, 'cmake_force_configure': False, 'cmake_target': None, 'cmake_target_skip_unavailable': False, 'install_base': '/home/robotdeveloper02/IsaacSim-ros_workspaces-main/humble_ws/install/custom_message', 'merge_install': False, 'path': '/home/robotdeveloper02/IsaacSim-ros_workspaces-main/humble_ws/src/custom_message', 'symlink_install': False, 'test_result_base': None}
[0.335s] Level 5:colcon.colcon_core.verb:set package 'isaac_ros2_messages' build argument 'cmake_args' from command line to 'None'
[0.335s] Level 5:colcon.colcon_core.verb:set package 'isaac_ros2_messages' build argument 'cmake_target' from command line to 'None'
[0.335s] Level 5:colcon.colcon_core.verb:set package 'isaac_ros2_messages' build argument 'cmake_target_skip_unavailable' from command line to 'False'
[0.335s] Level 5:colcon.colcon_core.verb:set package 'isaac_ros2_messages' build argument 'cmake_clean_cache' from command line to 'False'
[0.335s] Level 5:colcon.colcon_core.verb:set package 'isaac_ros2_messages' build argument 'cmake_clean_first' from command line to 'False'
[0.335s] Level 5:colcon.colcon_core.verb:set package 'isaac_ros2_messages' build argument 'cmake_force_configure' from command line to 'False'
[0.335s] Level 5:colcon.colcon_core.verb:set package 'isaac_ros2_messages' build argument 'ament_cmake_args' from command line to 'None'
[0.335s] Level 5:colcon.colcon_core.verb:set package 'isaac_ros2_messages' build argument 'catkin_cmake_args' from command line to 'None'
[0.335s] Level 5:colcon.colcon_core.verb:set package 'isaac_ros2_messages' build argument 'catkin_skip_building_tests' from command line to 'False'
[0.335s] DEBUG:colcon.colcon_core.verb:Building package 'isaac_ros2_messages' with the following arguments: {'ament_cmake_args': None, 'build_base': '/home/robotdeveloper02/IsaacSim-ros_workspaces-main/humble_ws/build/isaac_ros2_messages', 'catkin_cmake_args': None, 'catkin_skip_building_tests': False, 'cmake_args': None, 'cmake_clean_cache': False, 'cmake_clean_first': False, 'cmake_force_configure': False, 'cmake_target': None, 'cmake_target_skip_unavailable': False, 'install_base': '/home/robotdeveloper02/IsaacSim-ros_workspaces-main/humble_ws/install/isaac_ros2_messages', 'merge_install': False, 'path': '/home/robotdeveloper02/IsaacSim-ros_workspaces-main/humble_ws/src/isaac_ros2_messages', 'symlink_install': False, 'test_result_base': None}
[0.335s] Level 5:colcon.colcon_core.verb:set package 'isaac_ros_navigation_goal' build argument 'cmake_args' from command line to 'None'
[0.335s] Level 5:colcon.colcon_core.verb:set package 'isaac_ros_navigation_goal' build argument 'cmake_target' from command line to 'None'
[0.335s] Level 5:colcon.colcon_core.verb:set package 'isaac_ros_navigation_goal' build argument 'cmake_target_skip_unavailable' from command line to 'False'
[0.335s] Level 5:colcon.colcon_core.verb:set package 'isaac_ros_navigation_goal' build argument 'cmake_clean_cache' from command line to 'False'
[0.335s] Level 5:colcon.colcon_core.verb:set package 'isaac_ros_navigation_goal' build argument 'cmake_clean_first' from command line to 'False'
[0.335s] Level 5:colcon.colcon_core.verb:set package 'isaac_ros_navigation_goal' build argument 'cmake_force_configure' from command line to 'False'
[0.335s] Level 5:colcon.colcon_core.verb:set package 'isaac_ros_navigation_goal' build argument 'ament_cmake_args' from command line to 'None'
[0.335s] Level 5:colcon.colcon_core.verb:set package 'isaac_ros_navigation_goal' build argument 'catkin_cmake_args' from command line to 'None'
[0.335s] Level 5:colcon.colcon_core.verb:set package 'isaac_ros_navigation_goal' build argument 'catkin_skip_building_tests' from command line to 'False'
[0.335s] DEBUG:colcon.colcon_core.verb:Building package 'isaac_ros_navigation_goal' with the following arguments: {'ament_cmake_args': None, 'build_base': '/home/robotdeveloper02/IsaacSim-ros_workspaces-main/humble_ws/build/isaac_ros_navigation_goal', 'catkin_cmake_args': None, 'catkin_skip_building_tests': False, 'cmake_args': None, 'cmake_clean_cache': False, 'cmake_clean_first': False, 'cmake_force_configure': False, 'cmake_target': None, 'cmake_target_skip_unavailable': False, 'install_base': '/home/robotdeveloper02/IsaacSim-ros_workspaces-main/humble_ws/install/isaac_ros_navigation_goal', 'merge_install': False, 'path': '/home/robotdeveloper02/IsaacSim-ros_workspaces-main/humble_ws/src/navigation/isaac_ros_navigation_goal', 'symlink_install': False, 'test_result_base': None}
[0.335s] Level 5:colcon.colcon_core.verb:set package 'isaac_tutorials' build argument 'cmake_args' from command line to 'None'
[0.335s] Level 5:colcon.colcon_core.verb:set package 'isaac_tutorials' build argument 'cmake_target' from command line to 'None'
[0.335s] Level 5:colcon.colcon_core.verb:set package 'isaac_tutorials' build argument 'cmake_target_skip_unavailable' from command line to 'False'
[0.335s] Level 5:colcon.colcon_core.verb:set package 'isaac_tutorials' build argument 'cmake_clean_cache' from command line to 'False'
[0.335s] Level 5:colcon.colcon_core.verb:set package 'isaac_tutorials' build argument 'cmake_clean_first' from command line to 'False'
[0.335s] Level 5:colcon.colcon_core.verb:set package 'isaac_tutorials' build argument 'cmake_force_configure' from command line to 'False'
[0.335s] Level 5:colcon.colcon_core.verb:set package 'isaac_tutorials' build argument 'ament_cmake_args' from command line to 'None'
[0.336s] Level 5:colcon.colcon_core.verb:set package 'isaac_tutorials' build argument 'catkin_cmake_args' from command line to 'None'
[0.336s] Level 5:colcon.colcon_core.verb:set package 'isaac_tutorials' build argument 'catkin_skip_building_tests' from command line to 'False'
[0.336s] DEBUG:colcon.colcon_core.verb:Building package 'isaac_tutorials' with the following arguments: {'ament_cmake_args': None, 'build_base': '/home/robotdeveloper02/IsaacSim-ros_workspaces-main/humble_ws/build/isaac_tutorials', 'catkin_cmake_args': None, 'catkin_skip_building_tests': False, 'cmake_args': None, 'cmake_clean_cache': False, 'cmake_clean_first': False, 'cmake_force_configure': False, 'cmake_target': None, 'cmake_target_skip_unavailable': False, 'install_base': '/home/robotdeveloper02/IsaacSim-ros_workspaces-main/humble_ws/install/isaac_tutorials', 'merge_install': False, 'path': '/home/robotdeveloper02/IsaacSim-ros_workspaces-main/humble_ws/src/isaac_tutorials', 'symlink_install': False, 'test_result_base': None}
[0.336s] Level 5:colcon.colcon_core.verb:set package 'isaacsim' build argument 'cmake_args' from command line to 'None'
[0.336s] Level 5:colcon.colcon_core.verb:set package 'isaacsim' build argument 'cmake_target' from command line to 'None'
[0.336s] Level 5:colcon.colcon_core.verb:set package 'isaacsim' build argument 'cmake_target_skip_unavailable' from command line to 'False'
[0.336s] Level 5:colcon.colcon_core.verb:set package 'isaacsim' build argument 'cmake_clean_cache' from command line to 'False'
[0.336s] Level 5:colcon.colcon_core.verb:set package 'isaacsim' build argument 'cmake_clean_first' from command line to 'False'
[0.336s] Level 5:colcon.colcon_core.verb:set package 'isaacsim' build argument 'cmake_force_configure' from command line to 'False'
[0.336s] Level 5:colcon.colcon_core.verb:set package 'isaacsim' build argument 'ament_cmake_args' from command line to 'None'
[0.336s] Level 5:colcon.colcon_core.verb:set package 'isaacsim' build argument 'catkin_cmake_args' from command line to 'None'
[0.336s] Level 5:colcon.colcon_core.verb:set package 'isaacsim' build argument 'catkin_skip_building_tests' from command line to 'False'
[0.336s] DEBUG:colcon.colcon_core.verb:Building package 'isaacsim' with the following arguments: {'ament_cmake_args': None, 'build_base': '/home/robotdeveloper02/IsaacSim-ros_workspaces-main/humble_ws/build/isaacsim', 'catkin_cmake_args': None, 'catkin_skip_building_tests': False, 'cmake_args': None, 'cmake_clean_cache': False, 'cmake_clean_first': False, 'cmake_force_configure': False, 'cmake_target': None, 'cmake_target_skip_unavailable': False, 'install_base': '/home/robotdeveloper02/IsaacSim-ros_workspaces-main/humble_ws/install/isaacsim', 'merge_install': False, 'path': '/home/robotdeveloper02/IsaacSim-ros_workspaces-main/humble_ws/src/isaacsim', 'symlink_install': False, 'test_result_base': None}
[0.336s] Level 5:colcon.colcon_core.verb:set package 'jetbot_controller' build argument 'cmake_args' from command line to 'None'
[0.336s] Level 5:colcon.colcon_core.verb:set package 'jetbot_controller' build argument 'cmake_target' from command line to 'None'
[0.336s] Level 5:colcon.colcon_core.verb:set package 'jetbot_controller' build argument 'cmake_target_skip_unavailable' from command line to 'False'
[0.336s] Level 5:colcon.colcon_core.verb:set package 'jetbot_controller' build argument 'cmake_clean_cache' from command line to 'False'
[0.336s] Level 5:colcon.colcon_core.verb:set package 'jetbot_controller' build argument 'cmake_clean_first' from command line to 'False'
[0.336s] Level 5:colcon.colcon_core.verb:set package 'jetbot_controller' build argument 'cmake_force_configure' from command line to 'False'
[0.336s] Level 5:colcon.colcon_core.verb:set package 'jetbot_controller' build argument 'ament_cmake_args' from command line to 'None'
[0.336s] Level 5:colcon.colcon_core.verb:set package 'jetbot_controller' build argument 'catkin_cmake_args' from command line to 'None'
[0.336s] Level 5:colcon.colcon_core.verb:set package 'jetbot_controller' build argument 'catkin_skip_building_tests' from command line to 'False'
[0.336s] DEBUG:colcon.colcon_core.verb:Building package 'jetbot_controller' with the following arguments: {'ament_cmake_args': None, 'build_base': '/home/robotdeveloper02/IsaacSim-ros_workspaces-main/humble_ws/build/jetbot_controller', 'catkin_cmake_args': None, 'catkin_skip_building_tests': False, 'cmake_args': None, 'cmake_clean_cache': False, 'cmake_clean_first': False, 'cmake_force_configure': False, 'cmake_target': None, 'cmake_target_skip_unavailable': False, 'install_base': '/home/robotdeveloper02/IsaacSim-ros_workspaces-main/humble_ws/install/jetbot_controller', 'merge_install': False, 'path': '/home/robotdeveloper02/IsaacSim-ros_workspaces-main/humble_ws/src/jetbot_controller', 'symlink_install': False, 'test_result_base': None}
[0.337s] Level 5:colcon.colcon_core.verb:set package 'my_ros2_package' build argument 'cmake_args' from command line to 'None'
[0.337s] Level 5:colcon.colcon_core.verb:set package 'my_ros2_package' build argument 'cmake_target' from command line to 'None'
[0.337s] Level 5:colcon.colcon_core.verb:set package 'my_ros2_package' build argument 'cmake_target_skip_unavailable' from command line to 'False'
[0.337s] Level 5:colcon.colcon_core.verb:set package 'my_ros2_package' build argument 'cmake_clean_cache' from command line to 'False'
[0.337s] Level 5:colcon.colcon_core.verb:set package 'my_ros2_package' build argument 'cmake_clean_first' from command line to 'False'
[0.337s] Level 5:colcon.colcon_core.verb:set package 'my_ros2_package' build argument 'cmake_force_configure' from command line to 'False'
[0.337s] Level 5:colcon.colcon_core.verb:set package 'my_ros2_package' build argument 'ament_cmake_args' from command line to 'None'
[0.337s] Level 5:colcon.colcon_core.verb:set package 'my_ros2_package' build argument 'catkin_cmake_args' from command line to 'None'
[0.337s] Level 5:colcon.colcon_core.verb:set package 'my_ros2_package' build argument 'catkin_skip_building_tests' from command line to 'False'
[0.337s] DEBUG:colcon.colcon_core.verb:Building package 'my_ros2_package' with the following arguments: {'ament_cmake_args': None, 'build_base': '/home/robotdeveloper02/IsaacSim-ros_workspaces-main/humble_ws/build/my_ros2_package', 'catkin_cmake_args': None, 'catkin_skip_building_tests': False, 'cmake_args': None, 'cmake_clean_cache': False, 'cmake_clean_first': False, 'cmake_force_configure': False, 'cmake_target': None, 'cmake_target_skip_unavailable': False, 'install_base': '/home/robotdeveloper02/IsaacSim-ros_workspaces-main/humble_ws/install/my_ros2_package', 'merge_install': False, 'path': '/home/robotdeveloper02/IsaacSim-ros_workspaces-main/humble_ws/src/calc_py', 'symlink_install': False, 'test_result_base': None}
[0.337s] Level 5:colcon.colcon_core.verb:set package 'IMU_otamesi' build argument 'cmake_args' from command line to 'None'
[0.337s] Level 5:colcon.colcon_core.verb:set package 'IMU_otamesi' build argument 'cmake_target' from command line to 'None'
[0.337s] Level 5:colcon.colcon_core.verb:set package 'IMU_otamesi' build argument 'cmake_target_skip_unavailable' from command line to 'False'
[0.337s] Level 5:colcon.colcon_core.verb:set package 'IMU_otamesi' build argument 'cmake_clean_cache' from command line to 'False'
[0.337s] Level 5:colcon.colcon_core.verb:set package 'IMU_otamesi' build argument 'cmake_clean_first' from command line to 'False'
[0.337s] Level 5:colcon.colcon_core.verb:set package 'IMU_otamesi' build argument 'cmake_force_configure' from command line to 'False'
[0.337s] Level 5:colcon.colcon_core.verb:set package 'IMU_otamesi' build argument 'ament_cmake_args' from command line to 'None'
[0.337s] Level 5:colcon.colcon_core.verb:set package 'IMU_otamesi' build argument 'catkin_cmake_args' from command line to 'None'
[0.337s] Level 5:colcon.colcon_core.verb:set package 'IMU_otamesi' build argument 'catkin_skip_building_tests' from command line to 'False'
[0.337s] DEBUG:colcon.colcon_core.verb:Building package 'IMU_otamesi' with the following arguments: {'ament_cmake_args': None, 'build_base': '/home/robotdeveloper02/IsaacSim-ros_workspaces-main/humble_ws/build/IMU_otamesi', 'catkin_cmake_args': None, 'catkin_skip_building_tests': False, 'cmake_args': None, 'cmake_clean_cache': False, 'cmake_clean_first': False, 'cmake_force_configure': False, 'cmake_target': None, 'cmake_target_skip_unavailable': False, 'install_base': '/home/robotdeveloper02/IsaacSim-ros_workspaces-main/humble_ws/install/IMU_otamesi', 'merge_install': False, 'path': '/home/robotdeveloper02/IsaacSim-ros_workspaces-main/humble_ws/src/IMU_otamesi', 'symlink_install': False, 'test_result_base': None}
[0.337s] Level 5:colcon.colcon_core.verb:set package 'my_cpp_pose_subscriber' build argument 'cmake_args' from command line to 'None'
[0.337s] Level 5:colcon.colcon_core.verb:set package 'my_cpp_pose_subscriber' build argument 'cmake_target' from command line to 'None'
[0.338s] Level 5:colcon.colcon_core.verb:set package 'my_cpp_pose_subscriber' build argument 'cmake_target_skip_unavailable' from command line to 'False'
[0.338s] Level 5:colcon.colcon_core.verb:set package 'my_cpp_pose_subscriber' build argument 'cmake_clean_cache' from command line to 'False'
[0.338s] Level 5:colcon.colcon_core.verb:set package 'my_cpp_pose_subscriber' build argument 'cmake_clean_first' from command line to 'False'
[0.338s] Level 5:colcon.colcon_core.verb:set package 'my_cpp_pose_subscriber' build argument 'cmake_force_configure' from command line to 'False'
[0.338s] Level 5:colcon.colcon_core.verb:set package 'my_cpp_pose_subscriber' build argument 'ament_cmake_args' from command line to 'None'
[0.338s] Level 5:colcon.colcon_core.verb:set package 'my_cpp_pose_subscriber' build argument 'catkin_cmake_args' from command line to 'None'
[0.338s] Level 5:colcon.colcon_core.verb:set package 'my_cpp_pose_subscriber' build argument 'catkin_skip_building_tests' from command line to 'False'
[0.338s] DEBUG:colcon.colcon_core.verb:Building package 'my_cpp_pose_subscriber' with the following arguments: {'ament_cmake_args': None, 'build_base': '/home/robotdeveloper02/IsaacSim-ros_workspaces-main/humble_ws/build/my_cpp_pose_subscriber', 'catkin_cmake_args': None, 'catkin_skip_building_tests': False, 'cmake_args': None, 'cmake_clean_cache': False, 'cmake_clean_first': False, 'cmake_force_configure': False, 'cmake_target': None, 'cmake_target_skip_unavailable': False, 'install_base': '/home/robotdeveloper02/IsaacSim-ros_workspaces-main/humble_ws/install/my_cpp_pose_subscriber', 'merge_install': False, 'path': '/home/robotdeveloper02/IsaacSim-ros_workspaces-main/humble_ws/src/calc_cpp', 'symlink_install': False, 'test_result_base': None}
[0.338s] INFO:colcon.colcon_core.executor:Executing jobs using 'parallel' executor
[0.339s] DEBUG:colcon.colcon_parallel_executor.executor.parallel:run_until_complete
[0.340s] INFO:colcon.colcon_ros.task.ament_cmake.build:Building ROS package in '/home/robotdeveloper02/IsaacSim-ros_workspaces-main/humble_ws/src/custom_message' with build type 'ament_cmake'
[0.340s] INFO:colcon.colcon_cmake.task.cmake.build:Building CMake package in '/home/robotdeveloper02/IsaacSim-ros_workspaces-main/humble_ws/src/custom_message'
[0.342s] INFO:colcon.colcon_core.plugin_system:Skipping extension 'colcon_core.shell.bat': Not used on non-Windows systems
[0.342s] INFO:colcon.colcon_core.shell:Skip shell extension 'powershell' for command environment: Not usable outside of PowerShell
[0.342s] DEBUG:colcon.colcon_core.shell:Skip shell extension 'dsv' for command environment
[0.345s] INFO:colcon.colcon_ros.task.ament_python.build:Building ROS package in '/home/robotdeveloper02/IsaacSim-ros_workspaces-main/humble_ws/src/Jettbot_position' with build type 'ament_python'
[0.346s] Level 1:colcon.colcon_core.shell:create_environment_hook('Jettbot_position', 'ament_prefix_path')
[0.346s] INFO:colcon.colcon_core.shell:Creating environment hook '/home/robotdeveloper02/IsaacSim-ros_workspaces-main/humble_ws/install/Jettbot_position/share/Jettbot_position/hook/ament_prefix_path.ps1'
[0.346s] INFO:colcon.colcon_core.shell:Creating environment descriptor '/home/robotdeveloper02/IsaacSim-ros_workspaces-main/humble_ws/install/Jettbot_position/share/Jettbot_position/hook/ament_prefix_path.dsv'
[0.347s] INFO:colcon.colcon_core.shell:Creating environment hook '/home/robotdeveloper02/IsaacSim-ros_workspaces-main/humble_ws/install/Jettbot_position/share/Jettbot_position/hook/ament_prefix_path.sh'
[0.347s] INFO:colcon.colcon_core.shell:Skip shell extension 'powershell' for command environment: Not usable outside of PowerShell
[0.347s] DEBUG:colcon.colcon_core.shell:Skip shell extension 'dsv' for command environment
[0.350s] INFO:colcon.colcon_ros.task.ament_cmake.build:Building ROS package in '/home/robotdeveloper02/IsaacSim-ros_workspaces-main/humble_ws/src/navigation/carter_navigation' with build type 'ament_cmake'
[0.350s] INFO:colcon.colcon_cmake.task.cmake.build:Building CMake package in '/home/robotdeveloper02/IsaacSim-ros_workspaces-main/humble_ws/src/navigation/carter_navigation'
[0.350s] INFO:colcon.colcon_core.shell:Skip shell extension 'powershell' for command environment: Not usable outside of PowerShell
[0.351s] DEBUG:colcon.colcon_core.shell:Skip shell extension 'dsv' for command environment
[0.354s] INFO:colcon.colcon_ros.task.ament_python.build:Building ROS package in '/home/robotdeveloper02/IsaacSim-ros_workspaces-main/humble_ws/src/cube_controller' with build type 'ament_python'
[0.354s] Level 1:colcon.colcon_core.shell:create_environment_hook('cube_controller', 'ament_prefix_path')
[0.354s] INFO:colcon.colcon_core.shell:Creating environment hook '/home/robotdeveloper02/IsaacSim-ros_workspaces-main/humble_ws/install/cube_controller/share/cube_controller/hook/ament_prefix_path.ps1'
[0.354s] INFO:colcon.colcon_core.shell:Creating environment descriptor '/home/robotdeveloper02/IsaacSim-ros_workspaces-main/humble_ws/install/cube_controller/share/cube_controller/hook/ament_prefix_path.dsv'
[0.355s] INFO:colcon.colcon_core.shell:Creating environment hook '/home/robotdeveloper02/IsaacSim-ros_workspaces-main/humble_ws/install/cube_controller/share/cube_controller/hook/ament_prefix_path.sh'
[0.355s] INFO:colcon.colcon_core.shell:Skip shell extension 'powershell' for command environment: Not usable outside of PowerShell
[0.355s] DEBUG:colcon.colcon_core.shell:Skip shell extension 'dsv' for command environment
[0.357s] INFO:colcon.colcon_ros.task.ament_cmake.build:Building ROS package in '/home/robotdeveloper02/IsaacSim-ros_workspaces-main/humble_ws/src/isaac_ros2_messages' with build type 'ament_cmake'
[0.358s] INFO:colcon.colcon_cmake.task.cmake.build:Building CMake package in '/home/robotdeveloper02/IsaacSim-ros_workspaces-main/humble_ws/src/isaac_ros2_messages'
[0.358s] INFO:colcon.colcon_core.shell:Skip shell extension 'powershell' for command environment: Not usable outside of PowerShell
[0.358s] DEBUG:colcon.colcon_core.shell:Skip shell extension 'dsv' for command environment
[0.360s] INFO:colcon.colcon_ros.task.ament_python.build:Building ROS package in '/home/robotdeveloper02/IsaacSim-ros_workspaces-main/humble_ws/src/navigation/isaac_ros_navigation_goal' with build type 'ament_python'
[0.361s] Level 1:colcon.colcon_core.shell:create_environment_hook('isaac_ros_navigation_goal', 'ament_prefix_path')
[0.361s] INFO:colcon.colcon_core.shell:Creating environment hook '/home/robotdeveloper02/IsaacSim-ros_workspaces-main/humble_ws/install/isaac_ros_navigation_goal/share/isaac_ros_navigation_goal/hook/ament_prefix_path.ps1'
[0.361s] INFO:colcon.colcon_core.shell:Creating environment descriptor '/home/robotdeveloper02/IsaacSim-ros_workspaces-main/humble_ws/install/isaac_ros_navigation_goal/share/isaac_ros_navigation_goal/hook/ament_prefix_path.dsv'
[0.362s] INFO:colcon.colcon_core.shell:Creating environment hook '/home/robotdeveloper02/IsaacSim-ros_workspaces-main/humble_ws/install/isaac_ros_navigation_goal/share/isaac_ros_navigation_goal/hook/ament_prefix_path.sh'
[0.362s] INFO:colcon.colcon_core.shell:Skip shell extension 'powershell' for command environment: Not usable outside of PowerShell
[0.362s] DEBUG:colcon.colcon_core.shell:Skip shell extension 'dsv' for command environment
[0.364s] INFO:colcon.colcon_ros.task.ament_cmake.build:Building ROS package in '/home/robotdeveloper02/IsaacSim-ros_workspaces-main/humble_ws/src/isaac_tutorials' with build type 'ament_cmake'
[0.365s] INFO:colcon.colcon_cmake.task.cmake.build:Building CMake package in '/home/robotdeveloper02/IsaacSim-ros_workspaces-main/humble_ws/src/isaac_tutorials'
[0.365s] INFO:colcon.colcon_core.shell:Skip shell extension 'powershell' for command environment: Not usable outside of PowerShell
[0.365s] DEBUG:colcon.colcon_core.shell:Skip shell extension 'dsv' for command environment
[0.370s] INFO:colcon.colcon_ros.task.ament_cmake.build:Building ROS package in '/home/robotdeveloper02/IsaacSim-ros_workspaces-main/humble_ws/src/isaacsim' with build type 'ament_cmake'
[0.370s] INFO:colcon.colcon_cmake.task.cmake.build:Building CMake package in '/home/robotdeveloper02/IsaacSim-ros_workspaces-main/humble_ws/src/isaacsim'
[0.370s] INFO:colcon.colcon_core.shell:Skip shell extension 'powershell' for command environment: Not usable outside of PowerShell
[0.371s] DEBUG:colcon.colcon_core.shell:Skip shell extension 'dsv' for command environment
[0.374s] INFO:colcon.colcon_ros.task.ament_python.build:Building ROS package in '/home/robotdeveloper02/IsaacSim-ros_workspaces-main/humble_ws/src/jetbot_controller' with build type 'ament_python'
[0.375s] Level 1:colcon.colcon_core.shell:create_environment_hook('jetbot_controller', 'ament_prefix_path')
[0.375s] INFO:colcon.colcon_core.shell:Creating environment hook '/home/robotdeveloper02/IsaacSim-ros_workspaces-main/humble_ws/install/jetbot_controller/share/jetbot_controller/hook/ament_prefix_path.ps1'
[0.375s] INFO:colcon.colcon_core.shell:Creating environment descriptor '/home/robotdeveloper02/IsaacSim-ros_workspaces-main/humble_ws/install/jetbot_controller/share/jetbot_controller/hook/ament_prefix_path.dsv'
[0.376s] INFO:colcon.colcon_core.shell:Creating environment hook '/home/robotdeveloper02/IsaacSim-ros_workspaces-main/humble_ws/install/jetbot_controller/share/jetbot_controller/hook/ament_prefix_path.sh'
[0.376s] INFO:colcon.colcon_core.shell:Skip shell extension 'powershell' for command environment: Not usable outside of PowerShell
[0.376s] DEBUG:colcon.colcon_core.shell:Skip shell extension 'dsv' for command environment
[0.379s] INFO:colcon.colcon_ros.task.ament_python.build:Building ROS package in '/home/robotdeveloper02/IsaacSim-ros_workspaces-main/humble_ws/src/calc_py' with build type 'ament_python'
[0.379s] Level 1:colcon.colcon_core.shell:create_environment_hook('my_ros2_package', 'ament_prefix_path')
[0.379s] INFO:colcon.colcon_core.shell:Creating environment hook '/home/robotdeveloper02/IsaacSim-ros_workspaces-main/humble_ws/install/my_ros2_package/share/my_ros2_package/hook/ament_prefix_path.ps1'
[0.380s] INFO:colcon.colcon_core.shell:Creating environment descriptor '/home/robotdeveloper02/IsaacSim-ros_workspaces-main/humble_ws/install/my_ros2_package/share/my_ros2_package/hook/ament_prefix_path.dsv'
[0.380s] INFO:colcon.colcon_core.shell:Creating environment hook '/home/robotdeveloper02/IsaacSim-ros_workspaces-main/humble_ws/install/my_ros2_package/share/my_ros2_package/hook/ament_prefix_path.sh'
[0.381s] INFO:colcon.colcon_core.shell:Skip shell extension 'powershell' for command environment: Not usable outside of PowerShell
[0.381s] DEBUG:colcon.colcon_core.shell:Skip shell extension 'dsv' for command environment
[0.391s] DEBUG:colcon.colcon_core.event_handler.log_command:Invoking command in '/home/robotdeveloper02/IsaacSim-ros_workspaces-main/humble_ws/build/custom_message': CMAKE_PREFIX_PATH=${CMAKE_PREFIX_PATH}:/home/robotdeveloper02/IsaacSim-ros_workspaces-main/humble_ws/install/my_ros2_package:/home/robotdeveloper02/IsaacSim-ros_workspaces-main/humble_ws/install/jetbot_controller:/home/robotdeveloper02/IsaacSim-ros_workspaces-main/humble_ws/install/isaac_ros_navigation_goal:/home/robotdeveloper02/IsaacSim-ros_workspaces-main/humble_ws/install/error_subscriber:/home/robotdeveloper02/IsaacSim-ros_workspaces-main/humble_ws/install/cube_controller:/home/robotdeveloper02/IsaacSim-ros_workspaces-main/humble_ws/install/Jettbot_position:/opt/ros/humble /usr/bin/cmake --build /home/robotdeveloper02/IsaacSim-ros_workspaces-main/humble_ws/build/custom_message -- -j16 -l16
[0.658s] INFO:colcon.colcon_core.task.python.build:Building Python package in '/home/robotdeveloper02/IsaacSim-ros_workspaces-main/humble_ws/src/Jettbot_position'
[0.659s] INFO:colcon.colcon_core.shell:Skip shell extension 'powershell' for command environment: Not usable outside of PowerShell
[0.659s] DEBUG:colcon.colcon_core.shell:Skip shell extension 'dsv' for command environment
[0.664s] DEBUG:colcon.colcon_core.event_handler.log_command:Invoking command in '/home/robotdeveloper02/IsaacSim-ros_workspaces-main/humble_ws/build/carter_navigation': CMAKE_PREFIX_PATH=${CMAKE_PREFIX_PATH}:/home/robotdeveloper02/IsaacSim-ros_workspaces-main/humble_ws/install/my_ros2_package:/home/robotdeveloper02/IsaacSim-ros_workspaces-main/humble_ws/install/jetbot_controller:/home/robotdeveloper02/IsaacSim-ros_workspaces-main/humble_ws/install/isaac_ros_navigation_goal:/home/robotdeveloper02/IsaacSim-ros_workspaces-main/humble_ws/install/error_subscriber:/home/robotdeveloper02/IsaacSim-ros_workspaces-main/humble_ws/install/cube_controller:/home/robotdeveloper02/IsaacSim-ros_workspaces-main/humble_ws/install/Jettbot_position:/opt/ros/humble /usr/bin/cmake --build /home/robotdeveloper02/IsaacSim-ros_workspaces-main/humble_ws/build/carter_navigation -- -j16 -l16
[0.897s] INFO:colcon.colcon_core.task.python.build:Building Python package in '/home/robotdeveloper02/IsaacSim-ros_workspaces-main/humble_ws/src/cube_controller'
[0.897s] INFO:colcon.colcon_core.shell:Skip shell extension 'powershell' for command environment: Not usable outside of PowerShell
[0.897s] DEBUG:colcon.colcon_core.shell:Skip shell extension 'dsv' for command environment
[0.903s] DEBUG:colcon.colcon_core.event_handler.log_command:Invoking command in '/home/robotdeveloper02/IsaacSim-ros_workspaces-main/humble_ws/build/isaac_ros2_messages': CMAKE_PREFIX_PATH=${CMAKE_PREFIX_PATH}:/home/robotdeveloper02/IsaacSim-ros_workspaces-main/humble_ws/install/my_ros2_package:/home/robotdeveloper02/IsaacSim-ros_workspaces-main/humble_ws/install/jetbot_controller:/home/robotdeveloper02/IsaacSim-ros_workspaces-main/humble_ws/install/isaac_ros_navigation_goal:/home/robotdeveloper02/IsaacSim-ros_workspaces-main/humble_ws/install/error_subscriber:/home/robotdeveloper02/IsaacSim-ros_workspaces-main/humble_ws/install/cube_controller:/home/robotdeveloper02/IsaacSim-ros_workspaces-main/humble_ws/install/Jettbot_position:/opt/ros/humble /usr/bin/cmake --build /home/robotdeveloper02/IsaacSim-ros_workspaces-main/humble_ws/build/isaac_ros2_messages -- -j16 -l16
[1.160s] INFO:colcon.colcon_core.task.python.build:Building Python package in '/home/robotdeveloper02/IsaacSim-ros_workspaces-main/humble_ws/src/navigation/isaac_ros_navigation_goal'
[1.160s] INFO:colcon.colcon_core.shell:Skip shell extension 'powershell' for command environment: Not usable outside of PowerShell
[1.160s] DEBUG:colcon.colcon_core.shell:Skip shell extension 'dsv' for command environment
[1.166s] DEBUG:colcon.colcon_core.event_handler.log_command:Invoking command in '/home/robotdeveloper02/IsaacSim-ros_workspaces-main/humble_ws/build/isaac_tutorials': CMAKE_PREFIX_PATH=${CMAKE_PREFIX_PATH}:/home/robotdeveloper02/IsaacSim-ros_workspaces-main/humble_ws/install/my_ros2_package:/home/robotdeveloper02/IsaacSim-ros_workspaces-main/humble_ws/install/jetbot_controller:/home/robotdeveloper02/IsaacSim-ros_workspaces-main/humble_ws/install/isaac_ros_navigation_goal:/home/robotdeveloper02/IsaacSim-ros_workspaces-main/humble_ws/install/error_subscriber:/home/robotdeveloper02/IsaacSim-ros_workspaces-main/humble_ws/install/cube_controller:/home/robotdeveloper02/IsaacSim-ros_workspaces-main/humble_ws/install/Jettbot_position:/opt/ros/humble /usr/bin/cmake --build /home/robotdeveloper02/IsaacSim-ros_workspaces-main/humble_ws/build/isaac_tutorials -- -j16 -l16
[1.168s] DEBUG:colcon.colcon_core.event_handler.log_command:Invoking command in '/home/robotdeveloper02/IsaacSim-ros_workspaces-main/humble_ws/build/isaacsim': CMAKE_PREFIX_PATH=${CMAKE_PREFIX_PATH}:/home/robotdeveloper02/IsaacSim-ros_workspaces-main/humble_ws/install/my_ros2_package:/home/robotdeveloper02/IsaacSim-ros_workspaces-main/humble_ws/install/jetbot_controller:/home/robotdeveloper02/IsaacSim-ros_workspaces-main/humble_ws/install/isaac_ros_navigation_goal:/home/robotdeveloper02/IsaacSim-ros_workspaces-main/humble_ws/install/error_subscriber:/home/robotdeveloper02/IsaacSim-ros_workspaces-main/humble_ws/install/cube_controller:/home/robotdeveloper02/IsaacSim-ros_workspaces-main/humble_ws/install/Jettbot_position:/opt/ros/humble /usr/bin/cmake --build /home/robotdeveloper02/IsaacSim-ros_workspaces-main/humble_ws/build/isaacsim -- -j16 -l16
[1.406s] INFO:colcon.colcon_core.task.python.build:Building Python package in '/home/robotdeveloper02/IsaacSim-ros_workspaces-main/humble_ws/src/jetbot_controller'
[1.406s] INFO:colcon.colcon_core.shell:Skip shell extension 'powershell' for command environment: Not usable outside of PowerShell
[1.406s] DEBUG:colcon.colcon_core.shell:Skip shell extension 'dsv' for command environment
[1.635s] INFO:colcon.colcon_core.task.python.build:Building Python package in '/home/robotdeveloper02/IsaacSim-ros_workspaces-main/humble_ws/src/calc_py'
[1.635s] INFO:colcon.colcon_core.shell:Skip shell extension 'powershell' for command environment: Not usable outside of PowerShell
[1.635s] DEBUG:colcon.colcon_core.shell:Skip shell extension 'dsv' for command environment
[1.640s] DEBUG:colcon.colcon_core.event_handler.log_command:Invoked command in '/home/robotdeveloper02/IsaacSim-ros_workspaces-main/humble_ws/build/carter_navigation' returned '0': CMAKE_PREFIX_PATH=${CMAKE_PREFIX_PATH}:/home/robotdeveloper02/IsaacSim-ros_workspaces-main/humble_ws/install/my_ros2_package:/home/robotdeveloper02/IsaacSim-ros_workspaces-main/humble_ws/install/jetbot_controller:/home/robotdeveloper02/IsaacSim-ros_workspaces-main/humble_ws/install/isaac_ros_navigation_goal:/home/robotdeveloper02/IsaacSim-ros_workspaces-main/humble_ws/install/error_subscriber:/home/robotdeveloper02/IsaacSim-ros_workspaces-main/humble_ws/install/cube_controller:/home/robotdeveloper02/IsaacSim-ros_workspaces-main/humble_ws/install/Jettbot_position:/opt/ros/humble /usr/bin/cmake --build /home/robotdeveloper02/IsaacSim-ros_workspaces-main/humble_ws/build/carter_navigation -- -j16 -l16
[1.641s] DEBUG:colcon.colcon_core.event_handler.log_command:Invoked command in '/home/robotdeveloper02/IsaacSim-ros_workspaces-main/humble_ws/build/custom_message' returned '0': CMAKE_PREFIX_PATH=${CMAKE_PREFIX_PATH}:/home/robotdeveloper02/IsaacSim-ros_workspaces-main/humble_ws/install/my_ros2_package:/home/robotdeveloper02/IsaacSim-ros_workspaces-main/humble_ws/install/jetbot_controller:/home/robotdeveloper02/IsaacSim-ros_workspaces-main/humble_ws/install/isaac_ros_navigation_goal:/home/robotdeveloper02/IsaacSim-ros_workspaces-main/humble_ws/install/error_subscriber:/home/robotdeveloper02/IsaacSim-ros_workspaces-main/humble_ws/install/cube_controller:/home/robotdeveloper02/IsaacSim-ros_workspaces-main/humble_ws/install/Jettbot_position:/opt/ros/humble /usr/bin/cmake --build /home/robotdeveloper02/IsaacSim-ros_workspaces-main/humble_ws/build/custom_message -- -j16 -l16
[1.642s] DEBUG:colcon.colcon_core.event_handler.log_command:Invoked command in '/home/robotdeveloper02/IsaacSim-ros_workspaces-main/humble_ws/build/isaac_tutorials' returned '0': CMAKE_PREFIX_PATH=${CMAKE_PREFIX_PATH}:/home/robotdeveloper02/IsaacSim-ros_workspaces-main/humble_ws/install/my_ros2_package:/home/robotdeveloper02/IsaacSim-ros_workspaces-main/humble_ws/install/jetbot_controller:/home/robotdeveloper02/IsaacSim-ros_workspaces-main/humble_ws/install/isaac_ros_navigation_goal:/home/robotdeveloper02/IsaacSim-ros_workspaces-main/humble_ws/install/error_subscriber:/home/robotdeveloper02/IsaacSim-ros_workspaces-main/humble_ws/install/cube_controller:/home/robotdeveloper02/IsaacSim-ros_workspaces-main/humble_ws/install/Jettbot_position:/opt/ros/humble /usr/bin/cmake --build /home/robotdeveloper02/IsaacSim-ros_workspaces-main/humble_ws/build/isaac_tutorials -- -j16 -l16
[1.643s] DEBUG:colcon.colcon_core.event_handler.log_command:Invoked command in '/home/robotdeveloper02/IsaacSim-ros_workspaces-main/humble_ws/build/isaacsim' returned '0': CMAKE_PREFIX_PATH=${CMAKE_PREFIX_PATH}:/home/robotdeveloper02/IsaacSim-ros_workspaces-main/humble_ws/install/my_ros2_package:/home/robotdeveloper02/IsaacSim-ros_workspaces-main/humble_ws/install/jetbot_controller:/home/robotdeveloper02/IsaacSim-ros_workspaces-main/humble_ws/install/isaac_ros_navigation_goal:/home/robotdeveloper02/IsaacSim-ros_workspaces-main/humble_ws/install/error_subscriber:/home/robotdeveloper02/IsaacSim-ros_workspaces-main/humble_ws/install/cube_controller:/home/robotdeveloper02/IsaacSim-ros_workspaces-main/humble_ws/install/Jettbot_position:/opt/ros/humble /usr/bin/cmake --build /home/robotdeveloper02/IsaacSim-ros_workspaces-main/humble_ws/build/isaacsim -- -j16 -l16
[1.644s] DEBUG:colcon.colcon_core.event_handler.log_command:Invoked command in '/home/robotdeveloper02/IsaacSim-ros_workspaces-main/humble_ws/build/isaac_ros2_messages' returned '0': CMAKE_PREFIX_PATH=${CMAKE_PREFIX_PATH}:/home/robotdeveloper02/IsaacSim-ros_workspaces-main/humble_ws/install/my_ros2_package:/home/robotdeveloper02/IsaacSim-ros_workspaces-main/humble_ws/install/jetbot_controller:/home/robotdeveloper02/IsaacSim-ros_workspaces-main/humble_ws/install/isaac_ros_navigation_goal:/home/robotdeveloper02/IsaacSim-ros_workspaces-main/humble_ws/install/error_subscriber:/home/robotdeveloper02/IsaacSim-ros_workspaces-main/humble_ws/install/cube_controller:/home/robotdeveloper02/IsaacSim-ros_workspaces-main/humble_ws/install/Jettbot_position:/opt/ros/humble /usr/bin/cmake --build /home/robotdeveloper02/IsaacSim-ros_workspaces-main/humble_ws/build/isaac_ros2_messages -- -j16 -l16
[1.670s] DEBUG:colcon.colcon_core.event_handler.log_command:Invoking command in '/home/robotdeveloper02/IsaacSim-ros_workspaces-main/humble_ws/build/carter_navigation': CMAKE_PREFIX_PATH=${CMAKE_PREFIX_PATH}:/home/robotdeveloper02/IsaacSim-ros_workspaces-main/humble_ws/install/my_ros2_package:/home/robotdeveloper02/IsaacSim-ros_workspaces-main/humble_ws/install/jetbot_controller:/home/robotdeveloper02/IsaacSim-ros_workspaces-main/humble_ws/install/isaac_ros_navigation_goal:/home/robotdeveloper02/IsaacSim-ros_workspaces-main/humble_ws/install/error_subscriber:/home/robotdeveloper02/IsaacSim-ros_workspaces-main/humble_ws/install/cube_controller:/home/robotdeveloper02/IsaacSim-ros_workspaces-main/humble_ws/install/Jettbot_position:/opt/ros/humble /usr/bin/cmake --install /home/robotdeveloper02/IsaacSim-ros_workspaces-main/humble_ws/build/carter_navigation
[1.673s] DEBUG:colcon.colcon_core.event_handler.log_command:Invoking command in '/home/robotdeveloper02/IsaacSim-ros_workspaces-main/humble_ws/build/isaacsim': CMAKE_PREFIX_PATH=${CMAKE_PREFIX_PATH}:/home/robotdeveloper02/IsaacSim-ros_workspaces-main/humble_ws/install/my_ros2_package:/home/robotdeveloper02/IsaacSim-ros_workspaces-main/humble_ws/install/jetbot_controller:/home/robotdeveloper02/IsaacSim-ros_workspaces-main/humble_ws/install/isaac_ros_navigation_goal:/home/robotdeveloper02/IsaacSim-ros_workspaces-main/humble_ws/install/error_subscriber:/home/robotdeveloper02/IsaacSim-ros_workspaces-main/humble_ws/install/cube_controller:/home/robotdeveloper02/IsaacSim-ros_workspaces-main/humble_ws/install/Jettbot_position:/opt/ros/humble /usr/bin/cmake --install /home/robotdeveloper02/IsaacSim-ros_workspaces-main/humble_ws/build/isaacsim
[1.675s] DEBUG:colcon.colcon_core.event_handler.log_command:Invoking command in '/home/robotdeveloper02/IsaacSim-ros_workspaces-main/humble_ws/build/isaac_tutorials': CMAKE_PREFIX_PATH=${CMAKE_PREFIX_PATH}:/home/robotdeveloper02/IsaacSim-ros_workspaces-main/humble_ws/install/my_ros2_package:/home/robotdeveloper02/IsaacSim-ros_workspaces-main/humble_ws/install/jetbot_controller:/home/robotdeveloper02/IsaacSim-ros_workspaces-main/humble_ws/install/isaac_ros_navigation_goal:/home/robotdeveloper02/IsaacSim-ros_workspaces-main/humble_ws/install/error_subscriber:/home/robotdeveloper02/IsaacSim-ros_workspaces-main/humble_ws/install/cube_controller:/home/robotdeveloper02/IsaacSim-ros_workspaces-main/humble_ws/install/Jettbot_position:/opt/ros/humble /usr/bin/cmake --install /home/robotdeveloper02/IsaacSim-ros_workspaces-main/humble_ws/build/isaac_tutorials
[1.682s] Level 1:colcon.colcon_core.environment:create_environment_scripts_only(carter_navigation)
[1.689s] Level 1:colcon.colcon_core.environment:checking '/home/robotdeveloper02/IsaacSim-ros_workspaces-main/humble_ws/install/carter_navigation' for CMake module files
[1.692s] Level 1:colcon.colcon_core.environment:checking '/home/robotdeveloper02/IsaacSim-ros_workspaces-main/humble_ws/install/carter_navigation' for CMake config files
[1.693s] DEBUG:colcon.colcon_core.event_handler.log_command:Invoked command in '/home/robotdeveloper02/IsaacSim-ros_workspaces-main/humble_ws/build/carter_navigation' returned '0': CMAKE_PREFIX_PATH=${CMAKE_PREFIX_PATH}:/home/robotdeveloper02/IsaacSim-ros_workspaces-main/humble_ws/install/my_ros2_package:/home/robotdeveloper02/IsaacSim-ros_workspaces-main/humble_ws/install/jetbot_controller:/home/robotdeveloper02/IsaacSim-ros_workspaces-main/humble_ws/install/isaac_ros_navigation_goal:/home/robotdeveloper02/IsaacSim-ros_workspaces-main/humble_ws/install/error_subscriber:/home/robotdeveloper02/IsaacSim-ros_workspaces-main/humble_ws/install/cube_controller:/home/robotdeveloper02/IsaacSim-ros_workspaces-main/humble_ws/install/Jettbot_position:/opt/ros/humble /usr/bin/cmake --install /home/robotdeveloper02/IsaacSim-ros_workspaces-main/humble_ws/build/carter_navigation
[1.694s] Level 1:colcon.colcon_core.shell:create_environment_hook('carter_navigation', 'cmake_prefix_path')
[1.695s] INFO:colcon.colcon_core.shell:Creating environment hook '/home/robotdeveloper02/IsaacSim-ros_workspaces-main/humble_ws/install/carter_navigation/share/carter_navigation/hook/cmake_prefix_path.ps1'
[1.696s] INFO:colcon.colcon_core.shell:Creating environment descriptor '/home/robotdeveloper02/IsaacSim-ros_workspaces-main/humble_ws/install/carter_navigation/share/carter_navigation/hook/cmake_prefix_path.dsv'
[1.697s] INFO:colcon.colcon_core.shell:Creating environment hook '/home/robotdeveloper02/IsaacSim-ros_workspaces-main/humble_ws/install/carter_navigation/share/carter_navigation/hook/cmake_prefix_path.sh'
[1.701s] Level 1:colcon.colcon_core.environment:checking '/home/robotdeveloper02/IsaacSim-ros_workspaces-main/humble_ws/install/carter_navigation/bin'
[1.701s] Level 1:colcon.colcon_core.environment:checking '/home/robotdeveloper02/IsaacSim-ros_workspaces-main/humble_ws/install/carter_navigation/lib/pkgconfig/carter_navigation.pc'
[1.701s] Level 1:colcon.colcon_core.environment:checking '/home/robotdeveloper02/IsaacSim-ros_workspaces-main/humble_ws/install/carter_navigation/lib/python3.10/site-packages'
[1.701s] Level 1:colcon.colcon_core.environment:checking '/home/robotdeveloper02/IsaacSim-ros_workspaces-main/humble_ws/install/carter_navigation/bin'
[1.701s] INFO:colcon.colcon_core.shell:Creating package script '/home/robotdeveloper02/IsaacSim-ros_workspaces-main/humble_ws/install/carter_navigation/share/carter_navigation/package.ps1'
[1.702s] INFO:colcon.colcon_core.shell:Creating package descriptor '/home/robotdeveloper02/IsaacSim-ros_workspaces-main/humble_ws/install/carter_navigation/share/carter_navigation/package.dsv'
[1.703s] INFO:colcon.colcon_core.shell:Creating package script '/home/robotdeveloper02/IsaacSim-ros_workspaces-main/humble_ws/install/carter_navigation/share/carter_navigation/package.sh'
[1.703s] INFO:colcon.colcon_core.shell:Creating package script '/home/robotdeveloper02/IsaacSim-ros_workspaces-main/humble_ws/install/carter_navigation/share/carter_navigation/package.bash'
[1.704s] INFO:colcon.colcon_core.shell:Creating package script '/home/robotdeveloper02/IsaacSim-ros_workspaces-main/humble_ws/install/carter_navigation/share/carter_navigation/package.zsh'
[1.705s] Level 1:colcon.colcon_core.environment:create_file_with_runtime_dependencies(/home/robotdeveloper02/IsaacSim-ros_workspaces-main/humble_ws/install/carter_navigation/share/colcon-core/packages/carter_navigation)
[1.707s] Level 1:colcon.colcon_core.environment:create_environment_scripts_only(isaacsim)
[1.708s] Level 1:colcon.colcon_core.environment:checking '/home/robotdeveloper02/IsaacSim-ros_workspaces-main/humble_ws/install/isaacsim' for CMake module files
[1.708s] DEBUG:colcon.colcon_core.event_handler.log_command:Invoked command in '/home/robotdeveloper02/IsaacSim-ros_workspaces-main/humble_ws/build/isaacsim' returned '0': CMAKE_PREFIX_PATH=${CMAKE_PREFIX_PATH}:/home/robotdeveloper02/IsaacSim-ros_workspaces-main/humble_ws/install/my_ros2_package:/home/robotdeveloper02/IsaacSim-ros_workspaces-main/humble_ws/install/jetbot_controller:/home/robotdeveloper02/IsaacSim-ros_workspaces-main/humble_ws/install/isaac_ros_navigation_goal:/home/robotdeveloper02/IsaacSim-ros_workspaces-main/humble_ws/install/error_subscriber:/home/robotdeveloper02/IsaacSim-ros_workspaces-main/humble_ws/install/cube_controller:/home/robotdeveloper02/IsaacSim-ros_workspaces-main/humble_ws/install/Jettbot_position:/opt/ros/humble /usr/bin/cmake --install /home/robotdeveloper02/IsaacSim-ros_workspaces-main/humble_ws/build/isaacsim
[1.709s] Level 1:colcon.colcon_core.environment:checking '/home/robotdeveloper02/IsaacSim-ros_workspaces-main/humble_ws/install/isaacsim' for CMake config files
[1.709s] Level 1:colcon.colcon_core.shell:create_environment_hook('isaacsim', 'cmake_prefix_path')
[1.709s] INFO:colcon.colcon_core.shell:Creating environment hook '/home/robotdeveloper02/IsaacSim-ros_workspaces-main/humble_ws/install/isaacsim/share/isaacsim/hook/cmake_prefix_path.ps1'
[1.710s] INFO:colcon.colcon_core.shell:Creating environment descriptor '/home/robotdeveloper02/IsaacSim-ros_workspaces-main/humble_ws/install/isaacsim/share/isaacsim/hook/cmake_prefix_path.dsv'
[1.710s] INFO:colcon.colcon_core.shell:Creating environment hook '/home/robotdeveloper02/IsaacSim-ros_workspaces-main/humble_ws/install/isaacsim/share/isaacsim/hook/cmake_prefix_path.sh'
[1.711s] Level 1:colcon.colcon_core.environment:checking '/home/robotdeveloper02/IsaacSim-ros_workspaces-main/humble_ws/install/isaacsim/lib'
[1.712s] Level 1:colcon.colcon_core.environment:checking '/home/robotdeveloper02/IsaacSim-ros_workspaces-main/humble_ws/install/isaacsim/bin'
[1.712s] Level 1:colcon.colcon_core.environment:checking '/home/robotdeveloper02/IsaacSim-ros_workspaces-main/humble_ws/install/isaacsim/lib/pkgconfig/isaacsim.pc'
[1.712s] Level 1:colcon.colcon_core.environment:checking '/home/robotdeveloper02/IsaacSim-ros_workspaces-main/humble_ws/install/isaacsim/lib/python3.10/site-packages'
[1.712s] Level 1:colcon.colcon_core.environment:checking '/home/robotdeveloper02/IsaacSim-ros_workspaces-main/humble_ws/install/isaacsim/bin'
[1.713s] INFO:colcon.colcon_core.shell:Creating package script '/home/robotdeveloper02/IsaacSim-ros_workspaces-main/humble_ws/install/isaacsim/share/isaacsim/package.ps1'
[1.713s] INFO:colcon.colcon_core.shell:Creating package descriptor '/home/robotdeveloper02/IsaacSim-ros_workspaces-main/humble_ws/install/isaacsim/share/isaacsim/package.dsv'
[1.714s] INFO:colcon.colcon_core.shell:Creating package script '/home/robotdeveloper02/IsaacSim-ros_workspaces-main/humble_ws/install/isaacsim/share/isaacsim/package.sh'
[1.715s] INFO:colcon.colcon_core.shell:Creating package script '/home/robotdeveloper02/IsaacSim-ros_workspaces-main/humble_ws/install/isaacsim/share/isaacsim/package.bash'
[1.715s] INFO:colcon.colcon_core.shell:Creating package script '/home/robotdeveloper02/IsaacSim-ros_workspaces-main/humble_ws/install/isaacsim/share/isaacsim/package.zsh'
[1.716s] Level 1:colcon.colcon_core.environment:create_file_with_runtime_dependencies(/home/robotdeveloper02/IsaacSim-ros_workspaces-main/humble_ws/install/isaacsim/share/colcon-core/packages/isaacsim)
[1.717s] Level 1:colcon.colcon_core.environment:create_environment_scripts_only(isaac_tutorials)
[1.718s] Level 1:colcon.colcon_core.environment:checking '/home/robotdeveloper02/IsaacSim-ros_workspaces-main/humble_ws/install/isaac_tutorials' for CMake module files
[1.719s] DEBUG:colcon.colcon_core.event_handler.log_command:Invoked command in '/home/robotdeveloper02/IsaacSim-ros_workspaces-main/humble_ws/build/isaac_tutorials' returned '0': CMAKE_PREFIX_PATH=${CMAKE_PREFIX_PATH}:/home/robotdeveloper02/IsaacSim-ros_workspaces-main/humble_ws/install/my_ros2_package:/home/robotdeveloper02/IsaacSim-ros_workspaces-main/humble_ws/install/jetbot_controller:/home/robotdeveloper02/IsaacSim-ros_workspaces-main/humble_ws/install/isaac_ros_navigation_goal:/home/robotdeveloper02/IsaacSim-ros_workspaces-main/humble_ws/install/error_subscriber:/home/robotdeveloper02/IsaacSim-ros_workspaces-main/humble_ws/install/cube_controller:/home/robotdeveloper02/IsaacSim-ros_workspaces-main/humble_ws/install/Jettbot_position:/opt/ros/humble /usr/bin/cmake --install /home/robotdeveloper02/IsaacSim-ros_workspaces-main/humble_ws/build/isaac_tutorials
[1.719s] Level 1:colcon.colcon_core.environment:checking '/home/robotdeveloper02/IsaacSim-ros_workspaces-main/humble_ws/install/isaac_tutorials' for CMake config files
[1.719s] Level 1:colcon.colcon_core.shell:create_environment_hook('isaac_tutorials', 'cmake_prefix_path')
[1.720s] INFO:colcon.colcon_core.shell:Creating environment hook '/home/robotdeveloper02/IsaacSim-ros_workspaces-main/humble_ws/install/isaac_tutorials/share/isaac_tutorials/hook/cmake_prefix_path.ps1'
[1.720s] INFO:colcon.colcon_core.shell:Creating environment descriptor '/home/robotdeveloper02/IsaacSim-ros_workspaces-main/humble_ws/install/isaac_tutorials/share/isaac_tutorials/hook/cmake_prefix_path.dsv'
[1.721s] INFO:colcon.colcon_core.shell:Creating environment hook '/home/robotdeveloper02/IsaacSim-ros_workspaces-main/humble_ws/install/isaac_tutorials/share/isaac_tutorials/hook/cmake_prefix_path.sh'
[1.722s] Level 1:colcon.colcon_core.environment:checking '/home/robotdeveloper02/IsaacSim-ros_workspaces-main/humble_ws/install/isaac_tutorials/lib'
[1.722s] Level 1:colcon.colcon_core.environment:checking '/home/robotdeveloper02/IsaacSim-ros_workspaces-main/humble_ws/install/isaac_tutorials/bin'
[1.722s] Level 1:colcon.colcon_core.environment:checking '/home/robotdeveloper02/IsaacSim-ros_workspaces-main/humble_ws/install/isaac_tutorials/lib/pkgconfig/isaac_tutorials.pc'
[1.722s] Level 1:colcon.colcon_core.environment:checking '/home/robotdeveloper02/IsaacSim-ros_workspaces-main/humble_ws/install/isaac_tutorials/lib/python3.10/site-packages'
[1.722s] Level 1:colcon.colcon_core.environment:checking '/home/robotdeveloper02/IsaacSim-ros_workspaces-main/humble_ws/install/isaac_tutorials/bin'
[1.723s] INFO:colcon.colcon_core.shell:Creating package script '/home/robotdeveloper02/IsaacSim-ros_workspaces-main/humble_ws/install/isaac_tutorials/share/isaac_tutorials/package.ps1'
[1.724s] INFO:colcon.colcon_core.shell:Creating package descriptor '/home/robotdeveloper02/IsaacSim-ros_workspaces-main/humble_ws/install/isaac_tutorials/share/isaac_tutorials/package.dsv'
[1.724s] INFO:colcon.colcon_core.shell:Creating package script '/home/robotdeveloper02/IsaacSim-ros_workspaces-main/humble_ws/install/isaac_tutorials/share/isaac_tutorials/package.sh'
[1.725s] INFO:colcon.colcon_core.shell:Creating package script '/home/robotdeveloper02/IsaacSim-ros_workspaces-main/humble_ws/install/isaac_tutorials/share/isaac_tutorials/package.bash'
[1.725s] INFO:colcon.colcon_core.shell:Creating package script '/home/robotdeveloper02/IsaacSim-ros_workspaces-main/humble_ws/install/isaac_tutorials/share/isaac_tutorials/package.zsh'
[1.726s] Level 1:colcon.colcon_core.environment:create_file_with_runtime_dependencies(/home/robotdeveloper02/IsaacSim-ros_workspaces-main/humble_ws/install/isaac_tutorials/share/colcon-core/packages/isaac_tutorials)
[1.730s] Level 1:colcon.colcon_core.environment:create_environment_scripts_only(carter_navigation)
[1.730s] Level 1:colcon.colcon_core.environment:checking '/home/robotdeveloper02/IsaacSim-ros_workspaces-main/humble_ws/install/carter_navigation' for CMake module files
[1.731s] Level 1:colcon.colcon_core.environment:checking '/home/robotdeveloper02/IsaacSim-ros_workspaces-main/humble_ws/install/carter_navigation' for CMake config files
[1.731s] Level 1:colcon.colcon_core.shell:create_environment_hook('carter_navigation', 'cmake_prefix_path')
[1.731s] INFO:colcon.colcon_core.shell:Creating environment hook '/home/robotdeveloper02/IsaacSim-ros_workspaces-main/humble_ws/install/carter_navigation/share/carter_navigation/hook/cmake_prefix_path.ps1'
[1.732s] INFO:colcon.colcon_core.shell:Creating environment descriptor '/home/robotdeveloper02/IsaacSim-ros_workspaces-main/humble_ws/install/carter_navigation/share/carter_navigation/hook/cmake_prefix_path.dsv'
[1.732s] INFO:colcon.colcon_core.shell:Creating environment hook '/home/robotdeveloper02/IsaacSim-ros_workspaces-main/humble_ws/install/carter_navigation/share/carter_navigation/hook/cmake_prefix_path.sh'
[1.733s] Level 1:colcon.colcon_core.environment:checking '/home/robotdeveloper02/IsaacSim-ros_workspaces-main/humble_ws/install/carter_navigation/bin'
[1.733s] Level 1:colcon.colcon_core.environment:checking '/home/robotdeveloper02/IsaacSim-ros_workspaces-main/humble_ws/install/carter_navigation/lib/pkgconfig/carter_navigation.pc'
[1.733s] Level 1:colcon.colcon_core.environment:checking '/home/robotdeveloper02/IsaacSim-ros_workspaces-main/humble_ws/install/carter_navigation/lib/python3.10/site-packages'
[1.733s] Level 1:colcon.colcon_core.environment:checking '/home/robotdeveloper02/IsaacSim-ros_workspaces-main/humble_ws/install/carter_navigation/bin'
[1.734s] INFO:colcon.colcon_core.shell:Creating package script '/home/robotdeveloper02/IsaacSim-ros_workspaces-main/humble_ws/install/carter_navigation/share/carter_navigation/package.ps1'
[1.734s] INFO:colcon.colcon_core.shell:Creating package descriptor '/home/robotdeveloper02/IsaacSim-ros_workspaces-main/humble_ws/install/carter_navigation/share/carter_navigation/package.dsv'
[1.735s] INFO:colcon.colcon_core.shell:Creating package script '/home/robotdeveloper02/IsaacSim-ros_workspaces-main/humble_ws/install/carter_navigation/share/carter_navigation/package.sh'
[1.735s] INFO:colcon.colcon_core.shell:Creating package script '/home/robotdeveloper02/IsaacSim-ros_workspaces-main/humble_ws/install/carter_navigation/share/carter_navigation/package.bash'
[1.735s] INFO:colcon.colcon_core.shell:Creating package script '/home/robotdeveloper02/IsaacSim-ros_workspaces-main/humble_ws/install/carter_navigation/share/carter_navigation/package.zsh'
[1.736s] Level 1:colcon.colcon_core.environment:create_file_with_runtime_dependencies(/home/robotdeveloper02/IsaacSim-ros_workspaces-main/humble_ws/install/carter_navigation/share/colcon-core/packages/carter_navigation)
[1.743s] Level 1:colcon.colcon_core.environment:create_environment_scripts_only(isaacsim)
[1.743s] Level 1:colcon.colcon_core.environment:checking '/home/robotdeveloper02/IsaacSim-ros_workspaces-main/humble_ws/install/isaacsim' for CMake module files
[1.744s] Level 1:colcon.colcon_core.environment:checking '/home/robotdeveloper02/IsaacSim-ros_workspaces-main/humble_ws/install/isaacsim' for CMake config files
[1.745s] Level 1:colcon.colcon_core.shell:create_environment_hook('isaacsim', 'cmake_prefix_path')
[1.745s] INFO:colcon.colcon_core.shell:Creating environment hook '/home/robotdeveloper02/IsaacSim-ros_workspaces-main/humble_ws/install/isaacsim/share/isaacsim/hook/cmake_prefix_path.ps1'
[1.746s] INFO:colcon.colcon_core.shell:Creating environment descriptor '/home/robotdeveloper02/IsaacSim-ros_workspaces-main/humble_ws/install/isaacsim/share/isaacsim/hook/cmake_prefix_path.dsv'
[1.746s] INFO:colcon.colcon_core.shell:Creating environment hook '/home/robotdeveloper02/IsaacSim-ros_workspaces-main/humble_ws/install/isaacsim/share/isaacsim/hook/cmake_prefix_path.sh'
[1.747s] Level 1:colcon.colcon_core.environment:checking '/home/robotdeveloper02/IsaacSim-ros_workspaces-main/humble_ws/install/isaacsim/lib'
[1.747s] Level 1:colcon.colcon_core.environment:checking '/home/robotdeveloper02/IsaacSim-ros_workspaces-main/humble_ws/install/isaacsim/bin'
[1.747s] Level 1:colcon.colcon_core.environment:checking '/home/robotdeveloper02/IsaacSim-ros_workspaces-main/humble_ws/install/isaacsim/lib/pkgconfig/isaacsim.pc'
[1.748s] Level 1:colcon.colcon_core.environment:checking '/home/robotdeveloper02/IsaacSim-ros_workspaces-main/humble_ws/install/isaacsim/lib/python3.10/site-packages'
[1.748s] Level 1:colcon.colcon_core.environment:checking '/home/robotdeveloper02/IsaacSim-ros_workspaces-main/humble_ws/install/isaacsim/bin'
[1.749s] INFO:colcon.colcon_core.shell:Creating package script '/home/robotdeveloper02/IsaacSim-ros_workspaces-main/humble_ws/install/isaacsim/share/isaacsim/package.ps1'
[1.750s] INFO:colcon.colcon_core.shell:Creating package descriptor '/home/robotdeveloper02/IsaacSim-ros_workspaces-main/humble_ws/install/isaacsim/share/isaacsim/package.dsv'
[1.750s] INFO:colcon.colcon_core.shell:Creating package script '/home/robotdeveloper02/IsaacSim-ros_workspaces-main/humble_ws/install/isaacsim/share/isaacsim/package.sh'
[1.751s] INFO:colcon.colcon_core.shell:Creating package script '/home/robotdeveloper02/IsaacSim-ros_workspaces-main/humble_ws/install/isaacsim/share/isaacsim/package.bash'
[1.752s] INFO:colcon.colcon_core.shell:Creating package script '/home/robotdeveloper02/IsaacSim-ros_workspaces-main/humble_ws/install/isaacsim/share/isaacsim/package.zsh'
[1.752s] Level 1:colcon.colcon_core.environment:create_file_with_runtime_dependencies(/home/robotdeveloper02/IsaacSim-ros_workspaces-main/humble_ws/install/isaacsim/share/colcon-core/packages/isaacsim)
[1.754s] Level 1:colcon.colcon_core.environment:create_environment_scripts_only(isaac_tutorials)
[1.754s] Level 1:colcon.colcon_core.environment:checking '/home/robotdeveloper02/IsaacSim-ros_workspaces-main/humble_ws/install/isaac_tutorials' for CMake module files
[1.755s] Level 1:colcon.colcon_core.environment:checking '/home/robotdeveloper02/IsaacSim-ros_workspaces-main/humble_ws/install/isaac_tutorials' for CMake config files
[1.755s] Level 1:colcon.colcon_core.shell:create_environment_hook('isaac_tutorials', 'cmake_prefix_path')
[1.756s] INFO:colcon.colcon_core.shell:Creating environment hook '/home/robotdeveloper02/IsaacSim-ros_workspaces-main/humble_ws/install/isaac_tutorials/share/isaac_tutorials/hook/cmake_prefix_path.ps1'
[1.756s] INFO:colcon.colcon_core.shell:Creating environment descriptor '/home/robotdeveloper02/IsaacSim-ros_workspaces-main/humble_ws/install/isaac_tutorials/share/isaac_tutorials/hook/cmake_prefix_path.dsv'
[1.757s] INFO:colcon.colcon_core.shell:Creating environment hook '/home/robotdeveloper02/IsaacSim-ros_workspaces-main/humble_ws/install/isaac_tutorials/share/isaac_tutorials/hook/cmake_prefix_path.sh'
[1.757s] Level 1:colcon.colcon_core.environment:checking '/home/robotdeveloper02/IsaacSim-ros_workspaces-main/humble_ws/install/isaac_tutorials/lib'
[1.758s] Level 1:colcon.colcon_core.environment:checking '/home/robotdeveloper02/IsaacSim-ros_workspaces-main/humble_ws/install/isaac_tutorials/bin'
[1.758s] Level 1:colcon.colcon_core.environment:checking '/home/robotdeveloper02/IsaacSim-ros_workspaces-main/humble_ws/install/isaac_tutorials/lib/pkgconfig/isaac_tutorials.pc'
[1.758s] Level 1:colcon.colcon_core.environment:checking '/home/robotdeveloper02/IsaacSim-ros_workspaces-main/humble_ws/install/isaac_tutorials/lib/python3.10/site-packages'
[1.758s] Level 1:colcon.colcon_core.environment:checking '/home/robotdeveloper02/IsaacSim-ros_workspaces-main/humble_ws/install/isaac_tutorials/bin'
[1.759s] INFO:colcon.colcon_core.shell:Creating package script '/home/robotdeveloper02/IsaacSim-ros_workspaces-main/humble_ws/install/isaac_tutorials/share/isaac_tutorials/package.ps1'
[1.760s] INFO:colcon.colcon_core.shell:Creating package descriptor '/home/robotdeveloper02/IsaacSim-ros_workspaces-main/humble_ws/install/isaac_tutorials/share/isaac_tutorials/package.dsv'
[1.760s] INFO:colcon.colcon_core.shell:Creating package script '/home/robotdeveloper02/IsaacSim-ros_workspaces-main/humble_ws/install/isaac_tutorials/share/isaac_tutorials/package.sh'
[1.761s] INFO:colcon.colcon_core.shell:Creating package script '/home/robotdeveloper02/IsaacSim-ros_workspaces-main/humble_ws/install/isaac_tutorials/share/isaac_tutorials/package.bash'
[1.761s] INFO:colcon.colcon_core.shell:Creating package script '/home/robotdeveloper02/IsaacSim-ros_workspaces-main/humble_ws/install/isaac_tutorials/share/isaac_tutorials/package.zsh'
[1.762s] Level 1:colcon.colcon_core.environment:create_file_with_runtime_dependencies(/home/robotdeveloper02/IsaacSim-ros_workspaces-main/humble_ws/install/isaac_tutorials/share/colcon-core/packages/isaac_tutorials)
[1.776s] DEBUG:colcon.colcon_core.event_handler.log_command:Invoking command in '/home/robotdeveloper02/IsaacSim-ros_workspaces-main/humble_ws/build/custom_message': CMAKE_PREFIX_PATH=${CMAKE_PREFIX_PATH}:/home/robotdeveloper02/IsaacSim-ros_workspaces-main/humble_ws/install/my_ros2_package:/home/robotdeveloper02/IsaacSim-ros_workspaces-main/humble_ws/install/jetbot_controller:/home/robotdeveloper02/IsaacSim-ros_workspaces-main/humble_ws/install/isaac_ros_navigation_goal:/home/robotdeveloper02/IsaacSim-ros_workspaces-main/humble_ws/install/error_subscriber:/home/robotdeveloper02/IsaacSim-ros_workspaces-main/humble_ws/install/cube_controller:/home/robotdeveloper02/IsaacSim-ros_workspaces-main/humble_ws/install/Jettbot_position:/opt/ros/humble /usr/bin/cmake --install /home/robotdeveloper02/IsaacSim-ros_workspaces-main/humble_ws/build/custom_message
[1.809s] DEBUG:colcon.colcon_core.event_handler.log_command:Invoking command in '/home/robotdeveloper02/IsaacSim-ros_workspaces-main/humble_ws/build/isaac_ros2_messages': CMAKE_PREFIX_PATH=${CMAKE_PREFIX_PATH}:/home/robotdeveloper02/IsaacSim-ros_workspaces-main/humble_ws/install/my_ros2_package:/home/robotdeveloper02/IsaacSim-ros_workspaces-main/humble_ws/install/jetbot_controller:/home/robotdeveloper02/IsaacSim-ros_workspaces-main/humble_ws/install/isaac_ros_navigation_goal:/home/robotdeveloper02/IsaacSim-ros_workspaces-main/humble_ws/install/error_subscriber:/home/robotdeveloper02/IsaacSim-ros_workspaces-main/humble_ws/install/cube_controller:/home/robotdeveloper02/IsaacSim-ros_workspaces-main/humble_ws/install/Jettbot_position:/opt/ros/humble /usr/bin/cmake --install /home/robotdeveloper02/IsaacSim-ros_workspaces-main/humble_ws/build/isaac_ros2_messages
[1.845s] Level 1:colcon.colcon_core.environment:create_environment_scripts_only(custom_message)
[1.845s] Level 1:colcon.colcon_core.environment:checking '/home/robotdeveloper02/IsaacSim-ros_workspaces-main/humble_ws/install/custom_message' for CMake module files
[1.846s] Level 1:colcon.colcon_core.environment:checking '/home/robotdeveloper02/IsaacSim-ros_workspaces-main/humble_ws/install/custom_message' for CMake config files
[1.847s] Level 1:colcon.colcon_core.shell:create_environment_hook('custom_message', 'cmake_prefix_path')
[1.847s] INFO:colcon.colcon_core.shell:Creating environment hook '/home/robotdeveloper02/IsaacSim-ros_workspaces-main/humble_ws/install/custom_message/share/custom_message/hook/cmake_prefix_path.ps1'
[1.848s] INFO:colcon.colcon_core.shell:Creating environment descriptor '/home/robotdeveloper02/IsaacSim-ros_workspaces-main/humble_ws/install/custom_message/share/custom_message/hook/cmake_prefix_path.dsv'
[1.848s] DEBUG:colcon.colcon_core.event_handler.log_command:Invoked command in '/home/robotdeveloper02/IsaacSim-ros_workspaces-main/humble_ws/build/custom_message' returned '0': CMAKE_PREFIX_PATH=${CMAKE_PREFIX_PATH}:/home/robotdeveloper02/IsaacSim-ros_workspaces-main/humble_ws/install/my_ros2_package:/home/robotdeveloper02/IsaacSim-ros_workspaces-main/humble_ws/install/jetbot_controller:/home/robotdeveloper02/IsaacSim-ros_workspaces-main/humble_ws/install/isaac_ros_navigation_goal:/home/robotdeveloper02/IsaacSim-ros_workspaces-main/humble_ws/install/error_subscriber:/home/robotdeveloper02/IsaacSim-ros_workspaces-main/humble_ws/install/cube_controller:/home/robotdeveloper02/IsaacSim-ros_workspaces-main/humble_ws/install/Jettbot_position:/opt/ros/humble /usr/bin/cmake --install /home/robotdeveloper02/IsaacSim-ros_workspaces-main/humble_ws/build/custom_message
[1.849s] INFO:colcon.colcon_core.shell:Creating environment hook '/home/robotdeveloper02/IsaacSim-ros_workspaces-main/humble_ws/install/custom_message/share/custom_message/hook/cmake_prefix_path.sh'
[1.849s] Level 1:colcon.colcon_core.environment:checking '/home/robotdeveloper02/IsaacSim-ros_workspaces-main/humble_ws/install/custom_message/lib'
[1.849s] Level 1:colcon.colcon_core.shell:create_environment_hook('custom_message', 'ld_library_path_lib')
[1.850s] INFO:colcon.colcon_core.shell:Creating environment hook '/home/robotdeveloper02/IsaacSim-ros_workspaces-main/humble_ws/install/custom_message/share/custom_message/hook/ld_library_path_lib.ps1'
[1.850s] INFO:colcon.colcon_core.shell:Creating environment descriptor '/home/robotdeveloper02/IsaacSim-ros_workspaces-main/humble_ws/install/custom_message/share/custom_message/hook/ld_library_path_lib.dsv'
[1.851s] INFO:colcon.colcon_core.shell:Creating environment hook '/home/robotdeveloper02/IsaacSim-ros_workspaces-main/humble_ws/install/custom_message/share/custom_message/hook/ld_library_path_lib.sh'
[1.851s] Level 1:colcon.colcon_core.environment:checking '/home/robotdeveloper02/IsaacSim-ros_workspaces-main/humble_ws/install/custom_message/bin'
[1.851s] Level 1:colcon.colcon_core.environment:checking '/home/robotdeveloper02/IsaacSim-ros_workspaces-main/humble_ws/install/custom_message/lib/pkgconfig/custom_message.pc'
[1.851s] Level 1:colcon.colcon_core.environment:checking '/home/robotdeveloper02/IsaacSim-ros_workspaces-main/humble_ws/install/custom_message/lib/python3.10/site-packages'
[1.852s] Level 1:colcon.colcon_core.environment:checking '/home/robotdeveloper02/IsaacSim-ros_workspaces-main/humble_ws/install/custom_message/bin'
[1.852s] INFO:colcon.colcon_core.shell:Creating package script '/home/robotdeveloper02/IsaacSim-ros_workspaces-main/humble_ws/install/custom_message/share/custom_message/package.ps1'
[1.853s] INFO:colcon.colcon_core.shell:Creating package descriptor '/home/robotdeveloper02/IsaacSim-ros_workspaces-main/humble_ws/install/custom_message/share/custom_message/package.dsv'
[1.853s] INFO:colcon.colcon_core.shell:Creating package script '/home/robotdeveloper02/IsaacSim-ros_workspaces-main/humble_ws/install/custom_message/share/custom_message/package.sh'
[1.854s] INFO:colcon.colcon_core.shell:Creating package script '/home/robotdeveloper02/IsaacSim-ros_workspaces-main/humble_ws/install/custom_message/share/custom_message/package.bash'
[1.854s] INFO:colcon.colcon_core.shell:Creating package script '/home/robotdeveloper02/IsaacSim-ros_workspaces-main/humble_ws/install/custom_message/share/custom_message/package.zsh'
[1.855s] Level 1:colcon.colcon_core.environment:create_file_with_runtime_dependencies(/home/robotdeveloper02/IsaacSim-ros_workspaces-main/humble_ws/install/custom_message/share/colcon-core/packages/custom_message)
[1.879s] Level 1:colcon.colcon_core.environment:create_environment_scripts_only(isaac_ros2_messages)
[1.879s] Level 1:colcon.colcon_core.environment:checking '/home/robotdeveloper02/IsaacSim-ros_workspaces-main/humble_ws/install/isaac_ros2_messages' for CMake module files
[1.882s] DEBUG:colcon.colcon_core.event_handler.log_command:Invoked command in '/home/robotdeveloper02/IsaacSim-ros_workspaces-main/humble_ws/build/isaac_ros2_messages' returned '0': CMAKE_PREFIX_PATH=${CMAKE_PREFIX_PATH}:/home/robotdeveloper02/IsaacSim-ros_workspaces-main/humble_ws/install/my_ros2_package:/home/robotdeveloper02/IsaacSim-ros_workspaces-main/humble_ws/install/jetbot_controller:/home/robotdeveloper02/IsaacSim-ros_workspaces-main/humble_ws/install/isaac_ros_navigation_goal:/home/robotdeveloper02/IsaacSim-ros_workspaces-main/humble_ws/install/error_subscriber:/home/robotdeveloper02/IsaacSim-ros_workspaces-main/humble_ws/install/cube_controller:/home/robotdeveloper02/IsaacSim-ros_workspaces-main/humble_ws/install/Jettbot_position:/opt/ros/humble /usr/bin/cmake --install /home/robotdeveloper02/IsaacSim-ros_workspaces-main/humble_ws/build/isaac_ros2_messages
[1.882s] Level 1:colcon.colcon_core.environment:checking '/home/robotdeveloper02/IsaacSim-ros_workspaces-main/humble_ws/install/isaac_ros2_messages' for CMake config files
[1.883s] Level 1:colcon.colcon_core.shell:create_environment_hook('isaac_ros2_messages', 'cmake_prefix_path')
[1.884s] INFO:colcon.colcon_core.shell:Creating environment hook '/home/robotdeveloper02/IsaacSim-ros_workspaces-main/humble_ws/install/isaac_ros2_messages/share/isaac_ros2_messages/hook/cmake_prefix_path.ps1'
[1.884s] INFO:colcon.colcon_core.shell:Creating environment descriptor '/home/robotdeveloper02/IsaacSim-ros_workspaces-main/humble_ws/install/isaac_ros2_messages/share/isaac_ros2_messages/hook/cmake_prefix_path.dsv'
[1.885s] INFO:colcon.colcon_core.shell:Creating environment hook '/home/robotdeveloper02/IsaacSim-ros_workspaces-main/humble_ws/install/isaac_ros2_messages/share/isaac_ros2_messages/hook/cmake_prefix_path.sh'
[1.885s] Level 1:colcon.colcon_core.environment:checking '/home/robotdeveloper02/IsaacSim-ros_workspaces-main/humble_ws/install/isaac_ros2_messages/lib'
[1.885s] Level 1:colcon.colcon_core.shell:create_environment_hook('isaac_ros2_messages', 'ld_library_path_lib')
[1.886s] INFO:colcon.colcon_core.shell:Creating environment hook '/home/robotdeveloper02/IsaacSim-ros_workspaces-main/humble_ws/install/isaac_ros2_messages/share/isaac_ros2_messages/hook/ld_library_path_lib.ps1'
[1.886s] INFO:colcon.colcon_core.shell:Creating environment descriptor '/home/robotdeveloper02/IsaacSim-ros_workspaces-main/humble_ws/install/isaac_ros2_messages/share/isaac_ros2_messages/hook/ld_library_path_lib.dsv'
[1.886s] INFO:colcon.colcon_core.shell:Creating environment hook '/home/robotdeveloper02/IsaacSim-ros_workspaces-main/humble_ws/install/isaac_ros2_messages/share/isaac_ros2_messages/hook/ld_library_path_lib.sh'
[1.887s] Level 1:colcon.colcon_core.environment:checking '/home/robotdeveloper02/IsaacSim-ros_workspaces-main/humble_ws/install/isaac_ros2_messages/bin'
[1.887s] Level 1:colcon.colcon_core.environment:checking '/home/robotdeveloper02/IsaacSim-ros_workspaces-main/humble_ws/install/isaac_ros2_messages/lib/pkgconfig/isaac_ros2_messages.pc'
[1.887s] Level 1:colcon.colcon_core.environment:checking '/home/robotdeveloper02/IsaacSim-ros_workspaces-main/humble_ws/install/isaac_ros2_messages/lib/python3.10/site-packages'
[1.887s] Level 1:colcon.colcon_core.environment:checking '/home/robotdeveloper02/IsaacSim-ros_workspaces-main/humble_ws/install/isaac_ros2_messages/bin'
[1.888s] INFO:colcon.colcon_core.shell:Creating package script '/home/robotdeveloper02/IsaacSim-ros_workspaces-main/humble_ws/install/isaac_ros2_messages/share/isaac_ros2_messages/package.ps1'
[1.889s] INFO:colcon.colcon_core.shell:Creating package descriptor '/home/robotdeveloper02/IsaacSim-ros_workspaces-main/humble_ws/install/isaac_ros2_messages/share/isaac_ros2_messages/package.dsv'
[1.889s] INFO:colcon.colcon_core.shell:Creating package script '/home/robotdeveloper02/IsaacSim-ros_workspaces-main/humble_ws/install/isaac_ros2_messages/share/isaac_ros2_messages/package.sh'
[1.890s] INFO:colcon.colcon_core.shell:Creating package script '/home/robotdeveloper02/IsaacSim-ros_workspaces-main/humble_ws/install/isaac_ros2_messages/share/isaac_ros2_messages/package.bash'
[1.890s] INFO:colcon.colcon_core.shell:Creating package script '/home/robotdeveloper02/IsaacSim-ros_workspaces-main/humble_ws/install/isaac_ros2_messages/share/isaac_ros2_messages/package.zsh'
[1.891s] Level 1:colcon.colcon_core.environment:create_file_with_runtime_dependencies(/home/robotdeveloper02/IsaacSim-ros_workspaces-main/humble_ws/install/isaac_ros2_messages/share/colcon-core/packages/isaac_ros2_messages)
[1.980s] Level 1:colcon.colcon_core.environment:create_environment_scripts_only(custom_message)
[1.980s] Level 1:colcon.colcon_core.environment:checking '/home/robotdeveloper02/IsaacSim-ros_workspaces-main/humble_ws/install/custom_message' for CMake module files
[1.981s] Level 1:colcon.colcon_core.environment:checking '/home/robotdeveloper02/IsaacSim-ros_workspaces-main/humble_ws/install/custom_message' for CMake config files
[1.981s] Level 1:colcon.colcon_core.shell:create_environment_hook('custom_message', 'cmake_prefix_path')
[1.981s] INFO:colcon.colcon_core.shell:Creating environment hook '/home/robotdeveloper02/IsaacSim-ros_workspaces-main/humble_ws/install/custom_message/share/custom_message/hook/cmake_prefix_path.ps1'
[1.982s] INFO:colcon.colcon_core.shell:Creating environment descriptor '/home/robotdeveloper02/IsaacSim-ros_workspaces-main/humble_ws/install/custom_message/share/custom_message/hook/cmake_prefix_path.dsv'
[1.982s] INFO:colcon.colcon_core.shell:Creating environment hook '/home/robotdeveloper02/IsaacSim-ros_workspaces-main/humble_ws/install/custom_message/share/custom_message/hook/cmake_prefix_path.sh'
[1.982s] Level 1:colcon.colcon_core.environment:checking '/home/robotdeveloper02/IsaacSim-ros_workspaces-main/humble_ws/install/custom_message/lib'
[1.982s] Level 1:colcon.colcon_core.shell:create_environment_hook('custom_message', 'ld_library_path_lib')
[1.983s] INFO:colcon.colcon_core.shell:Creating environment hook '/home/robotdeveloper02/IsaacSim-ros_workspaces-main/humble_ws/install/custom_message/share/custom_message/hook/ld_library_path_lib.ps1'
[1.983s] INFO:colcon.colcon_core.shell:Creating environment descriptor '/home/robotdeveloper02/IsaacSim-ros_workspaces-main/humble_ws/install/custom_message/share/custom_message/hook/ld_library_path_lib.dsv'
[1.983s] INFO:colcon.colcon_core.shell:Creating environment hook '/home/robotdeveloper02/IsaacSim-ros_workspaces-main/humble_ws/install/custom_message/share/custom_message/hook/ld_library_path_lib.sh'
[1.984s] Level 1:colcon.colcon_core.environment:checking '/home/robotdeveloper02/IsaacSim-ros_workspaces-main/humble_ws/install/custom_message/bin'
[1.984s] Level 1:colcon.colcon_core.environment:checking '/home/robotdeveloper02/IsaacSim-ros_workspaces-main/humble_ws/install/custom_message/lib/pkgconfig/custom_message.pc'
[1.984s] Level 1:colcon.colcon_core.environment:checking '/home/robotdeveloper02/IsaacSim-ros_workspaces-main/humble_ws/install/custom_message/lib/python3.10/site-packages'
[1.984s] Level 1:colcon.colcon_core.environment:checking '/home/robotdeveloper02/IsaacSim-ros_workspaces-main/humble_ws/install/custom_message/bin'
[1.984s] INFO:colcon.colcon_core.shell:Creating package script '/home/robotdeveloper02/IsaacSim-ros_workspaces-main/humble_ws/install/custom_message/share/custom_message/package.ps1'
[1.985s] INFO:colcon.colcon_core.shell:Creating package descriptor '/home/robotdeveloper02/IsaacSim-ros_workspaces-main/humble_ws/install/custom_message/share/custom_message/package.dsv'
[1.985s] INFO:colcon.colcon_core.shell:Creating package script '/home/robotdeveloper02/IsaacSim-ros_workspaces-main/humble_ws/install/custom_message/share/custom_message/package.sh'
[1.986s] INFO:colcon.colcon_core.shell:Creating package script '/home/robotdeveloper02/IsaacSim-ros_workspaces-main/humble_ws/install/custom_message/share/custom_message/package.bash'
[1.986s] INFO:colcon.colcon_core.shell:Creating package script '/home/robotdeveloper02/IsaacSim-ros_workspaces-main/humble_ws/install/custom_message/share/custom_message/package.zsh'
[1.987s] Level 1:colcon.colcon_core.environment:create_file_with_runtime_dependencies(/home/robotdeveloper02/IsaacSim-ros_workspaces-main/humble_ws/install/custom_message/share/colcon-core/packages/custom_message)
[1.987s] INFO:colcon.colcon_ros.task.ament_cmake.build:Building ROS package in '/home/robotdeveloper02/IsaacSim-ros_workspaces-main/humble_ws/src/IMU_otamesi' with build type 'ament_cmake'
[1.987s] INFO:colcon.colcon_cmake.task.cmake.build:Building CMake package in '/home/robotdeveloper02/IsaacSim-ros_workspaces-main/humble_ws/src/IMU_otamesi'
[1.987s] INFO:colcon.colcon_core.shell:Skip shell extension 'powershell' for command environment: Not usable outside of PowerShell
[1.988s] DEBUG:colcon.colcon_core.shell:Skip shell extension 'dsv' for command environment
[1.994s] INFO:colcon.colcon_ros.task.ament_cmake.build:Building ROS package in '/home/robotdeveloper02/IsaacSim-ros_workspaces-main/humble_ws/src/calc_cpp' with build type 'ament_cmake'
[1.994s] INFO:colcon.colcon_cmake.task.cmake.build:Building CMake package in '/home/robotdeveloper02/IsaacSim-ros_workspaces-main/humble_ws/src/calc_cpp'
[1.994s] INFO:colcon.colcon_core.shell:Skip shell extension 'powershell' for command environment: Not usable outside of PowerShell
[1.995s] DEBUG:colcon.colcon_core.shell:Skip shell extension 'dsv' for command environment
[2.009s] DEBUG:colcon.colcon_core.event_handler.log_command:Invoking command in '/home/robotdeveloper02/IsaacSim-ros_workspaces-main/humble_ws/build/IMU_otamesi': CMAKE_PREFIX_PATH=/home/robotdeveloper02/IsaacSim-ros_workspaces-main/humble_ws/install/custom_message:/home/robotdeveloper02/IsaacSim-ros_workspaces-main/humble_ws/install/my_cpp_pose_subscriber:/home/robotdeveloper02/IsaacSim-ros_workspaces-main/humble_ws/install/isaacsim:/home/robotdeveloper02/IsaacSim-ros_workspaces-main/humble_ws/install/isaac_tutorials:/home/robotdeveloper02/IsaacSim-ros_workspaces-main/humble_ws/install/isaac_ros2_messages:/home/robotdeveloper02/IsaacSim-ros_workspaces-main/humble_ws/install/IMU_otamesi:/home/robotdeveloper02/IsaacSim-ros_workspaces-main/humble_ws/install/carter_navigation:/home/robotdeveloper02/IsaacSim-ros_workspaces-main/humble_ws/install/my_ros2_package:/home/robotdeveloper02/IsaacSim-ros_workspaces-main/humble_ws/install/jetbot_controller:/home/robotdeveloper02/IsaacSim-ros_workspaces-main/humble_ws/install/isaac_ros_navigation_goal:/home/robotdeveloper02/IsaacSim-ros_workspaces-main/humble_ws/install/error_subscriber:/home/robotdeveloper02/IsaacSim-ros_workspaces-main/humble_ws/install/cube_controller:/home/robotdeveloper02/IsaacSim-ros_workspaces-main/humble_ws/install/Jettbot_position:/opt/ros/humble LD_LIBRARY_PATH=/home/robotdeveloper02/IsaacSim-ros_workspaces-main/humble_ws/install/custom_message/lib:/home/robotdeveloper02/IsaacSim-ros_workspaces-main/humble_ws/install/isaac_ros2_messages/lib:/usr/lib/x86_64-linux-gnu/gazebo-11/plugins:/opt/ros/humble/opt/rviz_ogre_vendor/lib:/opt/ros/humble/lib/x86_64-linux-gnu:/opt/ros/humble/lib /usr/bin/cmake --build /home/robotdeveloper02/IsaacSim-ros_workspaces-main/humble_ws/build/IMU_otamesi -- -j16 -l16
[2.012s] DEBUG:colcon.colcon_core.event_handler.log_command:Invoking command in '/home/robotdeveloper02/IsaacSim-ros_workspaces-main/humble_ws/build/my_cpp_pose_subscriber': CMAKE_PREFIX_PATH=/home/robotdeveloper02/IsaacSim-ros_workspaces-main/humble_ws/install/custom_message:/home/robotdeveloper02/IsaacSim-ros_workspaces-main/humble_ws/install/my_cpp_pose_subscriber:/home/robotdeveloper02/IsaacSim-ros_workspaces-main/humble_ws/install/isaacsim:/home/robotdeveloper02/IsaacSim-ros_workspaces-main/humble_ws/install/isaac_tutorials:/home/robotdeveloper02/IsaacSim-ros_workspaces-main/humble_ws/install/isaac_ros2_messages:/home/robotdeveloper02/IsaacSim-ros_workspaces-main/humble_ws/install/IMU_otamesi:/home/robotdeveloper02/IsaacSim-ros_workspaces-main/humble_ws/install/carter_navigation:/home/robotdeveloper02/IsaacSim-ros_workspaces-main/humble_ws/install/my_ros2_package:/home/robotdeveloper02/IsaacSim-ros_workspaces-main/humble_ws/install/jetbot_controller:/home/robotdeveloper02/IsaacSim-ros_workspaces-main/humble_ws/install/isaac_ros_navigation_goal:/home/robotdeveloper02/IsaacSim-ros_workspaces-main/humble_ws/install/error_subscriber:/home/robotdeveloper02/IsaacSim-ros_workspaces-main/humble_ws/install/cube_controller:/home/robotdeveloper02/IsaacSim-ros_workspaces-main/humble_ws/install/Jettbot_position:/opt/ros/humble LD_LIBRARY_PATH=/home/robotdeveloper02/IsaacSim-ros_workspaces-main/humble_ws/install/custom_message/lib:/home/robotdeveloper02/IsaacSim-ros_workspaces-main/humble_ws/install/isaac_ros2_messages/lib:/usr/lib/x86_64-linux-gnu/gazebo-11/plugins:/opt/ros/humble/opt/rviz_ogre_vendor/lib:/opt/ros/humble/lib/x86_64-linux-gnu:/opt/ros/humble/lib /usr/bin/cmake --build /home/robotdeveloper02/IsaacSim-ros_workspaces-main/humble_ws/build/my_cpp_pose_subscriber -- -j16 -l16
[2.050s] Level 1:colcon.colcon_core.environment:create_environment_scripts_only(isaac_ros2_messages)
[2.050s] Level 1:colcon.colcon_core.environment:checking '/home/robotdeveloper02/IsaacSim-ros_workspaces-main/humble_ws/install/isaac_ros2_messages' for CMake module files
[2.051s] Level 1:colcon.colcon_core.environment:checking '/home/robotdeveloper02/IsaacSim-ros_workspaces-main/humble_ws/install/isaac_ros2_messages' for CMake config files
[2.051s] Level 1:colcon.colcon_core.shell:create_environment_hook('isaac_ros2_messages', 'cmake_prefix_path')
[2.052s] INFO:colcon.colcon_core.shell:Creating environment hook '/home/robotdeveloper02/IsaacSim-ros_workspaces-main/humble_ws/install/isaac_ros2_messages/share/isaac_ros2_messages/hook/cmake_prefix_path.ps1'
[2.052s] INFO:colcon.colcon_core.shell:Creating environment descriptor '/home/robotdeveloper02/IsaacSim-ros_workspaces-main/humble_ws/install/isaac_ros2_messages/share/isaac_ros2_messages/hook/cmake_prefix_path.dsv'
[2.053s] INFO:colcon.colcon_core.shell:Creating environment hook '/home/robotdeveloper02/IsaacSim-ros_workspaces-main/humble_ws/install/isaac_ros2_messages/share/isaac_ros2_messages/hook/cmake_prefix_path.sh'
[2.053s] Level 1:colcon.colcon_core.environment:checking '/home/robotdeveloper02/IsaacSim-ros_workspaces-main/humble_ws/install/isaac_ros2_messages/lib'
[2.053s] Level 1:colcon.colcon_core.shell:create_environment_hook('isaac_ros2_messages', 'ld_library_path_lib')
[2.054s] INFO:colcon.colcon_core.shell:Creating environment hook '/home/robotdeveloper02/IsaacSim-ros_workspaces-main/humble_ws/install/isaac_ros2_messages/share/isaac_ros2_messages/hook/ld_library_path_lib.ps1'
[2.054s] INFO:colcon.colcon_core.shell:Creating environment descriptor '/home/robotdeveloper02/IsaacSim-ros_workspaces-main/humble_ws/install/isaac_ros2_messages/share/isaac_ros2_messages/hook/ld_library_path_lib.dsv'
[2.054s] INFO:colcon.colcon_core.shell:Creating environment hook '/home/robotdeveloper02/IsaacSim-ros_workspaces-main/humble_ws/install/isaac_ros2_messages/share/isaac_ros2_messages/hook/ld_library_path_lib.sh'
[2.055s] Level 1:colcon.colcon_core.environment:checking '/home/robotdeveloper02/IsaacSim-ros_workspaces-main/humble_ws/install/isaac_ros2_messages/bin'
[2.055s] Level 1:colcon.colcon_core.environment:checking '/home/robotdeveloper02/IsaacSim-ros_workspaces-main/humble_ws/install/isaac_ros2_messages/lib/pkgconfig/isaac_ros2_messages.pc'
[2.055s] Level 1:colcon.colcon_core.environment:checking '/home/robotdeveloper02/IsaacSim-ros_workspaces-main/humble_ws/install/isaac_ros2_messages/lib/python3.10/site-packages'
[2.055s] Level 1:colcon.colcon_core.environment:checking '/home/robotdeveloper02/IsaacSim-ros_workspaces-main/humble_ws/install/isaac_ros2_messages/bin'
[2.056s] INFO:colcon.colcon_core.shell:Creating package script '/home/robotdeveloper02/IsaacSim-ros_workspaces-main/humble_ws/install/isaac_ros2_messages/share/isaac_ros2_messages/package.ps1'
[2.056s] INFO:colcon.colcon_core.shell:Creating package descriptor '/home/robotdeveloper02/IsaacSim-ros_workspaces-main/humble_ws/install/isaac_ros2_messages/share/isaac_ros2_messages/package.dsv'
[2.056s] INFO:colcon.colcon_core.shell:Creating package script '/home/robotdeveloper02/IsaacSim-ros_workspaces-main/humble_ws/install/isaac_ros2_messages/share/isaac_ros2_messages/package.sh'
[2.057s] INFO:colcon.colcon_core.shell:Creating package script '/home/robotdeveloper02/IsaacSim-ros_workspaces-main/humble_ws/install/isaac_ros2_messages/share/isaac_ros2_messages/package.bash'
[2.058s] INFO:colcon.colcon_core.shell:Creating package script '/home/robotdeveloper02/IsaacSim-ros_workspaces-main/humble_ws/install/isaac_ros2_messages/share/isaac_ros2_messages/package.zsh'
[2.058s] Level 1:colcon.colcon_core.environment:create_file_with_runtime_dependencies(/home/robotdeveloper02/IsaacSim-ros_workspaces-main/humble_ws/install/isaac_ros2_messages/share/colcon-core/packages/isaac_ros2_messages)
[2.093s] DEBUG:colcon.colcon_core.event_handler.log_command:Invoked command in '/home/robotdeveloper02/IsaacSim-ros_workspaces-main/humble_ws/build/IMU_otamesi' returned '0': CMAKE_PREFIX_PATH=/home/robotdeveloper02/IsaacSim-ros_workspaces-main/humble_ws/install/custom_message:/home/robotdeveloper02/IsaacSim-ros_workspaces-main/humble_ws/install/my_cpp_pose_subscriber:/home/robotdeveloper02/IsaacSim-ros_workspaces-main/humble_ws/install/isaacsim:/home/robotdeveloper02/IsaacSim-ros_workspaces-main/humble_ws/install/isaac_tutorials:/home/robotdeveloper02/IsaacSim-ros_workspaces-main/humble_ws/install/isaac_ros2_messages:/home/robotdeveloper02/IsaacSim-ros_workspaces-main/humble_ws/install/IMU_otamesi:/home/robotdeveloper02/IsaacSim-ros_workspaces-main/humble_ws/install/carter_navigation:/home/robotdeveloper02/IsaacSim-ros_workspaces-main/humble_ws/install/my_ros2_package:/home/robotdeveloper02/IsaacSim-ros_workspaces-main/humble_ws/install/jetbot_controller:/home/robotdeveloper02/IsaacSim-ros_workspaces-main/humble_ws/install/isaac_ros_navigation_goal:/home/robotdeveloper02/IsaacSim-ros_workspaces-main/humble_ws/install/error_subscriber:/home/robotdeveloper02/IsaacSim-ros_workspaces-main/humble_ws/install/cube_controller:/home/robotdeveloper02/IsaacSim-ros_workspaces-main/humble_ws/install/Jettbot_position:/opt/ros/humble LD_LIBRARY_PATH=/home/robotdeveloper02/IsaacSim-ros_workspaces-main/humble_ws/install/custom_message/lib:/home/robotdeveloper02/IsaacSim-ros_workspaces-main/humble_ws/install/isaac_ros2_messages/lib:/usr/lib/x86_64-linux-gnu/gazebo-11/plugins:/opt/ros/humble/opt/rviz_ogre_vendor/lib:/opt/ros/humble/lib/x86_64-linux-gnu:/opt/ros/humble/lib /usr/bin/cmake --build /home/robotdeveloper02/IsaacSim-ros_workspaces-main/humble_ws/build/IMU_otamesi -- -j16 -l16
[2.098s] DEBUG:colcon.colcon_core.event_handler.log_command:Invoked command in '/home/robotdeveloper02/IsaacSim-ros_workspaces-main/humble_ws/build/my_cpp_pose_subscriber' returned '0': CMAKE_PREFIX_PATH=/home/robotdeveloper02/IsaacSim-ros_workspaces-main/humble_ws/install/custom_message:/home/robotdeveloper02/IsaacSim-ros_workspaces-main/humble_ws/install/my_cpp_pose_subscriber:/home/robotdeveloper02/IsaacSim-ros_workspaces-main/humble_ws/install/isaacsim:/home/robotdeveloper02/IsaacSim-ros_workspaces-main/humble_ws/install/isaac_tutorials:/home/robotdeveloper02/IsaacSim-ros_workspaces-main/humble_ws/install/isaac_ros2_messages:/home/robotdeveloper02/IsaacSim-ros_workspaces-main/humble_ws/install/IMU_otamesi:/home/robotdeveloper02/IsaacSim-ros_workspaces-main/humble_ws/install/carter_navigation:/home/robotdeveloper02/IsaacSim-ros_workspaces-main/humble_ws/install/my_ros2_package:/home/robotdeveloper02/IsaacSim-ros_workspaces-main/humble_ws/install/jetbot_controller:/home/robotdeveloper02/IsaacSim-ros_workspaces-main/humble_ws/install/isaac_ros_navigation_goal:/home/robotdeveloper02/IsaacSim-ros_workspaces-main/humble_ws/install/error_subscriber:/home/robotdeveloper02/IsaacSim-ros_workspaces-main/humble_ws/install/cube_controller:/home/robotdeveloper02/IsaacSim-ros_workspaces-main/humble_ws/install/Jettbot_position:/opt/ros/humble LD_LIBRARY_PATH=/home/robotdeveloper02/IsaacSim-ros_workspaces-main/humble_ws/install/custom_message/lib:/home/robotdeveloper02/IsaacSim-ros_workspaces-main/humble_ws/install/isaac_ros2_messages/lib:/usr/lib/x86_64-linux-gnu/gazebo-11/plugins:/opt/ros/humble/opt/rviz_ogre_vendor/lib:/opt/ros/humble/lib/x86_64-linux-gnu:/opt/ros/humble/lib /usr/bin/cmake --build /home/robotdeveloper02/IsaacSim-ros_workspaces-main/humble_ws/build/my_cpp_pose_subscriber -- -j16 -l16
[2.124s] DEBUG:colcon.colcon_core.event_handler.log_command:Invoking command in '/home/robotdeveloper02/IsaacSim-ros_workspaces-main/humble_ws/build/IMU_otamesi': CMAKE_PREFIX_PATH=/home/robotdeveloper02/IsaacSim-ros_workspaces-main/humble_ws/install/custom_message:/home/robotdeveloper02/IsaacSim-ros_workspaces-main/humble_ws/install/my_cpp_pose_subscriber:/home/robotdeveloper02/IsaacSim-ros_workspaces-main/humble_ws/install/isaacsim:/home/robotdeveloper02/IsaacSim-ros_workspaces-main/humble_ws/install/isaac_tutorials:/home/robotdeveloper02/IsaacSim-ros_workspaces-main/humble_ws/install/isaac_ros2_messages:/home/robotdeveloper02/IsaacSim-ros_workspaces-main/humble_ws/install/IMU_otamesi:/home/robotdeveloper02/IsaacSim-ros_workspaces-main/humble_ws/install/carter_navigation:/home/robotdeveloper02/IsaacSim-ros_workspaces-main/humble_ws/install/my_ros2_package:/home/robotdeveloper02/IsaacSim-ros_workspaces-main/humble_ws/install/jetbot_controller:/home/robotdeveloper02/IsaacSim-ros_workspaces-main/humble_ws/install/isaac_ros_navigation_goal:/home/robotdeveloper02/IsaacSim-ros_workspaces-main/humble_ws/install/error_subscriber:/home/robotdeveloper02/IsaacSim-ros_workspaces-main/humble_ws/install/cube_controller:/home/robotdeveloper02/IsaacSim-ros_workspaces-main/humble_ws/install/Jettbot_position:/opt/ros/humble LD_LIBRARY_PATH=/home/robotdeveloper02/IsaacSim-ros_workspaces-main/humble_ws/install/custom_message/lib:/home/robotdeveloper02/IsaacSim-ros_workspaces-main/humble_ws/install/isaac_ros2_messages/lib:/usr/lib/x86_64-linux-gnu/gazebo-11/plugins:/opt/ros/humble/opt/rviz_ogre_vendor/lib:/opt/ros/humble/lib/x86_64-linux-gnu:/opt/ros/humble/lib /usr/bin/cmake --install /home/robotdeveloper02/IsaacSim-ros_workspaces-main/humble_ws/build/IMU_otamesi
[2.137s] DEBUG:colcon.colcon_core.event_handler.log_command:Invoking command in '/home/robotdeveloper02/IsaacSim-ros_workspaces-main/humble_ws/build/my_cpp_pose_subscriber': CMAKE_PREFIX_PATH=/home/robotdeveloper02/IsaacSim-ros_workspaces-main/humble_ws/install/custom_message:/home/robotdeveloper02/IsaacSim-ros_workspaces-main/humble_ws/install/my_cpp_pose_subscriber:/home/robotdeveloper02/IsaacSim-ros_workspaces-main/humble_ws/install/isaacsim:/home/robotdeveloper02/IsaacSim-ros_workspaces-main/humble_ws/install/isaac_tutorials:/home/robotdeveloper02/IsaacSim-ros_workspaces-main/humble_ws/install/isaac_ros2_messages:/home/robotdeveloper02/IsaacSim-ros_workspaces-main/humble_ws/install/IMU_otamesi:/home/robotdeveloper02/IsaacSim-ros_workspaces-main/humble_ws/install/carter_navigation:/home/robotdeveloper02/IsaacSim-ros_workspaces-main/humble_ws/install/my_ros2_package:/home/robotdeveloper02/IsaacSim-ros_workspaces-main/humble_ws/install/jetbot_controller:/home/robotdeveloper02/IsaacSim-ros_workspaces-main/humble_ws/install/isaac_ros_navigation_goal:/home/robotdeveloper02/IsaacSim-ros_workspaces-main/humble_ws/install/error_subscriber:/home/robotdeveloper02/IsaacSim-ros_workspaces-main/humble_ws/install/cube_controller:/home/robotdeveloper02/IsaacSim-ros_workspaces-main/humble_ws/install/Jettbot_position:/opt/ros/humble LD_LIBRARY_PATH=/home/robotdeveloper02/IsaacSim-ros_workspaces-main/humble_ws/install/custom_message/lib:/home/robotdeveloper02/IsaacSim-ros_workspaces-main/humble_ws/install/isaac_ros2_messages/lib:/usr/lib/x86_64-linux-gnu/gazebo-11/plugins:/opt/ros/humble/opt/rviz_ogre_vendor/lib:/opt/ros/humble/lib/x86_64-linux-gnu:/opt/ros/humble/lib /usr/bin/cmake --install /home/robotdeveloper02/IsaacSim-ros_workspaces-main/humble_ws/build/my_cpp_pose_subscriber
[2.139s] Level 1:colcon.colcon_core.environment:create_environment_scripts_only(IMU_otamesi)
[2.139s] Level 1:colcon.colcon_core.environment:checking '/home/robotdeveloper02/IsaacSim-ros_workspaces-main/humble_ws/install/IMU_otamesi' for CMake module files
[2.140s] DEBUG:colcon.colcon_core.event_handler.log_command:Invoked command in '/home/robotdeveloper02/IsaacSim-ros_workspaces-main/humble_ws/build/IMU_otamesi' returned '0': CMAKE_PREFIX_PATH=/home/robotdeveloper02/IsaacSim-ros_workspaces-main/humble_ws/install/custom_message:/home/robotdeveloper02/IsaacSim-ros_workspaces-main/humble_ws/install/my_cpp_pose_subscriber:/home/robotdeveloper02/IsaacSim-ros_workspaces-main/humble_ws/install/isaacsim:/home/robotdeveloper02/IsaacSim-ros_workspaces-main/humble_ws/install/isaac_tutorials:/home/robotdeveloper02/IsaacSim-ros_workspaces-main/humble_ws/install/isaac_ros2_messages:/home/robotdeveloper02/IsaacSim-ros_workspaces-main/humble_ws/install/IMU_otamesi:/home/robotdeveloper02/IsaacSim-ros_workspaces-main/humble_ws/install/carter_navigation:/home/robotdeveloper02/IsaacSim-ros_workspaces-main/humble_ws/install/my_ros2_package:/home/robotdeveloper02/IsaacSim-ros_workspaces-main/humble_ws/install/jetbot_controller:/home/robotdeveloper02/IsaacSim-ros_workspaces-main/humble_ws/install/isaac_ros_navigation_goal:/home/robotdeveloper02/IsaacSim-ros_workspaces-main/humble_ws/install/error_subscriber:/home/robotdeveloper02/IsaacSim-ros_workspaces-main/humble_ws/install/cube_controller:/home/robotdeveloper02/IsaacSim-ros_workspaces-main/humble_ws/install/Jettbot_position:/opt/ros/humble LD_LIBRARY_PATH=/home/robotdeveloper02/IsaacSim-ros_workspaces-main/humble_ws/install/custom_message/lib:/home/robotdeveloper02/IsaacSim-ros_workspaces-main/humble_ws/install/isaac_ros2_messages/lib:/usr/lib/x86_64-linux-gnu/gazebo-11/plugins:/opt/ros/humble/opt/rviz_ogre_vendor/lib:/opt/ros/humble/lib/x86_64-linux-gnu:/opt/ros/humble/lib /usr/bin/cmake --install /home/robotdeveloper02/IsaacSim-ros_workspaces-main/humble_ws/build/IMU_otamesi
[2.141s] Level 1:colcon.colcon_core.environment:checking '/home/robotdeveloper02/IsaacSim-ros_workspaces-main/humble_ws/install/IMU_otamesi' for CMake config files
[2.141s] Level 1:colcon.colcon_core.shell:create_environment_hook('IMU_otamesi', 'cmake_prefix_path')
[2.142s] INFO:colcon.colcon_core.shell:Creating environment hook '/home/robotdeveloper02/IsaacSim-ros_workspaces-main/humble_ws/install/IMU_otamesi/share/IMU_otamesi/hook/cmake_prefix_path.ps1'
[2.143s] INFO:colcon.colcon_core.shell:Creating environment descriptor '/home/robotdeveloper02/IsaacSim-ros_workspaces-main/humble_ws/install/IMU_otamesi/share/IMU_otamesi/hook/cmake_prefix_path.dsv'
[2.143s] INFO:colcon.colcon_core.shell:Creating environment hook '/home/robotdeveloper02/IsaacSim-ros_workspaces-main/humble_ws/install/IMU_otamesi/share/IMU_otamesi/hook/cmake_prefix_path.sh'
[2.145s] Level 1:colcon.colcon_core.environment:checking '/home/robotdeveloper02/IsaacSim-ros_workspaces-main/humble_ws/install/IMU_otamesi/lib'
[2.145s] Level 1:colcon.colcon_core.environment:checking '/home/robotdeveloper02/IsaacSim-ros_workspaces-main/humble_ws/install/IMU_otamesi/bin'
[2.145s] Level 1:colcon.colcon_core.environment:checking '/home/robotdeveloper02/IsaacSim-ros_workspaces-main/humble_ws/install/IMU_otamesi/lib/pkgconfig/IMU_otamesi.pc'
[2.146s] Level 1:colcon.colcon_core.environment:checking '/home/robotdeveloper02/IsaacSim-ros_workspaces-main/humble_ws/install/IMU_otamesi/lib/python3.10/site-packages'
[2.146s] Level 1:colcon.colcon_core.environment:checking '/home/robotdeveloper02/IsaacSim-ros_workspaces-main/humble_ws/install/IMU_otamesi/bin'
[2.147s] INFO:colcon.colcon_core.shell:Creating package script '/home/robotdeveloper02/IsaacSim-ros_workspaces-main/humble_ws/install/IMU_otamesi/share/IMU_otamesi/package.ps1'
[2.149s] INFO:colcon.colcon_core.shell:Creating package descriptor '/home/robotdeveloper02/IsaacSim-ros_workspaces-main/humble_ws/install/IMU_otamesi/share/IMU_otamesi/package.dsv'
[2.150s] INFO:colcon.colcon_core.shell:Creating package script '/home/robotdeveloper02/IsaacSim-ros_workspaces-main/humble_ws/install/IMU_otamesi/share/IMU_otamesi/package.sh'
[2.151s] INFO:colcon.colcon_core.shell:Creating package script '/home/robotdeveloper02/IsaacSim-ros_workspaces-main/humble_ws/install/IMU_otamesi/share/IMU_otamesi/package.bash'
[2.152s] INFO:colcon.colcon_core.shell:Creating package script '/home/robotdeveloper02/IsaacSim-ros_workspaces-main/humble_ws/install/IMU_otamesi/share/IMU_otamesi/package.zsh'
[2.152s] Level 1:colcon.colcon_core.environment:create_file_with_runtime_dependencies(/home/robotdeveloper02/IsaacSim-ros_workspaces-main/humble_ws/install/IMU_otamesi/share/colcon-core/packages/IMU_otamesi)
[2.155s] Level 1:colcon.colcon_core.environment:create_environment_scripts_only(my_cpp_pose_subscriber)
[2.155s] Level 1:colcon.colcon_core.environment:checking '/home/robotdeveloper02/IsaacSim-ros_workspaces-main/humble_ws/install/my_cpp_pose_subscriber' for CMake module files
[2.157s] Level 1:colcon.colcon_core.environment:checking '/home/robotdeveloper02/IsaacSim-ros_workspaces-main/humble_ws/install/my_cpp_pose_subscriber' for CMake config files
[2.157s] DEBUG:colcon.colcon_core.event_handler.log_command:Invoked command in '/home/robotdeveloper02/IsaacSim-ros_workspaces-main/humble_ws/build/my_cpp_pose_subscriber' returned '0': CMAKE_PREFIX_PATH=/home/robotdeveloper02/IsaacSim-ros_workspaces-main/humble_ws/install/custom_message:/home/robotdeveloper02/IsaacSim-ros_workspaces-main/humble_ws/install/my_cpp_pose_subscriber:/home/robotdeveloper02/IsaacSim-ros_workspaces-main/humble_ws/install/isaacsim:/home/robotdeveloper02/IsaacSim-ros_workspaces-main/humble_ws/install/isaac_tutorials:/home/robotdeveloper02/IsaacSim-ros_workspaces-main/humble_ws/install/isaac_ros2_messages:/home/robotdeveloper02/IsaacSim-ros_workspaces-main/humble_ws/install/IMU_otamesi:/home/robotdeveloper02/IsaacSim-ros_workspaces-main/humble_ws/install/carter_navigation:/home/robotdeveloper02/IsaacSim-ros_workspaces-main/humble_ws/install/my_ros2_package:/home/robotdeveloper02/IsaacSim-ros_workspaces-main/humble_ws/install/jetbot_controller:/home/robotdeveloper02/IsaacSim-ros_workspaces-main/humble_ws/install/isaac_ros_navigation_goal:/home/robotdeveloper02/IsaacSim-ros_workspaces-main/humble_ws/install/error_subscriber:/home/robotdeveloper02/IsaacSim-ros_workspaces-main/humble_ws/install/cube_controller:/home/robotdeveloper02/IsaacSim-ros_workspaces-main/humble_ws/install/Jettbot_position:/opt/ros/humble LD_LIBRARY_PATH=/home/robotdeveloper02/IsaacSim-ros_workspaces-main/humble_ws/install/custom_message/lib:/home/robotdeveloper02/IsaacSim-ros_workspaces-main/humble_ws/install/isaac_ros2_messages/lib:/usr/lib/x86_64-linux-gnu/gazebo-11/plugins:/opt/ros/humble/opt/rviz_ogre_vendor/lib:/opt/ros/humble/lib/x86_64-linux-gnu:/opt/ros/humble/lib /usr/bin/cmake --install /home/robotdeveloper02/IsaacSim-ros_workspaces-main/humble_ws/build/my_cpp_pose_subscriber
[2.157s] Level 1:colcon.colcon_core.shell:create_environment_hook('my_cpp_pose_subscriber', 'cmake_prefix_path')
[2.158s] INFO:colcon.colcon_core.shell:Creating environment hook '/home/robotdeveloper02/IsaacSim-ros_workspaces-main/humble_ws/install/my_cpp_pose_subscriber/share/my_cpp_pose_subscriber/hook/cmake_prefix_path.ps1'
[2.158s] INFO:colcon.colcon_core.shell:Creating environment descriptor '/home/robotdeveloper02/IsaacSim-ros_workspaces-main/humble_ws/install/my_cpp_pose_subscriber/share/my_cpp_pose_subscriber/hook/cmake_prefix_path.dsv'
[2.159s] INFO:colcon.colcon_core.shell:Creating environment hook '/home/robotdeveloper02/IsaacSim-ros_workspaces-main/humble_ws/install/my_cpp_pose_subscriber/share/my_cpp_pose_subscriber/hook/cmake_prefix_path.sh'
[2.160s] Level 1:colcon.colcon_core.environment:checking '/home/robotdeveloper02/IsaacSim-ros_workspaces-main/humble_ws/install/my_cpp_pose_subscriber/lib'
[2.160s] Level 1:colcon.colcon_core.environment:checking '/home/robotdeveloper02/IsaacSim-ros_workspaces-main/humble_ws/install/my_cpp_pose_subscriber/bin'
[2.160s] Level 1:colcon.colcon_core.environment:checking '/home/robotdeveloper02/IsaacSim-ros_workspaces-main/humble_ws/install/my_cpp_pose_subscriber/lib/pkgconfig/my_cpp_pose_subscriber.pc'
[2.160s] Level 1:colcon.colcon_core.environment:checking '/home/robotdeveloper02/IsaacSim-ros_workspaces-main/humble_ws/install/my_cpp_pose_subscriber/lib/python3.10/site-packages'
[2.161s] Level 1:colcon.colcon_core.environment:checking '/home/robotdeveloper02/IsaacSim-ros_workspaces-main/humble_ws/install/my_cpp_pose_subscriber/bin'
[2.161s] INFO:colcon.colcon_core.shell:Creating package script '/home/robotdeveloper02/IsaacSim-ros_workspaces-main/humble_ws/install/my_cpp_pose_subscriber/share/my_cpp_pose_subscriber/package.ps1'
[2.162s] INFO:colcon.colcon_core.shell:Creating package descriptor '/home/robotdeveloper02/IsaacSim-ros_workspaces-main/humble_ws/install/my_cpp_pose_subscriber/share/my_cpp_pose_subscriber/package.dsv'
[2.163s] INFO:colcon.colcon_core.shell:Creating package script '/home/robotdeveloper02/IsaacSim-ros_workspaces-main/humble_ws/install/my_cpp_pose_subscriber/share/my_cpp_pose_subscriber/package.sh'
[2.163s] INFO:colcon.colcon_core.shell:Creating package script '/home/robotdeveloper02/IsaacSim-ros_workspaces-main/humble_ws/install/my_cpp_pose_subscriber/share/my_cpp_pose_subscriber/package.bash'
[2.164s] INFO:colcon.colcon_core.shell:Creating package script '/home/robotdeveloper02/IsaacSim-ros_workspaces-main/humble_ws/install/my_cpp_pose_subscriber/share/my_cpp_pose_subscriber/package.zsh'
[2.164s] Level 1:colcon.colcon_core.environment:create_file_with_runtime_dependencies(/home/robotdeveloper02/IsaacSim-ros_workspaces-main/humble_ws/install/my_cpp_pose_subscriber/share/colcon-core/packages/my_cpp_pose_subscriber)
[2.188s] DEBUG:colcon.colcon_core.event_handler.log_command:Invoking command in '/home/robotdeveloper02/IsaacSim-ros_workspaces-main/humble_ws/src/Jettbot_position': PYTHONPATH=/home/robotdeveloper02/IsaacSim-ros_workspaces-main/humble_ws/build/Jettbot_position/prefix_override:/usr/lib/python3/dist-packages/colcon_core/task/python/colcon_distutils_commands:/home/robotdeveloper02/IsaacSim-ros_workspaces-main/humble_ws/install/Jettbot_position/lib/python3.10/site-packages:${PYTHONPATH} /usr/bin/python3 -W ignore:setup.py install is deprecated setup.py egg_info --egg-base ../../build/Jettbot_position build --build-base /home/robotdeveloper02/IsaacSim-ros_workspaces-main/humble_ws/build/Jettbot_position/build install --record /home/robotdeveloper02/IsaacSim-ros_workspaces-main/humble_ws/build/Jettbot_position/install.log --single-version-externally-managed install_data
[2.189s] Level 1:colcon.colcon_core.environment:create_environment_scripts_only(IMU_otamesi)
[2.189s] Level 1:colcon.colcon_core.environment:checking '/home/robotdeveloper02/IsaacSim-ros_workspaces-main/humble_ws/install/IMU_otamesi' for CMake module files
[2.190s] DEBUG:colcon.colcon_core.event_handler.log_command:Invoking command in '/home/robotdeveloper02/IsaacSim-ros_workspaces-main/humble_ws/src/navigation/isaac_ros_navigation_goal': PYTHONPATH=/home/robotdeveloper02/IsaacSim-ros_workspaces-main/humble_ws/build/isaac_ros_navigation_goal/prefix_override:/usr/lib/python3/dist-packages/colcon_core/task/python/colcon_distutils_commands:/home/robotdeveloper02/IsaacSim-ros_workspaces-main/humble_ws/install/isaac_ros_navigation_goal/lib/python3.10/site-packages:${PYTHONPATH} /usr/bin/python3 -W ignore:setup.py install is deprecated setup.py egg_info --egg-base ../../../build/isaac_ros_navigation_goal build --build-base /home/robotdeveloper02/IsaacSim-ros_workspaces-main/humble_ws/build/isaac_ros_navigation_goal/build install --record /home/robotdeveloper02/IsaacSim-ros_workspaces-main/humble_ws/build/isaac_ros_navigation_goal/install.log --single-version-externally-managed install_data
[2.191s] Level 1:colcon.colcon_core.environment:checking '/home/robotdeveloper02/IsaacSim-ros_workspaces-main/humble_ws/install/IMU_otamesi' for CMake config files
[2.191s] Level 1:colcon.colcon_core.shell:create_environment_hook('IMU_otamesi', 'cmake_prefix_path')
[2.192s] INFO:colcon.colcon_core.shell:Creating environment hook '/home/robotdeveloper02/IsaacSim-ros_workspaces-main/humble_ws/install/IMU_otamesi/share/IMU_otamesi/hook/cmake_prefix_path.ps1'
[2.192s] INFO:colcon.colcon_core.shell:Creating environment descriptor '/home/robotdeveloper02/IsaacSim-ros_workspaces-main/humble_ws/install/IMU_otamesi/share/IMU_otamesi/hook/cmake_prefix_path.dsv'
[2.193s] INFO:colcon.colcon_core.shell:Creating environment hook '/home/robotdeveloper02/IsaacSim-ros_workspaces-main/humble_ws/install/IMU_otamesi/share/IMU_otamesi/hook/cmake_prefix_path.sh'
[2.194s] Level 1:colcon.colcon_core.environment:checking '/home/robotdeveloper02/IsaacSim-ros_workspaces-main/humble_ws/install/IMU_otamesi/lib'
[2.194s] Level 1:colcon.colcon_core.environment:checking '/home/robotdeveloper02/IsaacSim-ros_workspaces-main/humble_ws/install/IMU_otamesi/bin'
[2.194s] Level 1:colcon.colcon_core.environment:checking '/home/robotdeveloper02/IsaacSim-ros_workspaces-main/humble_ws/install/IMU_otamesi/lib/pkgconfig/IMU_otamesi.pc'
[2.194s] Level 1:colcon.colcon_core.environment:checking '/home/robotdeveloper02/IsaacSim-ros_workspaces-main/humble_ws/install/IMU_otamesi/lib/python3.10/site-packages'
[2.195s] Level 1:colcon.colcon_core.environment:checking '/home/robotdeveloper02/IsaacSim-ros_workspaces-main/humble_ws/install/IMU_otamesi/bin'
[2.195s] INFO:colcon.colcon_core.shell:Creating package script '/home/robotdeveloper02/IsaacSim-ros_workspaces-main/humble_ws/install/IMU_otamesi/share/IMU_otamesi/package.ps1'
[2.196s] INFO:colcon.colcon_core.shell:Creating package descriptor '/home/robotdeveloper02/IsaacSim-ros_workspaces-main/humble_ws/install/IMU_otamesi/share/IMU_otamesi/package.dsv'
[2.197s] INFO:colcon.colcon_core.shell:Creating package script '/home/robotdeveloper02/IsaacSim-ros_workspaces-main/humble_ws/install/IMU_otamesi/share/IMU_otamesi/package.sh'
[2.198s] INFO:colcon.colcon_core.shell:Creating package script '/home/robotdeveloper02/IsaacSim-ros_workspaces-main/humble_ws/install/IMU_otamesi/share/IMU_otamesi/package.bash'
[2.199s] INFO:colcon.colcon_core.shell:Creating package script '/home/robotdeveloper02/IsaacSim-ros_workspaces-main/humble_ws/install/IMU_otamesi/share/IMU_otamesi/package.zsh'
[2.199s] Level 1:colcon.colcon_core.environment:create_file_with_runtime_dependencies(/home/robotdeveloper02/IsaacSim-ros_workspaces-main/humble_ws/install/IMU_otamesi/share/colcon-core/packages/IMU_otamesi)
[2.201s] Level 1:colcon.colcon_core.environment:create_environment_scripts_only(my_cpp_pose_subscriber)
[2.201s] Level 1:colcon.colcon_core.environment:checking '/home/robotdeveloper02/IsaacSim-ros_workspaces-main/humble_ws/install/my_cpp_pose_subscriber' for CMake module files
[2.202s] Level 1:colcon.colcon_core.environment:checking '/home/robotdeveloper02/IsaacSim-ros_workspaces-main/humble_ws/install/my_cpp_pose_subscriber' for CMake config files
[2.202s] Level 1:colcon.colcon_core.shell:create_environment_hook('my_cpp_pose_subscriber', 'cmake_prefix_path')
[2.202s] INFO:colcon.colcon_core.shell:Creating environment hook '/home/robotdeveloper02/IsaacSim-ros_workspaces-main/humble_ws/install/my_cpp_pose_subscriber/share/my_cpp_pose_subscriber/hook/cmake_prefix_path.ps1'
[2.203s] INFO:colcon.colcon_core.shell:Creating environment descriptor '/home/robotdeveloper02/IsaacSim-ros_workspaces-main/humble_ws/install/my_cpp_pose_subscriber/share/my_cpp_pose_subscriber/hook/cmake_prefix_path.dsv'
[2.203s] INFO:colcon.colcon_core.shell:Creating environment hook '/home/robotdeveloper02/IsaacSim-ros_workspaces-main/humble_ws/install/my_cpp_pose_subscriber/share/my_cpp_pose_subscriber/hook/cmake_prefix_path.sh'
[2.204s] Level 1:colcon.colcon_core.environment:checking '/home/robotdeveloper02/IsaacSim-ros_workspaces-main/humble_ws/install/my_cpp_pose_subscriber/lib'
[2.204s] Level 1:colcon.colcon_core.environment:checking '/home/robotdeveloper02/IsaacSim-ros_workspaces-main/humble_ws/install/my_cpp_pose_subscriber/bin'
[2.204s] Level 1:colcon.colcon_core.environment:checking '/home/robotdeveloper02/IsaacSim-ros_workspaces-main/humble_ws/install/my_cpp_pose_subscriber/lib/pkgconfig/my_cpp_pose_subscriber.pc'
[2.204s] Level 1:colcon.colcon_core.environment:checking '/home/robotdeveloper02/IsaacSim-ros_workspaces-main/humble_ws/install/my_cpp_pose_subscriber/lib/python3.10/site-packages'
[2.204s] Level 1:colcon.colcon_core.environment:checking '/home/robotdeveloper02/IsaacSim-ros_workspaces-main/humble_ws/install/my_cpp_pose_subscriber/bin'
[2.205s] INFO:colcon.colcon_core.shell:Creating package script '/home/robotdeveloper02/IsaacSim-ros_workspaces-main/humble_ws/install/my_cpp_pose_subscriber/share/my_cpp_pose_subscriber/package.ps1'
[2.205s] INFO:colcon.colcon_core.shell:Creating package descriptor '/home/robotdeveloper02/IsaacSim-ros_workspaces-main/humble_ws/install/my_cpp_pose_subscriber/share/my_cpp_pose_subscriber/package.dsv'
[2.206s] INFO:colcon.colcon_core.shell:Creating package script '/home/robotdeveloper02/IsaacSim-ros_workspaces-main/humble_ws/install/my_cpp_pose_subscriber/share/my_cpp_pose_subscriber/package.sh'
[2.206s] INFO:colcon.colcon_core.shell:Creating package script '/home/robotdeveloper02/IsaacSim-ros_workspaces-main/humble_ws/install/my_cpp_pose_subscriber/share/my_cpp_pose_subscriber/package.bash'
[2.206s] INFO:colcon.colcon_core.shell:Creating package script '/home/robotdeveloper02/IsaacSim-ros_workspaces-main/humble_ws/install/my_cpp_pose_subscriber/share/my_cpp_pose_subscriber/package.zsh'
[2.207s] Level 1:colcon.colcon_core.environment:create_file_with_runtime_dependencies(/home/robotdeveloper02/IsaacSim-ros_workspaces-main/humble_ws/install/my_cpp_pose_subscriber/share/colcon-core/packages/my_cpp_pose_subscriber)
[2.210s] DEBUG:colcon.colcon_core.event_handler.log_command:Invoking command in '/home/robotdeveloper02/IsaacSim-ros_workspaces-main/humble_ws/src/calc_py': PYTHONPATH=/home/robotdeveloper02/IsaacSim-ros_workspaces-main/humble_ws/build/my_ros2_package/prefix_override:/usr/lib/python3/dist-packages/colcon_core/task/python/colcon_distutils_commands:/home/robotdeveloper02/IsaacSim-ros_workspaces-main/humble_ws/install/my_ros2_package/lib/python3.10/site-packages:${PYTHONPATH} /usr/bin/python3 -W ignore:setup.py install is deprecated setup.py egg_info --egg-base ../../build/my_ros2_package build --build-base /home/robotdeveloper02/IsaacSim-ros_workspaces-main/humble_ws/build/my_ros2_package/build install --record /home/robotdeveloper02/IsaacSim-ros_workspaces-main/humble_ws/build/my_ros2_package/install.log --single-version-externally-managed install_data
[2.215s] DEBUG:colcon.colcon_core.event_handler.log_command:Invoking command in '/home/robotdeveloper02/IsaacSim-ros_workspaces-main/humble_ws/src/cube_controller': PYTHONPATH=/home/robotdeveloper02/IsaacSim-ros_workspaces-main/humble_ws/build/cube_controller/prefix_override:/usr/lib/python3/dist-packages/colcon_core/task/python/colcon_distutils_commands:/home/robotdeveloper02/IsaacSim-ros_workspaces-main/humble_ws/install/cube_controller/lib/python3.10/site-packages:${PYTHONPATH} /usr/bin/python3 -W ignore:setup.py install is deprecated setup.py egg_info --egg-base ../../build/cube_controller build --build-base /home/robotdeveloper02/IsaacSim-ros_workspaces-main/humble_ws/build/cube_controller/build install --record /home/robotdeveloper02/IsaacSim-ros_workspaces-main/humble_ws/build/cube_controller/install.log --single-version-externally-managed install_data
[2.216s] DEBUG:colcon.colcon_core.event_handler.log_command:Invoking command in '/home/robotdeveloper02/IsaacSim-ros_workspaces-main/humble_ws/src/jetbot_controller': PYTHONPATH=/home/robotdeveloper02/IsaacSim-ros_workspaces-main/humble_ws/build/jetbot_controller/prefix_override:/usr/lib/python3/dist-packages/colcon_core/task/python/colcon_distutils_commands:/home/robotdeveloper02/IsaacSim-ros_workspaces-main/humble_ws/install/jetbot_controller/lib/python3.10/site-packages:${PYTHONPATH} /usr/bin/python3 -W ignore:setup.py install is deprecated setup.py egg_info --egg-base ../../build/jetbot_controller build --build-base /home/robotdeveloper02/IsaacSim-ros_workspaces-main/humble_ws/build/jetbot_controller/build install --record /home/robotdeveloper02/IsaacSim-ros_workspaces-main/humble_ws/build/jetbot_controller/install.log --single-version-externally-managed install_data
[2.529s] Level 1:colcon.colcon_core.environment:checking '/home/robotdeveloper02/IsaacSim-ros_workspaces-main/humble_ws/install/Jettbot_position' for CMake module files
[2.530s] DEBUG:colcon.colcon_core.event_handler.log_command:Invoked command in '/home/robotdeveloper02/IsaacSim-ros_workspaces-main/humble_ws/src/Jettbot_position' returned '0': PYTHONPATH=/home/robotdeveloper02/IsaacSim-ros_workspaces-main/humble_ws/build/Jettbot_position/prefix_override:/usr/lib/python3/dist-packages/colcon_core/task/python/colcon_distutils_commands:/home/robotdeveloper02/IsaacSim-ros_workspaces-main/humble_ws/install/Jettbot_position/lib/python3.10/site-packages:${PYTHONPATH} /usr/bin/python3 -W ignore:setup.py install is deprecated setup.py egg_info --egg-base ../../build/Jettbot_position build --build-base /home/robotdeveloper02/IsaacSim-ros_workspaces-main/humble_ws/build/Jettbot_position/build install --record /home/robotdeveloper02/IsaacSim-ros_workspaces-main/humble_ws/build/Jettbot_position/install.log --single-version-externally-managed install_data
[2.531s] Level 1:colcon.colcon_core.environment:checking '/home/robotdeveloper02/IsaacSim-ros_workspaces-main/humble_ws/install/Jettbot_position' for CMake config files
[2.531s] Level 1:colcon.colcon_core.environment:checking '/home/robotdeveloper02/IsaacSim-ros_workspaces-main/humble_ws/install/Jettbot_position/lib'
[2.532s] Level 1:colcon.colcon_core.environment:checking '/home/robotdeveloper02/IsaacSim-ros_workspaces-main/humble_ws/install/Jettbot_position/bin'
[2.532s] Level 1:colcon.colcon_core.environment:checking '/home/robotdeveloper02/IsaacSim-ros_workspaces-main/humble_ws/install/Jettbot_position/lib/pkgconfig/Jettbot_position.pc'
[2.532s] Level 1:colcon.colcon_core.environment:checking '/home/robotdeveloper02/IsaacSim-ros_workspaces-main/humble_ws/install/Jettbot_position/lib/python3.10/site-packages'
[2.532s] Level 1:colcon.colcon_core.shell:create_environment_hook('Jettbot_position', 'pythonpath')
[2.532s] INFO:colcon.colcon_core.shell:Creating environment hook '/home/robotdeveloper02/IsaacSim-ros_workspaces-main/humble_ws/install/Jettbot_position/share/Jettbot_position/hook/pythonpath.ps1'
[2.533s] INFO:colcon.colcon_core.shell:Creating environment descriptor '/home/robotdeveloper02/IsaacSim-ros_workspaces-main/humble_ws/install/Jettbot_position/share/Jettbot_position/hook/pythonpath.dsv'
[2.533s] INFO:colcon.colcon_core.shell:Creating environment hook '/home/robotdeveloper02/IsaacSim-ros_workspaces-main/humble_ws/install/Jettbot_position/share/Jettbot_position/hook/pythonpath.sh'
[2.534s] Level 1:colcon.colcon_core.environment:checking '/home/robotdeveloper02/IsaacSim-ros_workspaces-main/humble_ws/install/Jettbot_position/bin'
[2.534s] Level 1:colcon.colcon_core.environment:create_environment_scripts_only(Jettbot_position)
[2.534s] INFO:colcon.colcon_core.shell:Creating package script '/home/robotdeveloper02/IsaacSim-ros_workspaces-main/humble_ws/install/Jettbot_position/share/Jettbot_position/package.ps1'
[2.534s] INFO:colcon.colcon_core.shell:Creating package descriptor '/home/robotdeveloper02/IsaacSim-ros_workspaces-main/humble_ws/install/Jettbot_position/share/Jettbot_position/package.dsv'
[2.535s] INFO:colcon.colcon_core.shell:Creating package script '/home/robotdeveloper02/IsaacSim-ros_workspaces-main/humble_ws/install/Jettbot_position/share/Jettbot_position/package.sh'
[2.535s] INFO:colcon.colcon_core.shell:Creating package script '/home/robotdeveloper02/IsaacSim-ros_workspaces-main/humble_ws/install/Jettbot_position/share/Jettbot_position/package.bash'
[2.535s] INFO:colcon.colcon_core.shell:Creating package script '/home/robotdeveloper02/IsaacSim-ros_workspaces-main/humble_ws/install/Jettbot_position/share/Jettbot_position/package.zsh'
[2.536s] Level 1:colcon.colcon_core.environment:create_file_with_runtime_dependencies(/home/robotdeveloper02/IsaacSim-ros_workspaces-main/humble_ws/install/Jettbot_position/share/colcon-core/packages/Jettbot_position)
[2.537s] Level 1:colcon.colcon_core.environment:checking '/home/robotdeveloper02/IsaacSim-ros_workspaces-main/humble_ws/install/isaac_ros_navigation_goal' for CMake module files
[2.538s] DEBUG:colcon.colcon_core.event_handler.log_command:Invoked command in '/home/robotdeveloper02/IsaacSim-ros_workspaces-main/humble_ws/src/navigation/isaac_ros_navigation_goal' returned '0': PYTHONPATH=/home/robotdeveloper02/IsaacSim-ros_workspaces-main/humble_ws/build/isaac_ros_navigation_goal/prefix_override:/usr/lib/python3/dist-packages/colcon_core/task/python/colcon_distutils_commands:/home/robotdeveloper02/IsaacSim-ros_workspaces-main/humble_ws/install/isaac_ros_navigation_goal/lib/python3.10/site-packages:${PYTHONPATH} /usr/bin/python3 -W ignore:setup.py install is deprecated setup.py egg_info --egg-base ../../../build/isaac_ros_navigation_goal build --build-base /home/robotdeveloper02/IsaacSim-ros_workspaces-main/humble_ws/build/isaac_ros_navigation_goal/build install --record /home/robotdeveloper02/IsaacSim-ros_workspaces-main/humble_ws/build/isaac_ros_navigation_goal/install.log --single-version-externally-managed install_data
[2.538s] Level 1:colcon.colcon_core.environment:checking '/home/robotdeveloper02/IsaacSim-ros_workspaces-main/humble_ws/install/isaac_ros_navigation_goal' for CMake config files
[2.539s] Level 1:colcon.colcon_core.environment:checking '/home/robotdeveloper02/IsaacSim-ros_workspaces-main/humble_ws/install/isaac_ros_navigation_goal/lib'
[2.539s] Level 1:colcon.colcon_core.environment:checking '/home/robotdeveloper02/IsaacSim-ros_workspaces-main/humble_ws/install/isaac_ros_navigation_goal/bin'
[2.539s] Level 1:colcon.colcon_core.environment:checking '/home/robotdeveloper02/IsaacSim-ros_workspaces-main/humble_ws/install/isaac_ros_navigation_goal/lib/pkgconfig/isaac_ros_navigation_goal.pc'
[2.540s] Level 1:colcon.colcon_core.environment:checking '/home/robotdeveloper02/IsaacSim-ros_workspaces-main/humble_ws/install/isaac_ros_navigation_goal/lib/python3.10/site-packages'
[2.540s] Level 1:colcon.colcon_core.shell:create_environment_hook('isaac_ros_navigation_goal', 'pythonpath')
[2.540s] INFO:colcon.colcon_core.shell:Creating environment hook '/home/robotdeveloper02/IsaacSim-ros_workspaces-main/humble_ws/install/isaac_ros_navigation_goal/share/isaac_ros_navigation_goal/hook/pythonpath.ps1'
[2.541s] INFO:colcon.colcon_core.shell:Creating environment descriptor '/home/robotdeveloper02/IsaacSim-ros_workspaces-main/humble_ws/install/isaac_ros_navigation_goal/share/isaac_ros_navigation_goal/hook/pythonpath.dsv'
[2.542s] INFO:colcon.colcon_core.shell:Creating environment hook '/home/robotdeveloper02/IsaacSim-ros_workspaces-main/humble_ws/install/isaac_ros_navigation_goal/share/isaac_ros_navigation_goal/hook/pythonpath.sh'
[2.542s] Level 1:colcon.colcon_core.environment:checking '/home/robotdeveloper02/IsaacSim-ros_workspaces-main/humble_ws/install/isaac_ros_navigation_goal/bin'
[2.542s] Level 1:colcon.colcon_core.environment:create_environment_scripts_only(isaac_ros_navigation_goal)
[2.543s] INFO:colcon.colcon_core.shell:Creating package script '/home/robotdeveloper02/IsaacSim-ros_workspaces-main/humble_ws/install/isaac_ros_navigation_goal/share/isaac_ros_navigation_goal/package.ps1'
[2.544s] INFO:colcon.colcon_core.shell:Creating package descriptor '/home/robotdeveloper02/IsaacSim-ros_workspaces-main/humble_ws/install/isaac_ros_navigation_goal/share/isaac_ros_navigation_goal/package.dsv'
[2.544s] INFO:colcon.colcon_core.shell:Creating package script '/home/robotdeveloper02/IsaacSim-ros_workspaces-main/humble_ws/install/isaac_ros_navigation_goal/share/isaac_ros_navigation_goal/package.sh'
[2.544s] INFO:colcon.colcon_core.shell:Creating package script '/home/robotdeveloper02/IsaacSim-ros_workspaces-main/humble_ws/install/isaac_ros_navigation_goal/share/isaac_ros_navigation_goal/package.bash'
[2.545s] INFO:colcon.colcon_core.shell:Creating package script '/home/robotdeveloper02/IsaacSim-ros_workspaces-main/humble_ws/install/isaac_ros_navigation_goal/share/isaac_ros_navigation_goal/package.zsh'
[2.545s] Level 1:colcon.colcon_core.environment:create_file_with_runtime_dependencies(/home/robotdeveloper02/IsaacSim-ros_workspaces-main/humble_ws/install/isaac_ros_navigation_goal/share/colcon-core/packages/isaac_ros_navigation_goal)
[2.563s] Level 1:colcon.colcon_core.environment:checking '/home/robotdeveloper02/IsaacSim-ros_workspaces-main/humble_ws/install/jetbot_controller' for CMake module files
[2.564s] DEBUG:colcon.colcon_core.event_handler.log_command:Invoked command in '/home/robotdeveloper02/IsaacSim-ros_workspaces-main/humble_ws/src/jetbot_controller' returned '0': PYTHONPATH=/home/robotdeveloper02/IsaacSim-ros_workspaces-main/humble_ws/build/jetbot_controller/prefix_override:/usr/lib/python3/dist-packages/colcon_core/task/python/colcon_distutils_commands:/home/robotdeveloper02/IsaacSim-ros_workspaces-main/humble_ws/install/jetbot_controller/lib/python3.10/site-packages:${PYTHONPATH} /usr/bin/python3 -W ignore:setup.py install is deprecated setup.py egg_info --egg-base ../../build/jetbot_controller build --build-base /home/robotdeveloper02/IsaacSim-ros_workspaces-main/humble_ws/build/jetbot_controller/build install --record /home/robotdeveloper02/IsaacSim-ros_workspaces-main/humble_ws/build/jetbot_controller/install.log --single-version-externally-managed install_data
[2.564s] Level 1:colcon.colcon_core.environment:checking '/home/robotdeveloper02/IsaacSim-ros_workspaces-main/humble_ws/install/jetbot_controller' for CMake config files
[2.564s] Level 1:colcon.colcon_core.environment:checking '/home/robotdeveloper02/IsaacSim-ros_workspaces-main/humble_ws/install/jetbot_controller/lib'
[2.565s] Level 1:colcon.colcon_core.environment:checking '/home/robotdeveloper02/IsaacSim-ros_workspaces-main/humble_ws/install/jetbot_controller/bin'
[2.565s] Level 1:colcon.colcon_core.environment:checking '/home/robotdeveloper02/IsaacSim-ros_workspaces-main/humble_ws/install/jetbot_controller/lib/pkgconfig/jetbot_controller.pc'
[2.565s] Level 1:colcon.colcon_core.environment:checking '/home/robotdeveloper02/IsaacSim-ros_workspaces-main/humble_ws/install/jetbot_controller/lib/python3.10/site-packages'
[2.565s] Level 1:colcon.colcon_core.shell:create_environment_hook('jetbot_controller', 'pythonpath')
[2.565s] INFO:colcon.colcon_core.shell:Creating environment hook '/home/robotdeveloper02/IsaacSim-ros_workspaces-main/humble_ws/install/jetbot_controller/share/jetbot_controller/hook/pythonpath.ps1'
[2.565s] INFO:colcon.colcon_core.shell:Creating environment descriptor '/home/robotdeveloper02/IsaacSim-ros_workspaces-main/humble_ws/install/jetbot_controller/share/jetbot_controller/hook/pythonpath.dsv'
[2.566s] INFO:colcon.colcon_core.shell:Creating environment hook '/home/robotdeveloper02/IsaacSim-ros_workspaces-main/humble_ws/install/jetbot_controller/share/jetbot_controller/hook/pythonpath.sh'
[2.566s] Level 1:colcon.colcon_core.environment:checking '/home/robotdeveloper02/IsaacSim-ros_workspaces-main/humble_ws/install/jetbot_controller/bin'
[2.566s] Level 1:colcon.colcon_core.environment:create_environment_scripts_only(jetbot_controller)
[2.566s] INFO:colcon.colcon_core.shell:Creating package script '/home/robotdeveloper02/IsaacSim-ros_workspaces-main/humble_ws/install/jetbot_controller/share/jetbot_controller/package.ps1'
[2.567s] INFO:colcon.colcon_core.shell:Creating package descriptor '/home/robotdeveloper02/IsaacSim-ros_workspaces-main/humble_ws/install/jetbot_controller/share/jetbot_controller/package.dsv'
[2.567s] INFO:colcon.colcon_core.shell:Creating package script '/home/robotdeveloper02/IsaacSim-ros_workspaces-main/humble_ws/install/jetbot_controller/share/jetbot_controller/package.sh'
[2.567s] INFO:colcon.colcon_core.shell:Creating package script '/home/robotdeveloper02/IsaacSim-ros_workspaces-main/humble_ws/install/jetbot_controller/share/jetbot_controller/package.bash'
[2.568s] INFO:colcon.colcon_core.shell:Creating package script '/home/robotdeveloper02/IsaacSim-ros_workspaces-main/humble_ws/install/jetbot_controller/share/jetbot_controller/package.zsh'
[2.568s] Level 1:colcon.colcon_core.environment:create_file_with_runtime_dependencies(/home/robotdeveloper02/IsaacSim-ros_workspaces-main/humble_ws/install/jetbot_controller/share/colcon-core/packages/jetbot_controller)
[2.570s] Level 1:colcon.colcon_core.environment:checking '/home/robotdeveloper02/IsaacSim-ros_workspaces-main/humble_ws/install/my_ros2_package' for CMake module files
[2.570s] DEBUG:colcon.colcon_core.event_handler.log_command:Invoked command in '/home/robotdeveloper02/IsaacSim-ros_workspaces-main/humble_ws/src/calc_py' returned '0': PYTHONPATH=/home/robotdeveloper02/IsaacSim-ros_workspaces-main/humble_ws/build/my_ros2_package/prefix_override:/usr/lib/python3/dist-packages/colcon_core/task/python/colcon_distutils_commands:/home/robotdeveloper02/IsaacSim-ros_workspaces-main/humble_ws/install/my_ros2_package/lib/python3.10/site-packages:${PYTHONPATH} /usr/bin/python3 -W ignore:setup.py install is deprecated setup.py egg_info --egg-base ../../build/my_ros2_package build --build-base /home/robotdeveloper02/IsaacSim-ros_workspaces-main/humble_ws/build/my_ros2_package/build install --record /home/robotdeveloper02/IsaacSim-ros_workspaces-main/humble_ws/build/my_ros2_package/install.log --single-version-externally-managed install_data
[2.570s] Level 1:colcon.colcon_core.environment:checking '/home/robotdeveloper02/IsaacSim-ros_workspaces-main/humble_ws/install/my_ros2_package' for CMake config files
[2.571s] Level 1:colcon.colcon_core.environment:checking '/home/robotdeveloper02/IsaacSim-ros_workspaces-main/humble_ws/install/my_ros2_package/lib'
[2.571s] Level 1:colcon.colcon_core.environment:checking '/home/robotdeveloper02/IsaacSim-ros_workspaces-main/humble_ws/install/my_ros2_package/bin'
[2.571s] Level 1:colcon.colcon_core.environment:checking '/home/robotdeveloper02/IsaacSim-ros_workspaces-main/humble_ws/install/my_ros2_package/lib/pkgconfig/my_ros2_package.pc'
[2.571s] Level 1:colcon.colcon_core.environment:checking '/home/robotdeveloper02/IsaacSim-ros_workspaces-main/humble_ws/install/my_ros2_package/lib/python3.10/site-packages'
[2.571s] Level 1:colcon.colcon_core.shell:create_environment_hook('my_ros2_package', 'pythonpath')
[2.571s] INFO:colcon.colcon_core.shell:Creating environment hook '/home/robotdeveloper02/IsaacSim-ros_workspaces-main/humble_ws/install/my_ros2_package/share/my_ros2_package/hook/pythonpath.ps1'
[2.572s] INFO:colcon.colcon_core.shell:Creating environment descriptor '/home/robotdeveloper02/IsaacSim-ros_workspaces-main/humble_ws/install/my_ros2_package/share/my_ros2_package/hook/pythonpath.dsv'
[2.572s] INFO:colcon.colcon_core.shell:Creating environment hook '/home/robotdeveloper02/IsaacSim-ros_workspaces-main/humble_ws/install/my_ros2_package/share/my_ros2_package/hook/pythonpath.sh'
[2.572s] Level 1:colcon.colcon_core.environment:checking '/home/robotdeveloper02/IsaacSim-ros_workspaces-main/humble_ws/install/my_ros2_package/bin'
[2.572s] Level 1:colcon.colcon_core.environment:create_environment_scripts_only(my_ros2_package)
[2.573s] INFO:colcon.colcon_core.shell:Creating package script '/home/robotdeveloper02/IsaacSim-ros_workspaces-main/humble_ws/install/my_ros2_package/share/my_ros2_package/package.ps1'
[2.573s] INFO:colcon.colcon_core.shell:Creating package descriptor '/home/robotdeveloper02/IsaacSim-ros_workspaces-main/humble_ws/install/my_ros2_package/share/my_ros2_package/package.dsv'
[2.574s] INFO:colcon.colcon_core.shell:Creating package script '/home/robotdeveloper02/IsaacSim-ros_workspaces-main/humble_ws/install/my_ros2_package/share/my_ros2_package/package.sh'
[2.574s] INFO:colcon.colcon_core.shell:Creating package script '/home/robotdeveloper02/IsaacSim-ros_workspaces-main/humble_ws/install/my_ros2_package/share/my_ros2_package/package.bash'
[2.574s] INFO:colcon.colcon_core.shell:Creating package script '/home/robotdeveloper02/IsaacSim-ros_workspaces-main/humble_ws/install/my_ros2_package/share/my_ros2_package/package.zsh'
[2.574s] Level 1:colcon.colcon_core.environment:create_file_with_runtime_dependencies(/home/robotdeveloper02/IsaacSim-ros_workspaces-main/humble_ws/install/my_ros2_package/share/colcon-core/packages/my_ros2_package)
[2.575s] Level 1:colcon.colcon_core.environment:checking '/home/robotdeveloper02/IsaacSim-ros_workspaces-main/humble_ws/install/cube_controller' for CMake module files
[2.576s] Level 1:colcon.colcon_core.environment:checking '/home/robotdeveloper02/IsaacSim-ros_workspaces-main/humble_ws/install/cube_controller' for CMake config files
[2.576s] DEBUG:colcon.colcon_core.event_handler.log_command:Invoked command in '/home/robotdeveloper02/IsaacSim-ros_workspaces-main/humble_ws/src/cube_controller' returned '0': PYTHONPATH=/home/robotdeveloper02/IsaacSim-ros_workspaces-main/humble_ws/build/cube_controller/prefix_override:/usr/lib/python3/dist-packages/colcon_core/task/python/colcon_distutils_commands:/home/robotdeveloper02/IsaacSim-ros_workspaces-main/humble_ws/install/cube_controller/lib/python3.10/site-packages:${PYTHONPATH} /usr/bin/python3 -W ignore:setup.py install is deprecated setup.py egg_info --egg-base ../../build/cube_controller build --build-base /home/robotdeveloper02/IsaacSim-ros_workspaces-main/humble_ws/build/cube_controller/build install --record /home/robotdeveloper02/IsaacSim-ros_workspaces-main/humble_ws/build/cube_controller/install.log --single-version-externally-managed install_data
[2.577s] Level 1:colcon.colcon_core.environment:checking '/home/robotdeveloper02/IsaacSim-ros_workspaces-main/humble_ws/install/cube_controller/lib'
[2.577s] Level 1:colcon.colcon_core.environment:checking '/home/robotdeveloper02/IsaacSim-ros_workspaces-main/humble_ws/install/cube_controller/bin'
[2.577s] Level 1:colcon.colcon_core.environment:checking '/home/robotdeveloper02/IsaacSim-ros_workspaces-main/humble_ws/install/cube_controller/lib/pkgconfig/cube_controller.pc'
[2.577s] Level 1:colcon.colcon_core.environment:checking '/home/robotdeveloper02/IsaacSim-ros_workspaces-main/humble_ws/install/cube_controller/lib/python3.10/site-packages'
[2.577s] Level 1:colcon.colcon_core.shell:create_environment_hook('cube_controller', 'pythonpath')
[2.577s] INFO:colcon.colcon_core.shell:Creating environment hook '/home/robotdeveloper02/IsaacSim-ros_workspaces-main/humble_ws/install/cube_controller/share/cube_controller/hook/pythonpath.ps1'
[2.578s] INFO:colcon.colcon_core.shell:Creating environment descriptor '/home/robotdeveloper02/IsaacSim-ros_workspaces-main/humble_ws/install/cube_controller/share/cube_controller/hook/pythonpath.dsv'
[2.579s] INFO:colcon.colcon_core.shell:Creating environment hook '/home/robotdeveloper02/IsaacSim-ros_workspaces-main/humble_ws/install/cube_controller/share/cube_controller/hook/pythonpath.sh'
[2.580s] Level 1:colcon.colcon_core.environment:checking '/home/robotdeveloper02/IsaacSim-ros_workspaces-main/humble_ws/install/cube_controller/bin'
[2.580s] Level 1:colcon.colcon_core.environment:create_environment_scripts_only(cube_controller)
[2.580s] INFO:colcon.colcon_core.shell:Creating package script '/home/robotdeveloper02/IsaacSim-ros_workspaces-main/humble_ws/install/cube_controller/share/cube_controller/package.ps1'
[2.581s] INFO:colcon.colcon_core.shell:Creating package descriptor '/home/robotdeveloper02/IsaacSim-ros_workspaces-main/humble_ws/install/cube_controller/share/cube_controller/package.dsv'
[2.581s] INFO:colcon.colcon_core.shell:Creating package script '/home/robotdeveloper02/IsaacSim-ros_workspaces-main/humble_ws/install/cube_controller/share/cube_controller/package.sh'
[2.582s] INFO:colcon.colcon_core.shell:Creating package script '/home/robotdeveloper02/IsaacSim-ros_workspaces-main/humble_ws/install/cube_controller/share/cube_controller/package.bash'
[2.582s] INFO:colcon.colcon_core.shell:Creating package script '/home/robotdeveloper02/IsaacSim-ros_workspaces-main/humble_ws/install/cube_controller/share/cube_controller/package.zsh'
[2.582s] Level 1:colcon.colcon_core.environment:create_file_with_runtime_dependencies(/home/robotdeveloper02/IsaacSim-ros_workspaces-main/humble_ws/install/cube_controller/share/colcon-core/packages/cube_controller)
[2.583s] DEBUG:colcon.colcon_parallel_executor.executor.parallel:closing loop
[2.583s] DEBUG:colcon.colcon_parallel_executor.executor.parallel:loop closed
[2.583s] DEBUG:colcon.colcon_parallel_executor.executor.parallel:run_until_complete finished with '0'
[2.583s] DEBUG:colcon.colcon_core.event_reactor:joining thread
[2.588s] INFO:colcon.colcon_core.plugin_system:Skipping extension 'colcon_notification.desktop_notification.terminal_notifier': Not used on non-Darwin systems
[2.588s] INFO:colcon.colcon_core.plugin_system:Skipping extension 'colcon_notification.desktop_notification.win32': Not used on non-Windows systems
[2.588s] INFO:colcon.colcon_notification.desktop_notification:Sending desktop notification using 'notify2'
[2.599s] DEBUG:colcon.colcon_core.event_reactor:joined thread
[2.599s] INFO:colcon.colcon_core.shell:Creating prefix script '/home/robotdeveloper02/IsaacSim-ros_workspaces-main/humble_ws/install/local_setup.ps1'
[2.601s] INFO:colcon.colcon_core.shell:Creating prefix util module '/home/robotdeveloper02/IsaacSim-ros_workspaces-main/humble_ws/install/_local_setup_util_ps1.py'
[2.602s] INFO:colcon.colcon_core.shell:Creating prefix chain script '/home/robotdeveloper02/IsaacSim-ros_workspaces-main/humble_ws/install/setup.ps1'
[2.604s] INFO:colcon.colcon_core.shell:Creating prefix script '/home/robotdeveloper02/IsaacSim-ros_workspaces-main/humble_ws/install/local_setup.sh'
[2.605s] INFO:colcon.colcon_core.shell:Creating prefix util module '/home/robotdeveloper02/IsaacSim-ros_workspaces-main/humble_ws/install/_local_setup_util_sh.py'
[2.605s] INFO:colcon.colcon_core.shell:Creating prefix chain script '/home/robotdeveloper02/IsaacSim-ros_workspaces-main/humble_ws/install/setup.sh'
[2.607s] INFO:colcon.colcon_core.shell:Creating prefix script '/home/robotdeveloper02/IsaacSim-ros_workspaces-main/humble_ws/install/local_setup.bash'
[2.607s] INFO:colcon.colcon_core.shell:Creating prefix chain script '/home/robotdeveloper02/IsaacSim-ros_workspaces-main/humble_ws/install/setup.bash'
[2.609s] INFO:colcon.colcon_core.shell:Creating prefix script '/home/robotdeveloper02/IsaacSim-ros_workspaces-main/humble_ws/install/local_setup.zsh'
[2.610s] INFO:colcon.colcon_core.shell:Creating prefix chain script '/home/robotdeveloper02/IsaacSim-ros_workspaces-main/humble_ws/install/setup.zsh'
