[0.090s] DEBUG:colcon:Command line arguments: ['/usr/bin/colcon', 'build']
[0.090s] DEBUG:colcon:Parsed command line arguments: Namespace(log_base=None, log_level=None, verb_name='build', build_base='build', install_base='install', merge_install=False, symlink_install=False, test_result_base=None, continue_on_error=False, executor='parallel', parallel_workers=16, event_handlers=None, ignore_user_meta=False, metas=['./colcon.meta'], base_paths=['.'], packages_ignore=None, packages_ignore_regex=None, paths=None, packages_up_to=None, packages_up_to_regex=None, packages_above=None, packages_above_and_dependencies=None, packages_above_depth=None, packages_select_by_dep=None, packages_skip_by_dep=None, packages_skip_up_to=None, packages_select_build_failed=False, packages_skip_build_finished=False, packages_select_test_failures=False, packages_skip_test_passed=False, packages_select=None, packages_skip=None, packages_select_regex=None, packages_skip_regex=None, packages_start=None, packages_end=None, allow_overriding=[], cmake_args=None, cmake_target=None, cmake_target_skip_unavailable=False, cmake_clean_cache=False, cmake_clean_first=False, cmake_force_configure=False, ament_cmake_args=None, catkin_cmake_args=None, catkin_skip_building_tests=False, verb_parser=<colcon_defaults.argument_parser.defaults.DefaultArgumentsDecorator object at 0x704ce4eb5fc0>, verb_extension=<colcon_core.verb.build.BuildVerb object at 0x704ce501f520>, main=<bound method BuildVerb.main of <colcon_core.verb.build.BuildVerb object at 0x704ce501f520>>)
[0.248s] Level 1:colcon.colcon_core.package_discovery:discover_packages(colcon_meta) check parameters
[0.248s] Level 1:colcon.colcon_core.package_discovery:discover_packages(recursive) check parameters
[0.248s] Level 1:colcon.colcon_core.package_discovery:discover_packages(ignore) check parameters
[0.248s] Level 1:colcon.colcon_core.package_discovery:discover_packages(path) check parameters
[0.248s] Level 1:colcon.colcon_core.package_discovery:discover_packages(colcon_meta) discover
[0.248s] Level 1:colcon.colcon_core.package_discovery:discover_packages(recursive) discover
[0.248s] INFO:colcon.colcon_core.package_discovery:Crawling recursively for packages in '/home/robotdeveloper02/IsaacSim-ros_workspaces-main/humble_ws'
[0.248s] Level 1:colcon.colcon_core.package_identification:_identify(.) by extensions ['ignore', 'ignore_ament_install']
[0.249s] Level 1:colcon.colcon_core.package_identification:_identify(.) by extension 'ignore'
[0.249s] Level 1:colcon.colcon_core.package_identification:_identify(.) by extension 'ignore_ament_install'
[0.249s] Level 1:colcon.colcon_core.package_identification:_identify(.) by extensions ['colcon_pkg']
[0.249s] Level 1:colcon.colcon_core.package_identification:_identify(.) by extension 'colcon_pkg'
[0.249s] Level 1:colcon.colcon_core.package_identification:_identify(.) by extensions ['colcon_meta']
[0.249s] Level 1:colcon.colcon_core.package_identification:_identify(.) by extension 'colcon_meta'
[0.249s] Level 1:colcon.colcon_core.package_identification:_identify(.) by extensions ['ros']
[0.249s] Level 1:colcon.colcon_core.package_identification:_identify(.) by extension 'ros'
[0.260s] Level 1:colcon.colcon_core.package_identification:_identify(.) by extensions ['cmake', 'python']
[0.260s] Level 1:colcon.colcon_core.package_identification:_identify(.) by extension 'cmake'
[0.260s] Level 1:colcon.colcon_core.package_identification:_identify(.) by extension 'python'
[0.260s] Level 1:colcon.colcon_core.package_identification:_identify(.) by extensions ['python_setup_py']
[0.260s] Level 1:colcon.colcon_core.package_identification:_identify(.) by extension 'python_setup_py'
[0.260s] Level 1:colcon.colcon_core.package_identification:_identify(Kit) by extensions ['ignore', 'ignore_ament_install']
[0.260s] Level 1:colcon.colcon_core.package_identification:_identify(Kit) by extension 'ignore'
[0.260s] Level 1:colcon.colcon_core.package_identification:_identify(Kit) by extension 'ignore_ament_install'
[0.260s] Level 1:colcon.colcon_core.package_identification:_identify(Kit) by extensions ['colcon_pkg']
[0.260s] Level 1:colcon.colcon_core.package_identification:_identify(Kit) by extension 'colcon_pkg'
[0.260s] Level 1:colcon.colcon_core.package_identification:_identify(Kit) by extensions ['colcon_meta']
[0.260s] Level 1:colcon.colcon_core.package_identification:_identify(Kit) by extension 'colcon_meta'
[0.260s] Level 1:colcon.colcon_core.package_identification:_identify(Kit) by extensions ['ros']
[0.260s] Level 1:colcon.colcon_core.package_identification:_identify(Kit) by extension 'ros'
[0.260s] Level 1:colcon.colcon_core.package_identification:_identify(Kit) by extensions ['cmake', 'python']
[0.260s] Level 1:colcon.colcon_core.package_identification:_identify(Kit) by extension 'cmake'
[0.260s] Level 1:colcon.colcon_core.package_identification:_identify(Kit) by extension 'python'
[0.261s] Level 1:colcon.colcon_core.package_identification:_identify(Kit) by extensions ['python_setup_py']
[0.261s] Level 1:colcon.colcon_core.package_identification:_identify(Kit) by extension 'python_setup_py'
[0.261s] Level 1:colcon.colcon_core.package_identification:_identify(Kit/Isaac-Sim) by extensions ['ignore', 'ignore_ament_install']
[0.261s] Level 1:colcon.colcon_core.package_identification:_identify(Kit/Isaac-Sim) by extension 'ignore'
[0.261s] Level 1:colcon.colcon_core.package_identification:_identify(Kit/Isaac-Sim) by extension 'ignore_ament_install'
[0.261s] Level 1:colcon.colcon_core.package_identification:_identify(Kit/Isaac-Sim) by extensions ['colcon_pkg']
[0.261s] Level 1:colcon.colcon_core.package_identification:_identify(Kit/Isaac-Sim) by extension 'colcon_pkg'
[0.261s] Level 1:colcon.colcon_core.package_identification:_identify(Kit/Isaac-Sim) by extensions ['colcon_meta']
[0.261s] Level 1:colcon.colcon_core.package_identification:_identify(Kit/Isaac-Sim) by extension 'colcon_meta'
[0.261s] Level 1:colcon.colcon_core.package_identification:_identify(Kit/Isaac-Sim) by extensions ['ros']
[0.261s] Level 1:colcon.colcon_core.package_identification:_identify(Kit/Isaac-Sim) by extension 'ros'
[0.261s] Level 1:colcon.colcon_core.package_identification:_identify(Kit/Isaac-Sim) by extensions ['cmake', 'python']
[0.261s] Level 1:colcon.colcon_core.package_identification:_identify(Kit/Isaac-Sim) by extension 'cmake'
[0.261s] Level 1:colcon.colcon_core.package_identification:_identify(Kit/Isaac-Sim) by extension 'python'
[0.261s] Level 1:colcon.colcon_core.package_identification:_identify(Kit/Isaac-Sim) by extensions ['python_setup_py']
[0.261s] Level 1:colcon.colcon_core.package_identification:_identify(Kit/Isaac-Sim) by extension 'python_setup_py'
[0.261s] Level 1:colcon.colcon_core.package_identification:_identify(Kit/Isaac-Sim/4.1) by extensions ['ignore', 'ignore_ament_install']
[0.261s] Level 1:colcon.colcon_core.package_identification:_identify(Kit/Isaac-Sim/4.1) by extension 'ignore'
[0.261s] Level 1:colcon.colcon_core.package_identification:_identify(Kit/Isaac-Sim/4.1) by extension 'ignore_ament_install'
[0.261s] Level 1:colcon.colcon_core.package_identification:_identify(Kit/Isaac-Sim/4.1) by extensions ['colcon_pkg']
[0.261s] Level 1:colcon.colcon_core.package_identification:_identify(Kit/Isaac-Sim/4.1) by extension 'colcon_pkg'
[0.261s] Level 1:colcon.colcon_core.package_identification:_identify(Kit/Isaac-Sim/4.1) by extensions ['colcon_meta']
[0.261s] Level 1:colcon.colcon_core.package_identification:_identify(Kit/Isaac-Sim/4.1) by extension 'colcon_meta'
[0.261s] Level 1:colcon.colcon_core.package_identification:_identify(Kit/Isaac-Sim/4.1) by extensions ['ros']
[0.262s] Level 1:colcon.colcon_core.package_identification:_identify(Kit/Isaac-Sim/4.1) by extension 'ros'
[0.262s] Level 1:colcon.colcon_core.package_identification:_identify(Kit/Isaac-Sim/4.1) by extensions ['cmake', 'python']
[0.262s] Level 1:colcon.colcon_core.package_identification:_identify(Kit/Isaac-Sim/4.1) by extension 'cmake'
[0.262s] Level 1:colcon.colcon_core.package_identification:_identify(Kit/Isaac-Sim/4.1) by extension 'python'
[0.262s] Level 1:colcon.colcon_core.package_identification:_identify(Kit/Isaac-Sim/4.1) by extensions ['python_setup_py']
[0.262s] Level 1:colcon.colcon_core.package_identification:_identify(Kit/Isaac-Sim/4.1) by extension 'python_setup_py'
[0.262s] Level 1:colcon.colcon_core.package_identification:_identify(Kit/Isaac-Sim/4.1/exts) by extensions ['ignore', 'ignore_ament_install']
[0.262s] Level 1:colcon.colcon_core.package_identification:_identify(Kit/Isaac-Sim/4.1/exts) by extension 'ignore'
[0.262s] Level 1:colcon.colcon_core.package_identification:_identify(Kit/Isaac-Sim/4.1/exts) by extension 'ignore_ament_install'
[0.262s] Level 1:colcon.colcon_core.package_identification:_identify(Kit/Isaac-Sim/4.1/exts) by extensions ['colcon_pkg']
[0.262s] Level 1:colcon.colcon_core.package_identification:_identify(Kit/Isaac-Sim/4.1/exts) by extension 'colcon_pkg'
[0.262s] Level 1:colcon.colcon_core.package_identification:_identify(Kit/Isaac-Sim/4.1/exts) by extensions ['colcon_meta']
[0.262s] Level 1:colcon.colcon_core.package_identification:_identify(Kit/Isaac-Sim/4.1/exts) by extension 'colcon_meta'
[0.262s] Level 1:colcon.colcon_core.package_identification:_identify(Kit/Isaac-Sim/4.1/exts) by extensions ['ros']
[0.262s] Level 1:colcon.colcon_core.package_identification:_identify(Kit/Isaac-Sim/4.1/exts) by extension 'ros'
[0.262s] Level 1:colcon.colcon_core.package_identification:_identify(Kit/Isaac-Sim/4.1/exts) by extensions ['cmake', 'python']
[0.262s] Level 1:colcon.colcon_core.package_identification:_identify(Kit/Isaac-Sim/4.1/exts) by extension 'cmake'
[0.262s] Level 1:colcon.colcon_core.package_identification:_identify(Kit/Isaac-Sim/4.1/exts) by extension 'python'
[0.262s] Level 1:colcon.colcon_core.package_identification:_identify(Kit/Isaac-Sim/4.1/exts) by extensions ['python_setup_py']
[0.262s] Level 1:colcon.colcon_core.package_identification:_identify(Kit/Isaac-Sim/4.1/exts) by extension 'python_setup_py'
[0.262s] Level 1:colcon.colcon_core.package_identification:_identify(Kit/Isaac-Sim/4.1/exts/3) by extensions ['ignore', 'ignore_ament_install']
[0.262s] Level 1:colcon.colcon_core.package_identification:_identify(Kit/Isaac-Sim/4.1/exts/3) by extension 'ignore'
[0.262s] Level 1:colcon.colcon_core.package_identification:_identify(Kit/Isaac-Sim/4.1/exts/3) by extension 'ignore_ament_install'
[0.262s] Level 1:colcon.colcon_core.package_identification:_identify(Kit/Isaac-Sim/4.1/exts/3) by extensions ['colcon_pkg']
[0.263s] Level 1:colcon.colcon_core.package_identification:_identify(Kit/Isaac-Sim/4.1/exts/3) by extension 'colcon_pkg'
[0.263s] Level 1:colcon.colcon_core.package_identification:_identify(Kit/Isaac-Sim/4.1/exts/3) by extensions ['colcon_meta']
[0.263s] Level 1:colcon.colcon_core.package_identification:_identify(Kit/Isaac-Sim/4.1/exts/3) by extension 'colcon_meta'
[0.263s] Level 1:colcon.colcon_core.package_identification:_identify(Kit/Isaac-Sim/4.1/exts/3) by extensions ['ros']
[0.263s] Level 1:colcon.colcon_core.package_identification:_identify(Kit/Isaac-Sim/4.1/exts/3) by extension 'ros'
[0.263s] Level 1:colcon.colcon_core.package_identification:_identify(Kit/Isaac-Sim/4.1/exts/3) by extensions ['cmake', 'python']
[0.263s] Level 1:colcon.colcon_core.package_identification:_identify(Kit/Isaac-Sim/4.1/exts/3) by extension 'cmake'
[0.263s] Level 1:colcon.colcon_core.package_identification:_identify(Kit/Isaac-Sim/4.1/exts/3) by extension 'python'
[0.263s] Level 1:colcon.colcon_core.package_identification:_identify(Kit/Isaac-Sim/4.1/exts/3) by extensions ['python_setup_py']
[0.263s] Level 1:colcon.colcon_core.package_identification:_identify(Kit/Isaac-Sim/4.1/exts/3) by extension 'python_setup_py'
[0.263s] Level 1:colcon.colcon_core.package_identification:_identify(Kit/Isaac-Sim/4.1/pip3-envs) by extensions ['ignore', 'ignore_ament_install']
[0.263s] Level 1:colcon.colcon_core.package_identification:_identify(Kit/Isaac-Sim/4.1/pip3-envs) by extension 'ignore'
[0.263s] Level 1:colcon.colcon_core.package_identification:_identify(Kit/Isaac-Sim/4.1/pip3-envs) by extension 'ignore_ament_install'
[0.263s] Level 1:colcon.colcon_core.package_identification:_identify(Kit/Isaac-Sim/4.1/pip3-envs) by extensions ['colcon_pkg']
[0.263s] Level 1:colcon.colcon_core.package_identification:_identify(Kit/Isaac-Sim/4.1/pip3-envs) by extension 'colcon_pkg'
[0.263s] Level 1:colcon.colcon_core.package_identification:_identify(Kit/Isaac-Sim/4.1/pip3-envs) by extensions ['colcon_meta']
[0.263s] Level 1:colcon.colcon_core.package_identification:_identify(Kit/Isaac-Sim/4.1/pip3-envs) by extension 'colcon_meta'
[0.263s] Level 1:colcon.colcon_core.package_identification:_identify(Kit/Isaac-Sim/4.1/pip3-envs) by extensions ['ros']
[0.263s] Level 1:colcon.colcon_core.package_identification:_identify(Kit/Isaac-Sim/4.1/pip3-envs) by extension 'ros'
[0.263s] Level 1:colcon.colcon_core.package_identification:_identify(Kit/Isaac-Sim/4.1/pip3-envs) by extensions ['cmake', 'python']
[0.263s] Level 1:colcon.colcon_core.package_identification:_identify(Kit/Isaac-Sim/4.1/pip3-envs) by extension 'cmake'
[0.263s] Level 1:colcon.colcon_core.package_identification:_identify(Kit/Isaac-Sim/4.1/pip3-envs) by extension 'python'
[0.263s] Level 1:colcon.colcon_core.package_identification:_identify(Kit/Isaac-Sim/4.1/pip3-envs) by extensions ['python_setup_py']
[0.263s] Level 1:colcon.colcon_core.package_identification:_identify(Kit/Isaac-Sim/4.1/pip3-envs) by extension 'python_setup_py'
[0.263s] Level 1:colcon.colcon_core.package_identification:_identify(Kit/Isaac-Sim/4.1/pip3-envs/default) by extensions ['ignore', 'ignore_ament_install']
[0.264s] Level 1:colcon.colcon_core.package_identification:_identify(Kit/Isaac-Sim/4.1/pip3-envs/default) by extension 'ignore'
[0.264s] Level 1:colcon.colcon_core.package_identification:_identify(Kit/Isaac-Sim/4.1/pip3-envs/default) by extension 'ignore_ament_install'
[0.264s] Level 1:colcon.colcon_core.package_identification:_identify(Kit/Isaac-Sim/4.1/pip3-envs/default) by extensions ['colcon_pkg']
[0.264s] Level 1:colcon.colcon_core.package_identification:_identify(Kit/Isaac-Sim/4.1/pip3-envs/default) by extension 'colcon_pkg'
[0.264s] Level 1:colcon.colcon_core.package_identification:_identify(Kit/Isaac-Sim/4.1/pip3-envs/default) by extensions ['colcon_meta']
[0.264s] Level 1:colcon.colcon_core.package_identification:_identify(Kit/Isaac-Sim/4.1/pip3-envs/default) by extension 'colcon_meta'
[0.264s] Level 1:colcon.colcon_core.package_identification:_identify(Kit/Isaac-Sim/4.1/pip3-envs/default) by extensions ['ros']
[0.264s] Level 1:colcon.colcon_core.package_identification:_identify(Kit/Isaac-Sim/4.1/pip3-envs/default) by extension 'ros'
[0.264s] Level 1:colcon.colcon_core.package_identification:_identify(Kit/Isaac-Sim/4.1/pip3-envs/default) by extensions ['cmake', 'python']
[0.264s] Level 1:colcon.colcon_core.package_identification:_identify(Kit/Isaac-Sim/4.1/pip3-envs/default) by extension 'cmake'
[0.264s] Level 1:colcon.colcon_core.package_identification:_identify(Kit/Isaac-Sim/4.1/pip3-envs/default) by extension 'python'
[0.264s] Level 1:colcon.colcon_core.package_identification:_identify(Kit/Isaac-Sim/4.1/pip3-envs/default) by extensions ['python_setup_py']
[0.264s] Level 1:colcon.colcon_core.package_identification:_identify(Kit/Isaac-Sim/4.1/pip3-envs/default) by extension 'python_setup_py'
[0.264s] Level 1:colcon.colcon_core.package_identification:_identify(Kit/Isaac-Sim_App_Selector) by extensions ['ignore', 'ignore_ament_install']
[0.264s] Level 1:colcon.colcon_core.package_identification:_identify(Kit/Isaac-Sim_App_Selector) by extension 'ignore'
[0.264s] Level 1:colcon.colcon_core.package_identification:_identify(Kit/Isaac-Sim_App_Selector) by extension 'ignore_ament_install'
[0.264s] Level 1:colcon.colcon_core.package_identification:_identify(Kit/Isaac-Sim_App_Selector) by extensions ['colcon_pkg']
[0.264s] Level 1:colcon.colcon_core.package_identification:_identify(Kit/Isaac-Sim_App_Selector) by extension 'colcon_pkg'
[0.264s] Level 1:colcon.colcon_core.package_identification:_identify(Kit/Isaac-Sim_App_Selector) by extensions ['colcon_meta']
[0.264s] Level 1:colcon.colcon_core.package_identification:_identify(Kit/Isaac-Sim_App_Selector) by extension 'colcon_meta'
[0.264s] Level 1:colcon.colcon_core.package_identification:_identify(Kit/Isaac-Sim_App_Selector) by extensions ['ros']
[0.264s] Level 1:colcon.colcon_core.package_identification:_identify(Kit/Isaac-Sim_App_Selector) by extension 'ros'
[0.264s] Level 1:colcon.colcon_core.package_identification:_identify(Kit/Isaac-Sim_App_Selector) by extensions ['cmake', 'python']
[0.264s] Level 1:colcon.colcon_core.package_identification:_identify(Kit/Isaac-Sim_App_Selector) by extension 'cmake'
[0.264s] Level 1:colcon.colcon_core.package_identification:_identify(Kit/Isaac-Sim_App_Selector) by extension 'python'
[0.264s] Level 1:colcon.colcon_core.package_identification:_identify(Kit/Isaac-Sim_App_Selector) by extensions ['python_setup_py']
[0.264s] Level 1:colcon.colcon_core.package_identification:_identify(Kit/Isaac-Sim_App_Selector) by extension 'python_setup_py'
[0.265s] Level 1:colcon.colcon_core.package_identification:_identify(Kit/Isaac-Sim_App_Selector/4.1) by extensions ['ignore', 'ignore_ament_install']
[0.265s] Level 1:colcon.colcon_core.package_identification:_identify(Kit/Isaac-Sim_App_Selector/4.1) by extension 'ignore'
[0.265s] Level 1:colcon.colcon_core.package_identification:_identify(Kit/Isaac-Sim_App_Selector/4.1) by extension 'ignore_ament_install'
[0.265s] Level 1:colcon.colcon_core.package_identification:_identify(Kit/Isaac-Sim_App_Selector/4.1) by extensions ['colcon_pkg']
[0.265s] Level 1:colcon.colcon_core.package_identification:_identify(Kit/Isaac-Sim_App_Selector/4.1) by extension 'colcon_pkg'
[0.265s] Level 1:colcon.colcon_core.package_identification:_identify(Kit/Isaac-Sim_App_Selector/4.1) by extensions ['colcon_meta']
[0.265s] Level 1:colcon.colcon_core.package_identification:_identify(Kit/Isaac-Sim_App_Selector/4.1) by extension 'colcon_meta'
[0.265s] Level 1:colcon.colcon_core.package_identification:_identify(Kit/Isaac-Sim_App_Selector/4.1) by extensions ['ros']
[0.265s] Level 1:colcon.colcon_core.package_identification:_identify(Kit/Isaac-Sim_App_Selector/4.1) by extension 'ros'
[0.265s] Level 1:colcon.colcon_core.package_identification:_identify(Kit/Isaac-Sim_App_Selector/4.1) by extensions ['cmake', 'python']
[0.265s] Level 1:colcon.colcon_core.package_identification:_identify(Kit/Isaac-Sim_App_Selector/4.1) by extension 'cmake'
[0.265s] Level 1:colcon.colcon_core.package_identification:_identify(Kit/Isaac-Sim_App_Selector/4.1) by extension 'python'
[0.265s] Level 1:colcon.colcon_core.package_identification:_identify(Kit/Isaac-Sim_App_Selector/4.1) by extensions ['python_setup_py']
[0.265s] Level 1:colcon.colcon_core.package_identification:_identify(Kit/Isaac-Sim_App_Selector/4.1) by extension 'python_setup_py'
[0.265s] Level 1:colcon.colcon_core.package_identification:_identify(Kit/Isaac-Sim_App_Selector/4.1/exts) by extensions ['ignore', 'ignore_ament_install']
[0.265s] Level 1:colcon.colcon_core.package_identification:_identify(Kit/Isaac-Sim_App_Selector/4.1/exts) by extension 'ignore'
[0.265s] Level 1:colcon.colcon_core.package_identification:_identify(Kit/Isaac-Sim_App_Selector/4.1/exts) by extension 'ignore_ament_install'
[0.265s] Level 1:colcon.colcon_core.package_identification:_identify(Kit/Isaac-Sim_App_Selector/4.1/exts) by extensions ['colcon_pkg']
[0.265s] Level 1:colcon.colcon_core.package_identification:_identify(Kit/Isaac-Sim_App_Selector/4.1/exts) by extension 'colcon_pkg'
[0.265s] Level 1:colcon.colcon_core.package_identification:_identify(Kit/Isaac-Sim_App_Selector/4.1/exts) by extensions ['colcon_meta']
[0.265s] Level 1:colcon.colcon_core.package_identification:_identify(Kit/Isaac-Sim_App_Selector/4.1/exts) by extension 'colcon_meta'
[0.265s] Level 1:colcon.colcon_core.package_identification:_identify(Kit/Isaac-Sim_App_Selector/4.1/exts) by extensions ['ros']
[0.265s] Level 1:colcon.colcon_core.package_identification:_identify(Kit/Isaac-Sim_App_Selector/4.1/exts) by extension 'ros'
[0.265s] Level 1:colcon.colcon_core.package_identification:_identify(Kit/Isaac-Sim_App_Selector/4.1/exts) by extensions ['cmake', 'python']
[0.266s] Level 1:colcon.colcon_core.package_identification:_identify(Kit/Isaac-Sim_App_Selector/4.1/exts) by extension 'cmake'
[0.266s] Level 1:colcon.colcon_core.package_identification:_identify(Kit/Isaac-Sim_App_Selector/4.1/exts) by extension 'python'
[0.266s] Level 1:colcon.colcon_core.package_identification:_identify(Kit/Isaac-Sim_App_Selector/4.1/exts) by extensions ['python_setup_py']
[0.266s] Level 1:colcon.colcon_core.package_identification:_identify(Kit/Isaac-Sim_App_Selector/4.1/exts) by extension 'python_setup_py'
[0.266s] Level 1:colcon.colcon_core.package_identification:_identify(Kit/Isaac-Sim_App_Selector/4.1/exts/3) by extensions ['ignore', 'ignore_ament_install']
[0.266s] Level 1:colcon.colcon_core.package_identification:_identify(Kit/Isaac-Sim_App_Selector/4.1/exts/3) by extension 'ignore'
[0.266s] Level 1:colcon.colcon_core.package_identification:_identify(Kit/Isaac-Sim_App_Selector/4.1/exts/3) by extension 'ignore_ament_install'
[0.266s] Level 1:colcon.colcon_core.package_identification:_identify(Kit/Isaac-Sim_App_Selector/4.1/exts/3) by extensions ['colcon_pkg']
[0.266s] Level 1:colcon.colcon_core.package_identification:_identify(Kit/Isaac-Sim_App_Selector/4.1/exts/3) by extension 'colcon_pkg'
[0.266s] Level 1:colcon.colcon_core.package_identification:_identify(Kit/Isaac-Sim_App_Selector/4.1/exts/3) by extensions ['colcon_meta']
[0.266s] Level 1:colcon.colcon_core.package_identification:_identify(Kit/Isaac-Sim_App_Selector/4.1/exts/3) by extension 'colcon_meta'
[0.266s] Level 1:colcon.colcon_core.package_identification:_identify(Kit/Isaac-Sim_App_Selector/4.1/exts/3) by extensions ['ros']
[0.266s] Level 1:colcon.colcon_core.package_identification:_identify(Kit/Isaac-Sim_App_Selector/4.1/exts/3) by extension 'ros'
[0.266s] Level 1:colcon.colcon_core.package_identification:_identify(Kit/Isaac-Sim_App_Selector/4.1/exts/3) by extensions ['cmake', 'python']
[0.266s] Level 1:colcon.colcon_core.package_identification:_identify(Kit/Isaac-Sim_App_Selector/4.1/exts/3) by extension 'cmake'
[0.266s] Level 1:colcon.colcon_core.package_identification:_identify(Kit/Isaac-Sim_App_Selector/4.1/exts/3) by extension 'python'
[0.266s] Level 1:colcon.colcon_core.package_identification:_identify(Kit/Isaac-Sim_App_Selector/4.1/exts/3) by extensions ['python_setup_py']
[0.266s] Level 1:colcon.colcon_core.package_identification:_identify(Kit/Isaac-Sim_App_Selector/4.1/exts/3) by extension 'python_setup_py'
[0.266s] Level 1:colcon.colcon_core.package_identification:_identify(build) by extensions ['ignore', 'ignore_ament_install']
[0.266s] Level 1:colcon.colcon_core.package_identification:_identify(build) by extension 'ignore'
[0.266s] Level 1:colcon.colcon_core.package_identification:_identify(build) ignored
[0.266s] Level 1:colcon.colcon_core.package_identification:_identify(install) by extensions ['ignore', 'ignore_ament_install']
[0.267s] Level 1:colcon.colcon_core.package_identification:_identify(install) by extension 'ignore'
[0.267s] Level 1:colcon.colcon_core.package_identification:_identify(install) ignored
[0.267s] Level 1:colcon.colcon_core.package_identification:_identify(log) by extensions ['ignore', 'ignore_ament_install']
[0.267s] Level 1:colcon.colcon_core.package_identification:_identify(log) by extension 'ignore'
[0.267s] Level 1:colcon.colcon_core.package_identification:_identify(log) ignored
[0.267s] Level 1:colcon.colcon_core.package_identification:_identify(src) by extensions ['ignore', 'ignore_ament_install']
[0.267s] Level 1:colcon.colcon_core.package_identification:_identify(src) by extension 'ignore'
[0.267s] Level 1:colcon.colcon_core.package_identification:_identify(src) by extension 'ignore_ament_install'
[0.267s] Level 1:colcon.colcon_core.package_identification:_identify(src) by extensions ['colcon_pkg']
[0.267s] Level 1:colcon.colcon_core.package_identification:_identify(src) by extension 'colcon_pkg'
[0.267s] Level 1:colcon.colcon_core.package_identification:_identify(src) by extensions ['colcon_meta']
[0.267s] Level 1:colcon.colcon_core.package_identification:_identify(src) by extension 'colcon_meta'
[0.267s] Level 1:colcon.colcon_core.package_identification:_identify(src) by extensions ['ros']
[0.267s] Level 1:colcon.colcon_core.package_identification:_identify(src) by extension 'ros'
[0.267s] Level 1:colcon.colcon_core.package_identification:_identify(src) by extensions ['cmake', 'python']
[0.267s] Level 1:colcon.colcon_core.package_identification:_identify(src) by extension 'cmake'
[0.267s] Level 1:colcon.colcon_core.package_identification:_identify(src) by extension 'python'
[0.267s] Level 1:colcon.colcon_core.package_identification:_identify(src) by extensions ['python_setup_py']
[0.267s] Level 1:colcon.colcon_core.package_identification:_identify(src) by extension 'python_setup_py'
[0.267s] Level 1:colcon.colcon_core.package_identification:_identify(src/IMU_otamesi) by extensions ['ignore', 'ignore_ament_install']
[0.267s] Level 1:colcon.colcon_core.package_identification:_identify(src/IMU_otamesi) by extension 'ignore'
[0.268s] Level 1:colcon.colcon_core.package_identification:_identify(src/IMU_otamesi) by extension 'ignore_ament_install'
[0.268s] Level 1:colcon.colcon_core.package_identification:_identify(src/IMU_otamesi) by extensions ['colcon_pkg']
[0.268s] Level 1:colcon.colcon_core.package_identification:_identify(src/IMU_otamesi) by extension 'colcon_pkg'
[0.268s] Level 1:colcon.colcon_core.package_identification:_identify(src/IMU_otamesi) by extensions ['colcon_meta']
[0.268s] Level 1:colcon.colcon_core.package_identification:_identify(src/IMU_otamesi) by extension 'colcon_meta'
[0.268s] Level 1:colcon.colcon_core.package_identification:_identify(src/IMU_otamesi) by extensions ['ros']
[0.268s] Level 1:colcon.colcon_core.package_identification:_identify(src/IMU_otamesi) by extension 'ros'
[0.270s] DEBUG:colcon.colcon_core.package_identification:Package 'src/IMU_otamesi' with type 'ros.ament_cmake' and name 'IMU_otamesi'
[0.271s] Level 1:colcon.colcon_core.package_identification:_identify(src/Jettbot_position) by extensions ['ignore', 'ignore_ament_install']
[0.271s] Level 1:colcon.colcon_core.package_identification:_identify(src/Jettbot_position) by extension 'ignore'
[0.271s] Level 1:colcon.colcon_core.package_identification:_identify(src/Jettbot_position) by extension 'ignore_ament_install'
[0.271s] Level 1:colcon.colcon_core.package_identification:_identify(src/Jettbot_position) by extensions ['colcon_pkg']
[0.271s] Level 1:colcon.colcon_core.package_identification:_identify(src/Jettbot_position) by extension 'colcon_pkg'
[0.271s] Level 1:colcon.colcon_core.package_identification:_identify(src/Jettbot_position) by extensions ['colcon_meta']
[0.271s] Level 1:colcon.colcon_core.package_identification:_identify(src/Jettbot_position) by extension 'colcon_meta'
[0.271s] Level 1:colcon.colcon_core.package_identification:_identify(src/Jettbot_position) by extensions ['ros']
[0.271s] Level 1:colcon.colcon_core.package_identification:_identify(src/Jettbot_position) by extension 'ros'
[0.271s] DEBUG:colcon.colcon_core.package_identification:Package 'src/Jettbot_position' with type 'ros.ament_python' and name 'Jettbot_position'
[0.272s] Level 1:colcon.colcon_core.package_identification:_identify(src/build) by extensions ['ignore', 'ignore_ament_install']
[0.272s] Level 1:colcon.colcon_core.package_identification:_identify(src/build) by extension 'ignore'
[0.272s] Level 1:colcon.colcon_core.package_identification:_identify(src/build) ignored
[0.272s] Level 1:colcon.colcon_core.package_identification:_identify(src/calc_cpp) by extensions ['ignore', 'ignore_ament_install']
[0.272s] Level 1:colcon.colcon_core.package_identification:_identify(src/calc_cpp) by extension 'ignore'
[0.272s] Level 1:colcon.colcon_core.package_identification:_identify(src/calc_cpp) by extension 'ignore_ament_install'
[0.272s] Level 1:colcon.colcon_core.package_identification:_identify(src/calc_cpp) by extensions ['colcon_pkg']
[0.272s] Level 1:colcon.colcon_core.package_identification:_identify(src/calc_cpp) by extension 'colcon_pkg'
[0.272s] Level 1:colcon.colcon_core.package_identification:_identify(src/calc_cpp) by extensions ['colcon_meta']
[0.272s] Level 1:colcon.colcon_core.package_identification:_identify(src/calc_cpp) by extension 'colcon_meta'
[0.272s] Level 1:colcon.colcon_core.package_identification:_identify(src/calc_cpp) by extensions ['ros']
[0.272s] Level 1:colcon.colcon_core.package_identification:_identify(src/calc_cpp) by extension 'ros'
[0.273s] DEBUG:colcon.colcon_core.package_identification:Package 'src/calc_cpp' with type 'ros.ament_cmake' and name 'my_cpp_pose_subscriber'
[0.273s] Level 1:colcon.colcon_core.package_identification:_identify(src/calc_py) by extensions ['ignore', 'ignore_ament_install']
[0.273s] Level 1:colcon.colcon_core.package_identification:_identify(src/calc_py) by extension 'ignore'
[0.273s] Level 1:colcon.colcon_core.package_identification:_identify(src/calc_py) by extension 'ignore_ament_install'
[0.273s] Level 1:colcon.colcon_core.package_identification:_identify(src/calc_py) by extensions ['colcon_pkg']
[0.273s] Level 1:colcon.colcon_core.package_identification:_identify(src/calc_py) by extension 'colcon_pkg'
[0.273s] Level 1:colcon.colcon_core.package_identification:_identify(src/calc_py) by extensions ['colcon_meta']
[0.273s] Level 1:colcon.colcon_core.package_identification:_identify(src/calc_py) by extension 'colcon_meta'
[0.273s] Level 1:colcon.colcon_core.package_identification:_identify(src/calc_py) by extensions ['ros']
[0.273s] Level 1:colcon.colcon_core.package_identification:_identify(src/calc_py) by extension 'ros'
[0.274s] DEBUG:colcon.colcon_core.package_identification:Package 'src/calc_py' with type 'ros.ament_python' and name 'my_ros2_package'
[0.274s] Level 1:colcon.colcon_core.package_identification:_identify(src/cube_controller) by extensions ['ignore', 'ignore_ament_install']
[0.274s] Level 1:colcon.colcon_core.package_identification:_identify(src/cube_controller) by extension 'ignore'
[0.274s] Level 1:colcon.colcon_core.package_identification:_identify(src/cube_controller) by extension 'ignore_ament_install'
[0.274s] Level 1:colcon.colcon_core.package_identification:_identify(src/cube_controller) by extensions ['colcon_pkg']
[0.274s] Level 1:colcon.colcon_core.package_identification:_identify(src/cube_controller) by extension 'colcon_pkg'
[0.274s] Level 1:colcon.colcon_core.package_identification:_identify(src/cube_controller) by extensions ['colcon_meta']
[0.274s] Level 1:colcon.colcon_core.package_identification:_identify(src/cube_controller) by extension 'colcon_meta'
[0.274s] Level 1:colcon.colcon_core.package_identification:_identify(src/cube_controller) by extensions ['ros']
[0.274s] Level 1:colcon.colcon_core.package_identification:_identify(src/cube_controller) by extension 'ros'
[0.275s] DEBUG:colcon.colcon_core.package_identification:Package 'src/cube_controller' with type 'ros.ament_python' and name 'cube_controller'
[0.275s] Level 1:colcon.colcon_core.package_identification:_identify(src/custom_message) by extensions ['ignore', 'ignore_ament_install']
[0.275s] Level 1:colcon.colcon_core.package_identification:_identify(src/custom_message) by extension 'ignore'
[0.275s] Level 1:colcon.colcon_core.package_identification:_identify(src/custom_message) by extension 'ignore_ament_install'
[0.275s] Level 1:colcon.colcon_core.package_identification:_identify(src/custom_message) by extensions ['colcon_pkg']
[0.275s] Level 1:colcon.colcon_core.package_identification:_identify(src/custom_message) by extension 'colcon_pkg'
[0.275s] Level 1:colcon.colcon_core.package_identification:_identify(src/custom_message) by extensions ['colcon_meta']
[0.275s] Level 1:colcon.colcon_core.package_identification:_identify(src/custom_message) by extension 'colcon_meta'
[0.275s] Level 1:colcon.colcon_core.package_identification:_identify(src/custom_message) by extensions ['ros']
[0.275s] Level 1:colcon.colcon_core.package_identification:_identify(src/custom_message) by extension 'ros'
[0.276s] DEBUG:colcon.colcon_core.package_identification:Package 'src/custom_message' with type 'ros.ament_cmake' and name 'custom_message'
[0.276s] Level 1:colcon.colcon_core.package_identification:_identify(src/install) by extensions ['ignore', 'ignore_ament_install']
[0.276s] Level 1:colcon.colcon_core.package_identification:_identify(src/install) by extension 'ignore'
[0.276s] Level 1:colcon.colcon_core.package_identification:_identify(src/install) ignored
[0.276s] Level 1:colcon.colcon_core.package_identification:_identify(src/isaac_ros2_messages) by extensions ['ignore', 'ignore_ament_install']
[0.276s] Level 1:colcon.colcon_core.package_identification:_identify(src/isaac_ros2_messages) by extension 'ignore'
[0.276s] Level 1:colcon.colcon_core.package_identification:_identify(src/isaac_ros2_messages) by extension 'ignore_ament_install'
[0.276s] Level 1:colcon.colcon_core.package_identification:_identify(src/isaac_ros2_messages) by extensions ['colcon_pkg']
[0.276s] Level 1:colcon.colcon_core.package_identification:_identify(src/isaac_ros2_messages) by extension 'colcon_pkg'
[0.276s] Level 1:colcon.colcon_core.package_identification:_identify(src/isaac_ros2_messages) by extensions ['colcon_meta']
[0.276s] Level 1:colcon.colcon_core.package_identification:_identify(src/isaac_ros2_messages) by extension 'colcon_meta'
[0.276s] Level 1:colcon.colcon_core.package_identification:_identify(src/isaac_ros2_messages) by extensions ['ros']
[0.276s] Level 1:colcon.colcon_core.package_identification:_identify(src/isaac_ros2_messages) by extension 'ros'
[0.277s] DEBUG:colcon.colcon_core.package_identification:Package 'src/isaac_ros2_messages' with type 'ros.ament_cmake' and name 'isaac_ros2_messages'
[0.277s] Level 1:colcon.colcon_core.package_identification:_identify(src/isaac_tutorials) by extensions ['ignore', 'ignore_ament_install']
[0.277s] Level 1:colcon.colcon_core.package_identification:_identify(src/isaac_tutorials) by extension 'ignore'
[0.277s] Level 1:colcon.colcon_core.package_identification:_identify(src/isaac_tutorials) by extension 'ignore_ament_install'
[0.277s] Level 1:colcon.colcon_core.package_identification:_identify(src/isaac_tutorials) by extensions ['colcon_pkg']
[0.277s] Level 1:colcon.colcon_core.package_identification:_identify(src/isaac_tutorials) by extension 'colcon_pkg'
[0.277s] Level 1:colcon.colcon_core.package_identification:_identify(src/isaac_tutorials) by extensions ['colcon_meta']
[0.277s] Level 1:colcon.colcon_core.package_identification:_identify(src/isaac_tutorials) by extension 'colcon_meta'
[0.277s] Level 1:colcon.colcon_core.package_identification:_identify(src/isaac_tutorials) by extensions ['ros']
[0.277s] Level 1:colcon.colcon_core.package_identification:_identify(src/isaac_tutorials) by extension 'ros'
[0.278s] DEBUG:colcon.colcon_core.package_identification:Package 'src/isaac_tutorials' with type 'ros.ament_cmake' and name 'isaac_tutorials'
[0.278s] Level 1:colcon.colcon_core.package_identification:_identify(src/isaacsim) by extensions ['ignore', 'ignore_ament_install']
[0.278s] Level 1:colcon.colcon_core.package_identification:_identify(src/isaacsim) by extension 'ignore'
[0.278s] Level 1:colcon.colcon_core.package_identification:_identify(src/isaacsim) by extension 'ignore_ament_install'
[0.278s] Level 1:colcon.colcon_core.package_identification:_identify(src/isaacsim) by extensions ['colcon_pkg']
[0.278s] Level 1:colcon.colcon_core.package_identification:_identify(src/isaacsim) by extension 'colcon_pkg'
[0.278s] Level 1:colcon.colcon_core.package_identification:_identify(src/isaacsim) by extensions ['colcon_meta']
[0.278s] Level 1:colcon.colcon_core.package_identification:_identify(src/isaacsim) by extension 'colcon_meta'
[0.278s] Level 1:colcon.colcon_core.package_identification:_identify(src/isaacsim) by extensions ['ros']
[0.278s] Level 1:colcon.colcon_core.package_identification:_identify(src/isaacsim) by extension 'ros'
[0.278s] DEBUG:colcon.colcon_core.package_identification:Package 'src/isaacsim' with type 'ros.ament_cmake' and name 'isaacsim'
[0.279s] Level 1:colcon.colcon_core.package_identification:_identify(src/jetbot_controller) by extensions ['ignore', 'ignore_ament_install']
[0.279s] Level 1:colcon.colcon_core.package_identification:_identify(src/jetbot_controller) by extension 'ignore'
[0.279s] Level 1:colcon.colcon_core.package_identification:_identify(src/jetbot_controller) by extension 'ignore_ament_install'
[0.279s] Level 1:colcon.colcon_core.package_identification:_identify(src/jetbot_controller) by extensions ['colcon_pkg']
[0.279s] Level 1:colcon.colcon_core.package_identification:_identify(src/jetbot_controller) by extension 'colcon_pkg'
[0.279s] Level 1:colcon.colcon_core.package_identification:_identify(src/jetbot_controller) by extensions ['colcon_meta']
[0.279s] Level 1:colcon.colcon_core.package_identification:_identify(src/jetbot_controller) by extension 'colcon_meta'
[0.279s] Level 1:colcon.colcon_core.package_identification:_identify(src/jetbot_controller) by extensions ['ros']
[0.279s] Level 1:colcon.colcon_core.package_identification:_identify(src/jetbot_controller) by extension 'ros'
[0.279s] DEBUG:colcon.colcon_core.package_identification:Package 'src/jetbot_controller' with type 'ros.ament_python' and name 'jetbot_controller'
[0.280s] Level 1:colcon.colcon_core.package_identification:_identify(src/log) by extensions ['ignore', 'ignore_ament_install']
[0.280s] Level 1:colcon.colcon_core.package_identification:_identify(src/log) by extension 'ignore'
[0.280s] Level 1:colcon.colcon_core.package_identification:_identify(src/log) ignored
[0.280s] Level 1:colcon.colcon_core.package_identification:_identify(src/navigation) by extensions ['ignore', 'ignore_ament_install']
[0.280s] Level 1:colcon.colcon_core.package_identification:_identify(src/navigation) by extension 'ignore'
[0.280s] Level 1:colcon.colcon_core.package_identification:_identify(src/navigation) by extension 'ignore_ament_install'
[0.280s] Level 1:colcon.colcon_core.package_identification:_identify(src/navigation) by extensions ['colcon_pkg']
[0.280s] Level 1:colcon.colcon_core.package_identification:_identify(src/navigation) by extension 'colcon_pkg'
[0.280s] Level 1:colcon.colcon_core.package_identification:_identify(src/navigation) by extensions ['colcon_meta']
[0.280s] Level 1:colcon.colcon_core.package_identification:_identify(src/navigation) by extension 'colcon_meta'
[0.280s] Level 1:colcon.colcon_core.package_identification:_identify(src/navigation) by extensions ['ros']
[0.280s] Level 1:colcon.colcon_core.package_identification:_identify(src/navigation) by extension 'ros'
[0.280s] Level 1:colcon.colcon_core.package_identification:_identify(src/navigation) by extensions ['cmake', 'python']
[0.280s] Level 1:colcon.colcon_core.package_identification:_identify(src/navigation) by extension 'cmake'
[0.280s] Level 1:colcon.colcon_core.package_identification:_identify(src/navigation) by extension 'python'
[0.280s] Level 1:colcon.colcon_core.package_identification:_identify(src/navigation) by extensions ['python_setup_py']
[0.280s] Level 1:colcon.colcon_core.package_identification:_identify(src/navigation) by extension 'python_setup_py'
[0.280s] Level 1:colcon.colcon_core.package_identification:_identify(src/navigation/carter_navigation) by extensions ['ignore', 'ignore_ament_install']
[0.280s] Level 1:colcon.colcon_core.package_identification:_identify(src/navigation/carter_navigation) by extension 'ignore'
[0.280s] Level 1:colcon.colcon_core.package_identification:_identify(src/navigation/carter_navigation) by extension 'ignore_ament_install'
[0.280s] Level 1:colcon.colcon_core.package_identification:_identify(src/navigation/carter_navigation) by extensions ['colcon_pkg']
[0.280s] Level 1:colcon.colcon_core.package_identification:_identify(src/navigation/carter_navigation) by extension 'colcon_pkg'
[0.280s] Level 1:colcon.colcon_core.package_identification:_identify(src/navigation/carter_navigation) by extensions ['colcon_meta']
[0.281s] Level 1:colcon.colcon_core.package_identification:_identify(src/navigation/carter_navigation) by extension 'colcon_meta'
[0.281s] Level 1:colcon.colcon_core.package_identification:_identify(src/navigation/carter_navigation) by extensions ['ros']
[0.281s] Level 1:colcon.colcon_core.package_identification:_identify(src/navigation/carter_navigation) by extension 'ros'
[0.281s] DEBUG:colcon.colcon_core.package_identification:Package 'src/navigation/carter_navigation' with type 'ros.ament_cmake' and name 'carter_navigation'
[0.281s] Level 1:colcon.colcon_core.package_identification:_identify(src/navigation/isaac_ros_navigation_goal) by extensions ['ignore', 'ignore_ament_install']
[0.281s] Level 1:colcon.colcon_core.package_identification:_identify(src/navigation/isaac_ros_navigation_goal) by extension 'ignore'
[0.282s] Level 1:colcon.colcon_core.package_identification:_identify(src/navigation/isaac_ros_navigation_goal) by extension 'ignore_ament_install'
[0.282s] Level 1:colcon.colcon_core.package_identification:_identify(src/navigation/isaac_ros_navigation_goal) by extensions ['colcon_pkg']
[0.282s] Level 1:colcon.colcon_core.package_identification:_identify(src/navigation/isaac_ros_navigation_goal) by extension 'colcon_pkg'
[0.282s] Level 1:colcon.colcon_core.package_identification:_identify(src/navigation/isaac_ros_navigation_goal) by extensions ['colcon_meta']
[0.282s] Level 1:colcon.colcon_core.package_identification:_identify(src/navigation/isaac_ros_navigation_goal) by extension 'colcon_meta'
[0.282s] Level 1:colcon.colcon_core.package_identification:_identify(src/navigation/isaac_ros_navigation_goal) by extensions ['ros']
[0.282s] Level 1:colcon.colcon_core.package_identification:_identify(src/navigation/isaac_ros_navigation_goal) by extension 'ros'
[0.282s] DEBUG:colcon.colcon_core.package_identification:Package 'src/navigation/isaac_ros_navigation_goal' with type 'ros.ament_python' and name 'isaac_ros_navigation_goal'
[0.282s] Level 1:colcon.colcon_core.package_discovery:discover_packages(recursive) using defaults
[0.282s] Level 1:colcon.colcon_core.package_discovery:discover_packages(ignore) discover
[0.282s] Level 1:colcon.colcon_core.package_discovery:discover_packages(ignore) using defaults
[0.282s] Level 1:colcon.colcon_core.package_discovery:discover_packages(path) discover
[0.282s] Level 1:colcon.colcon_core.package_discovery:discover_packages(path) using defaults
[0.313s] Level 1:colcon.colcon_core.package_discovery:discover_packages(prefix_path) check parameters
[0.314s] Level 1:colcon.colcon_core.package_discovery:discover_packages(prefix_path) discover
[0.315s] DEBUG:colcon.colcon_installed_package_information.package_discovery:Found 13 installed packages in /home/robotdeveloper02/IsaacSim-ros_workspaces-main/humble_ws/install
[0.317s] DEBUG:colcon.colcon_installed_package_information.package_discovery:Found 381 installed packages in /opt/ros/humble
[0.318s] Level 1:colcon.colcon_core.package_discovery:discover_packages(prefix_path) using defaults
[0.361s] Level 5:colcon.colcon_core.verb:set package 'Jettbot_position' build argument 'cmake_args' from command line to 'None'
[0.361s] Level 5:colcon.colcon_core.verb:set package 'Jettbot_position' build argument 'cmake_target' from command line to 'None'
[0.361s] Level 5:colcon.colcon_core.verb:set package 'Jettbot_position' build argument 'cmake_target_skip_unavailable' from command line to 'False'
[0.361s] Level 5:colcon.colcon_core.verb:set package 'Jettbot_position' build argument 'cmake_clean_cache' from command line to 'False'
[0.361s] Level 5:colcon.colcon_core.verb:set package 'Jettbot_position' build argument 'cmake_clean_first' from command line to 'False'
[0.361s] Level 5:colcon.colcon_core.verb:set package 'Jettbot_position' build argument 'cmake_force_configure' from command line to 'False'
[0.361s] Level 5:colcon.colcon_core.verb:set package 'Jettbot_position' build argument 'ament_cmake_args' from command line to 'None'
[0.361s] Level 5:colcon.colcon_core.verb:set package 'Jettbot_position' build argument 'catkin_cmake_args' from command line to 'None'
[0.361s] Level 5:colcon.colcon_core.verb:set package 'Jettbot_position' build argument 'catkin_skip_building_tests' from command line to 'False'
[0.361s] DEBUG:colcon.colcon_core.verb:Building package 'Jettbot_position' with the following arguments: {'ament_cmake_args': None, 'build_base': '/home/robotdeveloper02/IsaacSim-ros_workspaces-main/humble_ws/build/Jettbot_position', 'catkin_cmake_args': None, 'catkin_skip_building_tests': False, 'cmake_args': None, 'cmake_clean_cache': False, 'cmake_clean_first': False, 'cmake_force_configure': False, 'cmake_target': None, 'cmake_target_skip_unavailable': False, 'install_base': '/home/robotdeveloper02/IsaacSim-ros_workspaces-main/humble_ws/install/Jettbot_position', 'merge_install': False, 'path': '/home/robotdeveloper02/IsaacSim-ros_workspaces-main/humble_ws/src/Jettbot_position', 'symlink_install': False, 'test_result_base': None}
[0.361s] Level 5:colcon.colcon_core.verb:set package 'carter_navigation' build argument 'cmake_args' from command line to 'None'
[0.361s] Level 5:colcon.colcon_core.verb:set package 'carter_navigation' build argument 'cmake_target' from command line to 'None'
[0.361s] Level 5:colcon.colcon_core.verb:set package 'carter_navigation' build argument 'cmake_target_skip_unavailable' from command line to 'False'
[0.361s] Level 5:colcon.colcon_core.verb:set package 'carter_navigation' build argument 'cmake_clean_cache' from command line to 'False'
[0.361s] Level 5:colcon.colcon_core.verb:set package 'carter_navigation' build argument 'cmake_clean_first' from command line to 'False'
[0.361s] Level 5:colcon.colcon_core.verb:set package 'carter_navigation' build argument 'cmake_force_configure' from command line to 'False'
[0.361s] Level 5:colcon.colcon_core.verb:set package 'carter_navigation' build argument 'ament_cmake_args' from command line to 'None'
[0.361s] Level 5:colcon.colcon_core.verb:set package 'carter_navigation' build argument 'catkin_cmake_args' from command line to 'None'
[0.361s] Level 5:colcon.colcon_core.verb:set package 'carter_navigation' build argument 'catkin_skip_building_tests' from command line to 'False'
[0.361s] DEBUG:colcon.colcon_core.verb:Building package 'carter_navigation' with the following arguments: {'ament_cmake_args': None, 'build_base': '/home/robotdeveloper02/IsaacSim-ros_workspaces-main/humble_ws/build/carter_navigation', 'catkin_cmake_args': None, 'catkin_skip_building_tests': False, 'cmake_args': None, 'cmake_clean_cache': False, 'cmake_clean_first': False, 'cmake_force_configure': False, 'cmake_target': None, 'cmake_target_skip_unavailable': False, 'install_base': '/home/robotdeveloper02/IsaacSim-ros_workspaces-main/humble_ws/install/carter_navigation', 'merge_install': False, 'path': '/home/robotdeveloper02/IsaacSim-ros_workspaces-main/humble_ws/src/navigation/carter_navigation', 'symlink_install': False, 'test_result_base': None}
[0.362s] Level 5:colcon.colcon_core.verb:set package 'cube_controller' build argument 'cmake_args' from command line to 'None'
[0.362s] Level 5:colcon.colcon_core.verb:set package 'cube_controller' build argument 'cmake_target' from command line to 'None'
[0.362s] Level 5:colcon.colcon_core.verb:set package 'cube_controller' build argument 'cmake_target_skip_unavailable' from command line to 'False'
[0.362s] Level 5:colcon.colcon_core.verb:set package 'cube_controller' build argument 'cmake_clean_cache' from command line to 'False'
[0.362s] Level 5:colcon.colcon_core.verb:set package 'cube_controller' build argument 'cmake_clean_first' from command line to 'False'
[0.362s] Level 5:colcon.colcon_core.verb:set package 'cube_controller' build argument 'cmake_force_configure' from command line to 'False'
[0.362s] Level 5:colcon.colcon_core.verb:set package 'cube_controller' build argument 'ament_cmake_args' from command line to 'None'
[0.362s] Level 5:colcon.colcon_core.verb:set package 'cube_controller' build argument 'catkin_cmake_args' from command line to 'None'
[0.362s] Level 5:colcon.colcon_core.verb:set package 'cube_controller' build argument 'catkin_skip_building_tests' from command line to 'False'
[0.362s] DEBUG:colcon.colcon_core.verb:Building package 'cube_controller' with the following arguments: {'ament_cmake_args': None, 'build_base': '/home/robotdeveloper02/IsaacSim-ros_workspaces-main/humble_ws/build/cube_controller', 'catkin_cmake_args': None, 'catkin_skip_building_tests': False, 'cmake_args': None, 'cmake_clean_cache': False, 'cmake_clean_first': False, 'cmake_force_configure': False, 'cmake_target': None, 'cmake_target_skip_unavailable': False, 'install_base': '/home/robotdeveloper02/IsaacSim-ros_workspaces-main/humble_ws/install/cube_controller', 'merge_install': False, 'path': '/home/robotdeveloper02/IsaacSim-ros_workspaces-main/humble_ws/src/cube_controller', 'symlink_install': False, 'test_result_base': None}
[0.362s] Level 5:colcon.colcon_core.verb:set package 'custom_message' build argument 'cmake_args' from command line to 'None'
[0.362s] Level 5:colcon.colcon_core.verb:set package 'custom_message' build argument 'cmake_target' from command line to 'None'
[0.362s] Level 5:colcon.colcon_core.verb:set package 'custom_message' build argument 'cmake_target_skip_unavailable' from command line to 'False'
[0.362s] Level 5:colcon.colcon_core.verb:set package 'custom_message' build argument 'cmake_clean_cache' from command line to 'False'
[0.362s] Level 5:colcon.colcon_core.verb:set package 'custom_message' build argument 'cmake_clean_first' from command line to 'False'
[0.362s] Level 5:colcon.colcon_core.verb:set package 'custom_message' build argument 'cmake_force_configure' from command line to 'False'
[0.362s] Level 5:colcon.colcon_core.verb:set package 'custom_message' build argument 'ament_cmake_args' from command line to 'None'
[0.362s] Level 5:colcon.colcon_core.verb:set package 'custom_message' build argument 'catkin_cmake_args' from command line to 'None'
[0.362s] Level 5:colcon.colcon_core.verb:set package 'custom_message' build argument 'catkin_skip_building_tests' from command line to 'False'
[0.362s] DEBUG:colcon.colcon_core.verb:Building package 'custom_message' with the following arguments: {'ament_cmake_args': None, 'build_base': '/home/robotdeveloper02/IsaacSim-ros_workspaces-main/humble_ws/build/custom_message', 'catkin_cmake_args': None, 'catkin_skip_building_tests': False, 'cmake_args': None, 'cmake_clean_cache': False, 'cmake_clean_first': False, 'cmake_force_configure': False, 'cmake_target': None, 'cmake_target_skip_unavailable': False, 'install_base': '/home/robotdeveloper02/IsaacSim-ros_workspaces-main/humble_ws/install/custom_message', 'merge_install': False, 'path': '/home/robotdeveloper02/IsaacSim-ros_workspaces-main/humble_ws/src/custom_message', 'symlink_install': False, 'test_result_base': None}
[0.363s] Level 5:colcon.colcon_core.verb:set package 'isaac_ros2_messages' build argument 'cmake_args' from command line to 'None'
[0.363s] Level 5:colcon.colcon_core.verb:set package 'isaac_ros2_messages' build argument 'cmake_target' from command line to 'None'
[0.363s] Level 5:colcon.colcon_core.verb:set package 'isaac_ros2_messages' build argument 'cmake_target_skip_unavailable' from command line to 'False'
[0.363s] Level 5:colcon.colcon_core.verb:set package 'isaac_ros2_messages' build argument 'cmake_clean_cache' from command line to 'False'
[0.363s] Level 5:colcon.colcon_core.verb:set package 'isaac_ros2_messages' build argument 'cmake_clean_first' from command line to 'False'
[0.363s] Level 5:colcon.colcon_core.verb:set package 'isaac_ros2_messages' build argument 'cmake_force_configure' from command line to 'False'
[0.363s] Level 5:colcon.colcon_core.verb:set package 'isaac_ros2_messages' build argument 'ament_cmake_args' from command line to 'None'
[0.363s] Level 5:colcon.colcon_core.verb:set package 'isaac_ros2_messages' build argument 'catkin_cmake_args' from command line to 'None'
[0.363s] Level 5:colcon.colcon_core.verb:set package 'isaac_ros2_messages' build argument 'catkin_skip_building_tests' from command line to 'False'
[0.363s] DEBUG:colcon.colcon_core.verb:Building package 'isaac_ros2_messages' with the following arguments: {'ament_cmake_args': None, 'build_base': '/home/robotdeveloper02/IsaacSim-ros_workspaces-main/humble_ws/build/isaac_ros2_messages', 'catkin_cmake_args': None, 'catkin_skip_building_tests': False, 'cmake_args': None, 'cmake_clean_cache': False, 'cmake_clean_first': False, 'cmake_force_configure': False, 'cmake_target': None, 'cmake_target_skip_unavailable': False, 'install_base': '/home/robotdeveloper02/IsaacSim-ros_workspaces-main/humble_ws/install/isaac_ros2_messages', 'merge_install': False, 'path': '/home/robotdeveloper02/IsaacSim-ros_workspaces-main/humble_ws/src/isaac_ros2_messages', 'symlink_install': False, 'test_result_base': None}
[0.363s] Level 5:colcon.colcon_core.verb:set package 'isaac_ros_navigation_goal' build argument 'cmake_args' from command line to 'None'
[0.363s] Level 5:colcon.colcon_core.verb:set package 'isaac_ros_navigation_goal' build argument 'cmake_target' from command line to 'None'
[0.363s] Level 5:colcon.colcon_core.verb:set package 'isaac_ros_navigation_goal' build argument 'cmake_target_skip_unavailable' from command line to 'False'
[0.363s] Level 5:colcon.colcon_core.verb:set package 'isaac_ros_navigation_goal' build argument 'cmake_clean_cache' from command line to 'False'
[0.363s] Level 5:colcon.colcon_core.verb:set package 'isaac_ros_navigation_goal' build argument 'cmake_clean_first' from command line to 'False'
[0.363s] Level 5:colcon.colcon_core.verb:set package 'isaac_ros_navigation_goal' build argument 'cmake_force_configure' from command line to 'False'
[0.363s] Level 5:colcon.colcon_core.verb:set package 'isaac_ros_navigation_goal' build argument 'ament_cmake_args' from command line to 'None'
[0.363s] Level 5:colcon.colcon_core.verb:set package 'isaac_ros_navigation_goal' build argument 'catkin_cmake_args' from command line to 'None'
[0.363s] Level 5:colcon.colcon_core.verb:set package 'isaac_ros_navigation_goal' build argument 'catkin_skip_building_tests' from command line to 'False'
[0.364s] DEBUG:colcon.colcon_core.verb:Building package 'isaac_ros_navigation_goal' with the following arguments: {'ament_cmake_args': None, 'build_base': '/home/robotdeveloper02/IsaacSim-ros_workspaces-main/humble_ws/build/isaac_ros_navigation_goal', 'catkin_cmake_args': None, 'catkin_skip_building_tests': False, 'cmake_args': None, 'cmake_clean_cache': False, 'cmake_clean_first': False, 'cmake_force_configure': False, 'cmake_target': None, 'cmake_target_skip_unavailable': False, 'install_base': '/home/robotdeveloper02/IsaacSim-ros_workspaces-main/humble_ws/install/isaac_ros_navigation_goal', 'merge_install': False, 'path': '/home/robotdeveloper02/IsaacSim-ros_workspaces-main/humble_ws/src/navigation/isaac_ros_navigation_goal', 'symlink_install': False, 'test_result_base': None}
[0.364s] Level 5:colcon.colcon_core.verb:set package 'isaac_tutorials' build argument 'cmake_args' from command line to 'None'
[0.364s] Level 5:colcon.colcon_core.verb:set package 'isaac_tutorials' build argument 'cmake_target' from command line to 'None'
[0.364s] Level 5:colcon.colcon_core.verb:set package 'isaac_tutorials' build argument 'cmake_target_skip_unavailable' from command line to 'False'
[0.364s] Level 5:colcon.colcon_core.verb:set package 'isaac_tutorials' build argument 'cmake_clean_cache' from command line to 'False'
[0.364s] Level 5:colcon.colcon_core.verb:set package 'isaac_tutorials' build argument 'cmake_clean_first' from command line to 'False'
[0.364s] Level 5:colcon.colcon_core.verb:set package 'isaac_tutorials' build argument 'cmake_force_configure' from command line to 'False'
[0.364s] Level 5:colcon.colcon_core.verb:set package 'isaac_tutorials' build argument 'ament_cmake_args' from command line to 'None'
[0.364s] Level 5:colcon.colcon_core.verb:set package 'isaac_tutorials' build argument 'catkin_cmake_args' from command line to 'None'
[0.364s] Level 5:colcon.colcon_core.verb:set package 'isaac_tutorials' build argument 'catkin_skip_building_tests' from command line to 'False'
[0.364s] DEBUG:colcon.colcon_core.verb:Building package 'isaac_tutorials' with the following arguments: {'ament_cmake_args': None, 'build_base': '/home/robotdeveloper02/IsaacSim-ros_workspaces-main/humble_ws/build/isaac_tutorials', 'catkin_cmake_args': None, 'catkin_skip_building_tests': False, 'cmake_args': None, 'cmake_clean_cache': False, 'cmake_clean_first': False, 'cmake_force_configure': False, 'cmake_target': None, 'cmake_target_skip_unavailable': False, 'install_base': '/home/robotdeveloper02/IsaacSim-ros_workspaces-main/humble_ws/install/isaac_tutorials', 'merge_install': False, 'path': '/home/robotdeveloper02/IsaacSim-ros_workspaces-main/humble_ws/src/isaac_tutorials', 'symlink_install': False, 'test_result_base': None}
[0.364s] Level 5:colcon.colcon_core.verb:set package 'isaacsim' build argument 'cmake_args' from command line to 'None'
[0.364s] Level 5:colcon.colcon_core.verb:set package 'isaacsim' build argument 'cmake_target' from command line to 'None'
[0.364s] Level 5:colcon.colcon_core.verb:set package 'isaacsim' build argument 'cmake_target_skip_unavailable' from command line to 'False'
[0.364s] Level 5:colcon.colcon_core.verb:set package 'isaacsim' build argument 'cmake_clean_cache' from command line to 'False'
[0.364s] Level 5:colcon.colcon_core.verb:set package 'isaacsim' build argument 'cmake_clean_first' from command line to 'False'
[0.364s] Level 5:colcon.colcon_core.verb:set package 'isaacsim' build argument 'cmake_force_configure' from command line to 'False'
[0.364s] Level 5:colcon.colcon_core.verb:set package 'isaacsim' build argument 'ament_cmake_args' from command line to 'None'
[0.364s] Level 5:colcon.colcon_core.verb:set package 'isaacsim' build argument 'catkin_cmake_args' from command line to 'None'
[0.364s] Level 5:colcon.colcon_core.verb:set package 'isaacsim' build argument 'catkin_skip_building_tests' from command line to 'False'
[0.364s] DEBUG:colcon.colcon_core.verb:Building package 'isaacsim' with the following arguments: {'ament_cmake_args': None, 'build_base': '/home/robotdeveloper02/IsaacSim-ros_workspaces-main/humble_ws/build/isaacsim', 'catkin_cmake_args': None, 'catkin_skip_building_tests': False, 'cmake_args': None, 'cmake_clean_cache': False, 'cmake_clean_first': False, 'cmake_force_configure': False, 'cmake_target': None, 'cmake_target_skip_unavailable': False, 'install_base': '/home/robotdeveloper02/IsaacSim-ros_workspaces-main/humble_ws/install/isaacsim', 'merge_install': False, 'path': '/home/robotdeveloper02/IsaacSim-ros_workspaces-main/humble_ws/src/isaacsim', 'symlink_install': False, 'test_result_base': None}
[0.365s] Level 5:colcon.colcon_core.verb:set package 'jetbot_controller' build argument 'cmake_args' from command line to 'None'
[0.365s] Level 5:colcon.colcon_core.verb:set package 'jetbot_controller' build argument 'cmake_target' from command line to 'None'
[0.365s] Level 5:colcon.colcon_core.verb:set package 'jetbot_controller' build argument 'cmake_target_skip_unavailable' from command line to 'False'
[0.365s] Level 5:colcon.colcon_core.verb:set package 'jetbot_controller' build argument 'cmake_clean_cache' from command line to 'False'
[0.365s] Level 5:colcon.colcon_core.verb:set package 'jetbot_controller' build argument 'cmake_clean_first' from command line to 'False'
[0.365s] Level 5:colcon.colcon_core.verb:set package 'jetbot_controller' build argument 'cmake_force_configure' from command line to 'False'
[0.365s] Level 5:colcon.colcon_core.verb:set package 'jetbot_controller' build argument 'ament_cmake_args' from command line to 'None'
[0.365s] Level 5:colcon.colcon_core.verb:set package 'jetbot_controller' build argument 'catkin_cmake_args' from command line to 'None'
[0.365s] Level 5:colcon.colcon_core.verb:set package 'jetbot_controller' build argument 'catkin_skip_building_tests' from command line to 'False'
[0.365s] DEBUG:colcon.colcon_core.verb:Building package 'jetbot_controller' with the following arguments: {'ament_cmake_args': None, 'build_base': '/home/robotdeveloper02/IsaacSim-ros_workspaces-main/humble_ws/build/jetbot_controller', 'catkin_cmake_args': None, 'catkin_skip_building_tests': False, 'cmake_args': None, 'cmake_clean_cache': False, 'cmake_clean_first': False, 'cmake_force_configure': False, 'cmake_target': None, 'cmake_target_skip_unavailable': False, 'install_base': '/home/robotdeveloper02/IsaacSim-ros_workspaces-main/humble_ws/install/jetbot_controller', 'merge_install': False, 'path': '/home/robotdeveloper02/IsaacSim-ros_workspaces-main/humble_ws/src/jetbot_controller', 'symlink_install': False, 'test_result_base': None}
[0.365s] Level 5:colcon.colcon_core.verb:set package 'my_ros2_package' build argument 'cmake_args' from command line to 'None'
[0.365s] Level 5:colcon.colcon_core.verb:set package 'my_ros2_package' build argument 'cmake_target' from command line to 'None'
[0.365s] Level 5:colcon.colcon_core.verb:set package 'my_ros2_package' build argument 'cmake_target_skip_unavailable' from command line to 'False'
[0.365s] Level 5:colcon.colcon_core.verb:set package 'my_ros2_package' build argument 'cmake_clean_cache' from command line to 'False'
[0.365s] Level 5:colcon.colcon_core.verb:set package 'my_ros2_package' build argument 'cmake_clean_first' from command line to 'False'
[0.365s] Level 5:colcon.colcon_core.verb:set package 'my_ros2_package' build argument 'cmake_force_configure' from command line to 'False'
[0.365s] Level 5:colcon.colcon_core.verb:set package 'my_ros2_package' build argument 'ament_cmake_args' from command line to 'None'
[0.365s] Level 5:colcon.colcon_core.verb:set package 'my_ros2_package' build argument 'catkin_cmake_args' from command line to 'None'
[0.365s] Level 5:colcon.colcon_core.verb:set package 'my_ros2_package' build argument 'catkin_skip_building_tests' from command line to 'False'
[0.365s] DEBUG:colcon.colcon_core.verb:Building package 'my_ros2_package' with the following arguments: {'ament_cmake_args': None, 'build_base': '/home/robotdeveloper02/IsaacSim-ros_workspaces-main/humble_ws/build/my_ros2_package', 'catkin_cmake_args': None, 'catkin_skip_building_tests': False, 'cmake_args': None, 'cmake_clean_cache': False, 'cmake_clean_first': False, 'cmake_force_configure': False, 'cmake_target': None, 'cmake_target_skip_unavailable': False, 'install_base': '/home/robotdeveloper02/IsaacSim-ros_workspaces-main/humble_ws/install/my_ros2_package', 'merge_install': False, 'path': '/home/robotdeveloper02/IsaacSim-ros_workspaces-main/humble_ws/src/calc_py', 'symlink_install': False, 'test_result_base': None}
[0.366s] Level 5:colcon.colcon_core.verb:set package 'IMU_otamesi' build argument 'cmake_args' from command line to 'None'
[0.366s] Level 5:colcon.colcon_core.verb:set package 'IMU_otamesi' build argument 'cmake_target' from command line to 'None'
[0.366s] Level 5:colcon.colcon_core.verb:set package 'IMU_otamesi' build argument 'cmake_target_skip_unavailable' from command line to 'False'
[0.366s] Level 5:colcon.colcon_core.verb:set package 'IMU_otamesi' build argument 'cmake_clean_cache' from command line to 'False'
[0.366s] Level 5:colcon.colcon_core.verb:set package 'IMU_otamesi' build argument 'cmake_clean_first' from command line to 'False'
[0.366s] Level 5:colcon.colcon_core.verb:set package 'IMU_otamesi' build argument 'cmake_force_configure' from command line to 'False'
[0.366s] Level 5:colcon.colcon_core.verb:set package 'IMU_otamesi' build argument 'ament_cmake_args' from command line to 'None'
[0.366s] Level 5:colcon.colcon_core.verb:set package 'IMU_otamesi' build argument 'catkin_cmake_args' from command line to 'None'
[0.366s] Level 5:colcon.colcon_core.verb:set package 'IMU_otamesi' build argument 'catkin_skip_building_tests' from command line to 'False'
[0.366s] DEBUG:colcon.colcon_core.verb:Building package 'IMU_otamesi' with the following arguments: {'ament_cmake_args': None, 'build_base': '/home/robotdeveloper02/IsaacSim-ros_workspaces-main/humble_ws/build/IMU_otamesi', 'catkin_cmake_args': None, 'catkin_skip_building_tests': False, 'cmake_args': None, 'cmake_clean_cache': False, 'cmake_clean_first': False, 'cmake_force_configure': False, 'cmake_target': None, 'cmake_target_skip_unavailable': False, 'install_base': '/home/robotdeveloper02/IsaacSim-ros_workspaces-main/humble_ws/install/IMU_otamesi', 'merge_install': False, 'path': '/home/robotdeveloper02/IsaacSim-ros_workspaces-main/humble_ws/src/IMU_otamesi', 'symlink_install': False, 'test_result_base': None}
[0.366s] Level 5:colcon.colcon_core.verb:set package 'my_cpp_pose_subscriber' build argument 'cmake_args' from command line to 'None'
[0.366s] Level 5:colcon.colcon_core.verb:set package 'my_cpp_pose_subscriber' build argument 'cmake_target' from command line to 'None'
[0.366s] Level 5:colcon.colcon_core.verb:set package 'my_cpp_pose_subscriber' build argument 'cmake_target_skip_unavailable' from command line to 'False'
[0.366s] Level 5:colcon.colcon_core.verb:set package 'my_cpp_pose_subscriber' build argument 'cmake_clean_cache' from command line to 'False'
[0.366s] Level 5:colcon.colcon_core.verb:set package 'my_cpp_pose_subscriber' build argument 'cmake_clean_first' from command line to 'False'
[0.366s] Level 5:colcon.colcon_core.verb:set package 'my_cpp_pose_subscriber' build argument 'cmake_force_configure' from command line to 'False'
[0.366s] Level 5:colcon.colcon_core.verb:set package 'my_cpp_pose_subscriber' build argument 'ament_cmake_args' from command line to 'None'
[0.366s] Level 5:colcon.colcon_core.verb:set package 'my_cpp_pose_subscriber' build argument 'catkin_cmake_args' from command line to 'None'
[0.366s] Level 5:colcon.colcon_core.verb:set package 'my_cpp_pose_subscriber' build argument 'catkin_skip_building_tests' from command line to 'False'
[0.366s] DEBUG:colcon.colcon_core.verb:Building package 'my_cpp_pose_subscriber' with the following arguments: {'ament_cmake_args': None, 'build_base': '/home/robotdeveloper02/IsaacSim-ros_workspaces-main/humble_ws/build/my_cpp_pose_subscriber', 'catkin_cmake_args': None, 'catkin_skip_building_tests': False, 'cmake_args': None, 'cmake_clean_cache': False, 'cmake_clean_first': False, 'cmake_force_configure': False, 'cmake_target': None, 'cmake_target_skip_unavailable': False, 'install_base': '/home/robotdeveloper02/IsaacSim-ros_workspaces-main/humble_ws/install/my_cpp_pose_subscriber', 'merge_install': False, 'path': '/home/robotdeveloper02/IsaacSim-ros_workspaces-main/humble_ws/src/calc_cpp', 'symlink_install': False, 'test_result_base': None}
[0.366s] INFO:colcon.colcon_core.executor:Executing jobs using 'parallel' executor
[0.367s] DEBUG:colcon.colcon_parallel_executor.executor.parallel:run_until_complete
[0.368s] INFO:colcon.colcon_ros.task.ament_cmake.build:Building ROS package in '/home/robotdeveloper02/IsaacSim-ros_workspaces-main/humble_ws/src/custom_message' with build type 'ament_cmake'
[0.368s] INFO:colcon.colcon_cmake.task.cmake.build:Building CMake package in '/home/robotdeveloper02/IsaacSim-ros_workspaces-main/humble_ws/src/custom_message'
[0.369s] INFO:colcon.colcon_core.plugin_system:Skipping extension 'colcon_core.shell.bat': Not used on non-Windows systems
[0.370s] INFO:colcon.colcon_core.shell:Skip shell extension 'powershell' for command environment: Not usable outside of PowerShell
[0.370s] DEBUG:colcon.colcon_core.shell:Skip shell extension 'dsv' for command environment
[0.373s] INFO:colcon.colcon_ros.task.ament_python.build:Building ROS package in '/home/robotdeveloper02/IsaacSim-ros_workspaces-main/humble_ws/src/Jettbot_position' with build type 'ament_python'
[0.373s] Level 1:colcon.colcon_core.shell:create_environment_hook('Jettbot_position', 'ament_prefix_path')
[0.373s] INFO:colcon.colcon_core.shell:Creating environment hook '/home/robotdeveloper02/IsaacSim-ros_workspaces-main/humble_ws/install/Jettbot_position/share/Jettbot_position/hook/ament_prefix_path.ps1'
[0.374s] INFO:colcon.colcon_core.shell:Creating environment descriptor '/home/robotdeveloper02/IsaacSim-ros_workspaces-main/humble_ws/install/Jettbot_position/share/Jettbot_position/hook/ament_prefix_path.dsv'
[0.374s] INFO:colcon.colcon_core.shell:Creating environment hook '/home/robotdeveloper02/IsaacSim-ros_workspaces-main/humble_ws/install/Jettbot_position/share/Jettbot_position/hook/ament_prefix_path.sh'
[0.374s] INFO:colcon.colcon_core.shell:Skip shell extension 'powershell' for command environment: Not usable outside of PowerShell
[0.375s] DEBUG:colcon.colcon_core.shell:Skip shell extension 'dsv' for command environment
[0.377s] INFO:colcon.colcon_ros.task.ament_cmake.build:Building ROS package in '/home/robotdeveloper02/IsaacSim-ros_workspaces-main/humble_ws/src/navigation/carter_navigation' with build type 'ament_cmake'
[0.377s] INFO:colcon.colcon_cmake.task.cmake.build:Building CMake package in '/home/robotdeveloper02/IsaacSim-ros_workspaces-main/humble_ws/src/navigation/carter_navigation'
[0.378s] INFO:colcon.colcon_core.shell:Skip shell extension 'powershell' for command environment: Not usable outside of PowerShell
[0.378s] DEBUG:colcon.colcon_core.shell:Skip shell extension 'dsv' for command environment
[0.381s] INFO:colcon.colcon_ros.task.ament_python.build:Building ROS package in '/home/robotdeveloper02/IsaacSim-ros_workspaces-main/humble_ws/src/cube_controller' with build type 'ament_python'
[0.381s] Level 1:colcon.colcon_core.shell:create_environment_hook('cube_controller', 'ament_prefix_path')
[0.382s] INFO:colcon.colcon_core.shell:Creating environment hook '/home/robotdeveloper02/IsaacSim-ros_workspaces-main/humble_ws/install/cube_controller/share/cube_controller/hook/ament_prefix_path.ps1'
[0.382s] INFO:colcon.colcon_core.shell:Creating environment descriptor '/home/robotdeveloper02/IsaacSim-ros_workspaces-main/humble_ws/install/cube_controller/share/cube_controller/hook/ament_prefix_path.dsv'
[0.383s] INFO:colcon.colcon_core.shell:Creating environment hook '/home/robotdeveloper02/IsaacSim-ros_workspaces-main/humble_ws/install/cube_controller/share/cube_controller/hook/ament_prefix_path.sh'
[0.383s] INFO:colcon.colcon_core.shell:Skip shell extension 'powershell' for command environment: Not usable outside of PowerShell
[0.383s] DEBUG:colcon.colcon_core.shell:Skip shell extension 'dsv' for command environment
[0.387s] INFO:colcon.colcon_ros.task.ament_cmake.build:Building ROS package in '/home/robotdeveloper02/IsaacSim-ros_workspaces-main/humble_ws/src/isaac_ros2_messages' with build type 'ament_cmake'
[0.388s] INFO:colcon.colcon_cmake.task.cmake.build:Building CMake package in '/home/robotdeveloper02/IsaacSim-ros_workspaces-main/humble_ws/src/isaac_ros2_messages'
[0.388s] INFO:colcon.colcon_core.shell:Skip shell extension 'powershell' for command environment: Not usable outside of PowerShell
[0.388s] DEBUG:colcon.colcon_core.shell:Skip shell extension 'dsv' for command environment
[0.393s] INFO:colcon.colcon_ros.task.ament_python.build:Building ROS package in '/home/robotdeveloper02/IsaacSim-ros_workspaces-main/humble_ws/src/navigation/isaac_ros_navigation_goal' with build type 'ament_python'
[0.393s] Level 1:colcon.colcon_core.shell:create_environment_hook('isaac_ros_navigation_goal', 'ament_prefix_path')
[0.393s] INFO:colcon.colcon_core.shell:Creating environment hook '/home/robotdeveloper02/IsaacSim-ros_workspaces-main/humble_ws/install/isaac_ros_navigation_goal/share/isaac_ros_navigation_goal/hook/ament_prefix_path.ps1'
[0.394s] INFO:colcon.colcon_core.shell:Creating environment descriptor '/home/robotdeveloper02/IsaacSim-ros_workspaces-main/humble_ws/install/isaac_ros_navigation_goal/share/isaac_ros_navigation_goal/hook/ament_prefix_path.dsv'
[0.394s] INFO:colcon.colcon_core.shell:Creating environment hook '/home/robotdeveloper02/IsaacSim-ros_workspaces-main/humble_ws/install/isaac_ros_navigation_goal/share/isaac_ros_navigation_goal/hook/ament_prefix_path.sh'
[0.395s] INFO:colcon.colcon_core.shell:Skip shell extension 'powershell' for command environment: Not usable outside of PowerShell
[0.395s] DEBUG:colcon.colcon_core.shell:Skip shell extension 'dsv' for command environment
[0.398s] INFO:colcon.colcon_ros.task.ament_cmake.build:Building ROS package in '/home/robotdeveloper02/IsaacSim-ros_workspaces-main/humble_ws/src/isaac_tutorials' with build type 'ament_cmake'
[0.398s] INFO:colcon.colcon_cmake.task.cmake.build:Building CMake package in '/home/robotdeveloper02/IsaacSim-ros_workspaces-main/humble_ws/src/isaac_tutorials'
[0.398s] INFO:colcon.colcon_core.shell:Skip shell extension 'powershell' for command environment: Not usable outside of PowerShell
[0.398s] DEBUG:colcon.colcon_core.shell:Skip shell extension 'dsv' for command environment
[0.402s] INFO:colcon.colcon_ros.task.ament_cmake.build:Building ROS package in '/home/robotdeveloper02/IsaacSim-ros_workspaces-main/humble_ws/src/isaacsim' with build type 'ament_cmake'
[0.402s] INFO:colcon.colcon_cmake.task.cmake.build:Building CMake package in '/home/robotdeveloper02/IsaacSim-ros_workspaces-main/humble_ws/src/isaacsim'
[0.402s] INFO:colcon.colcon_core.shell:Skip shell extension 'powershell' for command environment: Not usable outside of PowerShell
[0.402s] DEBUG:colcon.colcon_core.shell:Skip shell extension 'dsv' for command environment
[0.406s] INFO:colcon.colcon_ros.task.ament_python.build:Building ROS package in '/home/robotdeveloper02/IsaacSim-ros_workspaces-main/humble_ws/src/jetbot_controller' with build type 'ament_python'
[0.406s] Level 1:colcon.colcon_core.shell:create_environment_hook('jetbot_controller', 'ament_prefix_path')
[0.407s] INFO:colcon.colcon_core.shell:Creating environment hook '/home/robotdeveloper02/IsaacSim-ros_workspaces-main/humble_ws/install/jetbot_controller/share/jetbot_controller/hook/ament_prefix_path.ps1'
[0.407s] INFO:colcon.colcon_core.shell:Creating environment descriptor '/home/robotdeveloper02/IsaacSim-ros_workspaces-main/humble_ws/install/jetbot_controller/share/jetbot_controller/hook/ament_prefix_path.dsv'
[0.408s] INFO:colcon.colcon_core.shell:Creating environment hook '/home/robotdeveloper02/IsaacSim-ros_workspaces-main/humble_ws/install/jetbot_controller/share/jetbot_controller/hook/ament_prefix_path.sh'
[0.408s] INFO:colcon.colcon_core.shell:Skip shell extension 'powershell' for command environment: Not usable outside of PowerShell
[0.408s] DEBUG:colcon.colcon_core.shell:Skip shell extension 'dsv' for command environment
[0.411s] INFO:colcon.colcon_ros.task.ament_python.build:Building ROS package in '/home/robotdeveloper02/IsaacSim-ros_workspaces-main/humble_ws/src/calc_py' with build type 'ament_python'
[0.412s] Level 1:colcon.colcon_core.shell:create_environment_hook('my_ros2_package', 'ament_prefix_path')
[0.412s] INFO:colcon.colcon_core.shell:Creating environment hook '/home/robotdeveloper02/IsaacSim-ros_workspaces-main/humble_ws/install/my_ros2_package/share/my_ros2_package/hook/ament_prefix_path.ps1'
[0.412s] INFO:colcon.colcon_core.shell:Creating environment descriptor '/home/robotdeveloper02/IsaacSim-ros_workspaces-main/humble_ws/install/my_ros2_package/share/my_ros2_package/hook/ament_prefix_path.dsv'
[0.413s] INFO:colcon.colcon_core.shell:Creating environment hook '/home/robotdeveloper02/IsaacSim-ros_workspaces-main/humble_ws/install/my_ros2_package/share/my_ros2_package/hook/ament_prefix_path.sh'
[0.413s] INFO:colcon.colcon_core.shell:Skip shell extension 'powershell' for command environment: Not usable outside of PowerShell
[0.413s] DEBUG:colcon.colcon_core.shell:Skip shell extension 'dsv' for command environment
[0.422s] DEBUG:colcon.colcon_core.event_handler.log_command:Invoking command in '/home/robotdeveloper02/IsaacSim-ros_workspaces-main/humble_ws/build/custom_message': CMAKE_PREFIX_PATH=${CMAKE_PREFIX_PATH}:/home/robotdeveloper02/IsaacSim-ros_workspaces-main/humble_ws/install/my_ros2_package:/home/robotdeveloper02/IsaacSim-ros_workspaces-main/humble_ws/install/jetbot_controller:/home/robotdeveloper02/IsaacSim-ros_workspaces-main/humble_ws/install/isaac_ros_navigation_goal:/home/robotdeveloper02/IsaacSim-ros_workspaces-main/humble_ws/install/error_subscriber:/home/robotdeveloper02/IsaacSim-ros_workspaces-main/humble_ws/install/cube_controller:/home/robotdeveloper02/IsaacSim-ros_workspaces-main/humble_ws/install/Jettbot_position:/opt/ros/humble /usr/bin/cmake --build /home/robotdeveloper02/IsaacSim-ros_workspaces-main/humble_ws/build/custom_message -- -j16 -l16
[0.717s] INFO:colcon.colcon_core.task.python.build:Building Python package in '/home/robotdeveloper02/IsaacSim-ros_workspaces-main/humble_ws/src/Jettbot_position'
[0.718s] INFO:colcon.colcon_core.shell:Skip shell extension 'powershell' for command environment: Not usable outside of PowerShell
[0.718s] DEBUG:colcon.colcon_core.shell:Skip shell extension 'dsv' for command environment
[0.725s] DEBUG:colcon.colcon_core.event_handler.log_command:Invoking command in '/home/robotdeveloper02/IsaacSim-ros_workspaces-main/humble_ws/build/carter_navigation': CMAKE_PREFIX_PATH=${CMAKE_PREFIX_PATH}:/home/robotdeveloper02/IsaacSim-ros_workspaces-main/humble_ws/install/my_ros2_package:/home/robotdeveloper02/IsaacSim-ros_workspaces-main/humble_ws/install/jetbot_controller:/home/robotdeveloper02/IsaacSim-ros_workspaces-main/humble_ws/install/isaac_ros_navigation_goal:/home/robotdeveloper02/IsaacSim-ros_workspaces-main/humble_ws/install/error_subscriber:/home/robotdeveloper02/IsaacSim-ros_workspaces-main/humble_ws/install/cube_controller:/home/robotdeveloper02/IsaacSim-ros_workspaces-main/humble_ws/install/Jettbot_position:/opt/ros/humble /usr/bin/cmake --build /home/robotdeveloper02/IsaacSim-ros_workspaces-main/humble_ws/build/carter_navigation -- -j16 -l16
[0.968s] INFO:colcon.colcon_core.task.python.build:Building Python package in '/home/robotdeveloper02/IsaacSim-ros_workspaces-main/humble_ws/src/cube_controller'
[0.969s] INFO:colcon.colcon_core.shell:Skip shell extension 'powershell' for command environment: Not usable outside of PowerShell
[0.969s] DEBUG:colcon.colcon_core.shell:Skip shell extension 'dsv' for command environment
[0.975s] DEBUG:colcon.colcon_core.event_handler.log_command:Invoking command in '/home/robotdeveloper02/IsaacSim-ros_workspaces-main/humble_ws/build/isaac_ros2_messages': CMAKE_PREFIX_PATH=${CMAKE_PREFIX_PATH}:/home/robotdeveloper02/IsaacSim-ros_workspaces-main/humble_ws/install/my_ros2_package:/home/robotdeveloper02/IsaacSim-ros_workspaces-main/humble_ws/install/jetbot_controller:/home/robotdeveloper02/IsaacSim-ros_workspaces-main/humble_ws/install/isaac_ros_navigation_goal:/home/robotdeveloper02/IsaacSim-ros_workspaces-main/humble_ws/install/error_subscriber:/home/robotdeveloper02/IsaacSim-ros_workspaces-main/humble_ws/install/cube_controller:/home/robotdeveloper02/IsaacSim-ros_workspaces-main/humble_ws/install/Jettbot_position:/opt/ros/humble /usr/bin/cmake --build /home/robotdeveloper02/IsaacSim-ros_workspaces-main/humble_ws/build/isaac_ros2_messages -- -j16 -l16
[1.240s] INFO:colcon.colcon_core.task.python.build:Building Python package in '/home/robotdeveloper02/IsaacSim-ros_workspaces-main/humble_ws/src/navigation/isaac_ros_navigation_goal'
[1.241s] INFO:colcon.colcon_core.shell:Skip shell extension 'powershell' for command environment: Not usable outside of PowerShell
[1.241s] DEBUG:colcon.colcon_core.shell:Skip shell extension 'dsv' for command environment
[1.248s] DEBUG:colcon.colcon_core.event_handler.log_command:Invoking command in '/home/robotdeveloper02/IsaacSim-ros_workspaces-main/humble_ws/build/isaac_tutorials': CMAKE_PREFIX_PATH=${CMAKE_PREFIX_PATH}:/home/robotdeveloper02/IsaacSim-ros_workspaces-main/humble_ws/install/my_ros2_package:/home/robotdeveloper02/IsaacSim-ros_workspaces-main/humble_ws/install/jetbot_controller:/home/robotdeveloper02/IsaacSim-ros_workspaces-main/humble_ws/install/isaac_ros_navigation_goal:/home/robotdeveloper02/IsaacSim-ros_workspaces-main/humble_ws/install/error_subscriber:/home/robotdeveloper02/IsaacSim-ros_workspaces-main/humble_ws/install/cube_controller:/home/robotdeveloper02/IsaacSim-ros_workspaces-main/humble_ws/install/Jettbot_position:/opt/ros/humble /usr/bin/cmake --build /home/robotdeveloper02/IsaacSim-ros_workspaces-main/humble_ws/build/isaac_tutorials -- -j16 -l16
[1.250s] DEBUG:colcon.colcon_core.event_handler.log_command:Invoking command in '/home/robotdeveloper02/IsaacSim-ros_workspaces-main/humble_ws/build/isaacsim': CMAKE_PREFIX_PATH=${CMAKE_PREFIX_PATH}:/home/robotdeveloper02/IsaacSim-ros_workspaces-main/humble_ws/install/my_ros2_package:/home/robotdeveloper02/IsaacSim-ros_workspaces-main/humble_ws/install/jetbot_controller:/home/robotdeveloper02/IsaacSim-ros_workspaces-main/humble_ws/install/isaac_ros_navigation_goal:/home/robotdeveloper02/IsaacSim-ros_workspaces-main/humble_ws/install/error_subscriber:/home/robotdeveloper02/IsaacSim-ros_workspaces-main/humble_ws/install/cube_controller:/home/robotdeveloper02/IsaacSim-ros_workspaces-main/humble_ws/install/Jettbot_position:/opt/ros/humble /usr/bin/cmake --build /home/robotdeveloper02/IsaacSim-ros_workspaces-main/humble_ws/build/isaacsim -- -j16 -l16
[1.497s] INFO:colcon.colcon_core.task.python.build:Building Python package in '/home/robotdeveloper02/IsaacSim-ros_workspaces-main/humble_ws/src/jetbot_controller'
[1.497s] INFO:colcon.colcon_core.shell:Skip shell extension 'powershell' for command environment: Not usable outside of PowerShell
[1.497s] DEBUG:colcon.colcon_core.shell:Skip shell extension 'dsv' for command environment
[1.743s] INFO:colcon.colcon_core.task.python.build:Building Python package in '/home/robotdeveloper02/IsaacSim-ros_workspaces-main/humble_ws/src/calc_py'
[1.743s] INFO:colcon.colcon_core.shell:Skip shell extension 'powershell' for command environment: Not usable outside of PowerShell
[1.743s] DEBUG:colcon.colcon_core.shell:Skip shell extension 'dsv' for command environment
[1.750s] DEBUG:colcon.colcon_core.event_handler.log_command:Invoked command in '/home/robotdeveloper02/IsaacSim-ros_workspaces-main/humble_ws/build/carter_navigation' returned '0': CMAKE_PREFIX_PATH=${CMAKE_PREFIX_PATH}:/home/robotdeveloper02/IsaacSim-ros_workspaces-main/humble_ws/install/my_ros2_package:/home/robotdeveloper02/IsaacSim-ros_workspaces-main/humble_ws/install/jetbot_controller:/home/robotdeveloper02/IsaacSim-ros_workspaces-main/humble_ws/install/isaac_ros_navigation_goal:/home/robotdeveloper02/IsaacSim-ros_workspaces-main/humble_ws/install/error_subscriber:/home/robotdeveloper02/IsaacSim-ros_workspaces-main/humble_ws/install/cube_controller:/home/robotdeveloper02/IsaacSim-ros_workspaces-main/humble_ws/install/Jettbot_position:/opt/ros/humble /usr/bin/cmake --build /home/robotdeveloper02/IsaacSim-ros_workspaces-main/humble_ws/build/carter_navigation -- -j16 -l16
[1.751s] DEBUG:colcon.colcon_core.event_handler.log_command:Invoked command in '/home/robotdeveloper02/IsaacSim-ros_workspaces-main/humble_ws/build/custom_message' returned '0': CMAKE_PREFIX_PATH=${CMAKE_PREFIX_PATH}:/home/robotdeveloper02/IsaacSim-ros_workspaces-main/humble_ws/install/my_ros2_package:/home/robotdeveloper02/IsaacSim-ros_workspaces-main/humble_ws/install/jetbot_controller:/home/robotdeveloper02/IsaacSim-ros_workspaces-main/humble_ws/install/isaac_ros_navigation_goal:/home/robotdeveloper02/IsaacSim-ros_workspaces-main/humble_ws/install/error_subscriber:/home/robotdeveloper02/IsaacSim-ros_workspaces-main/humble_ws/install/cube_controller:/home/robotdeveloper02/IsaacSim-ros_workspaces-main/humble_ws/install/Jettbot_position:/opt/ros/humble /usr/bin/cmake --build /home/robotdeveloper02/IsaacSim-ros_workspaces-main/humble_ws/build/custom_message -- -j16 -l16
[1.752s] DEBUG:colcon.colcon_core.event_handler.log_command:Invoked command in '/home/robotdeveloper02/IsaacSim-ros_workspaces-main/humble_ws/build/isaacsim' returned '0': CMAKE_PREFIX_PATH=${CMAKE_PREFIX_PATH}:/home/robotdeveloper02/IsaacSim-ros_workspaces-main/humble_ws/install/my_ros2_package:/home/robotdeveloper02/IsaacSim-ros_workspaces-main/humble_ws/install/jetbot_controller:/home/robotdeveloper02/IsaacSim-ros_workspaces-main/humble_ws/install/isaac_ros_navigation_goal:/home/robotdeveloper02/IsaacSim-ros_workspaces-main/humble_ws/install/error_subscriber:/home/robotdeveloper02/IsaacSim-ros_workspaces-main/humble_ws/install/cube_controller:/home/robotdeveloper02/IsaacSim-ros_workspaces-main/humble_ws/install/Jettbot_position:/opt/ros/humble /usr/bin/cmake --build /home/robotdeveloper02/IsaacSim-ros_workspaces-main/humble_ws/build/isaacsim -- -j16 -l16
[1.753s] DEBUG:colcon.colcon_core.event_handler.log_command:Invoked command in '/home/robotdeveloper02/IsaacSim-ros_workspaces-main/humble_ws/build/isaac_tutorials' returned '0': CMAKE_PREFIX_PATH=${CMAKE_PREFIX_PATH}:/home/robotdeveloper02/IsaacSim-ros_workspaces-main/humble_ws/install/my_ros2_package:/home/robotdeveloper02/IsaacSim-ros_workspaces-main/humble_ws/install/jetbot_controller:/home/robotdeveloper02/IsaacSim-ros_workspaces-main/humble_ws/install/isaac_ros_navigation_goal:/home/robotdeveloper02/IsaacSim-ros_workspaces-main/humble_ws/install/error_subscriber:/home/robotdeveloper02/IsaacSim-ros_workspaces-main/humble_ws/install/cube_controller:/home/robotdeveloper02/IsaacSim-ros_workspaces-main/humble_ws/install/Jettbot_position:/opt/ros/humble /usr/bin/cmake --build /home/robotdeveloper02/IsaacSim-ros_workspaces-main/humble_ws/build/isaac_tutorials -- -j16 -l16
[1.755s] DEBUG:colcon.colcon_core.event_handler.log_command:Invoked command in '/home/robotdeveloper02/IsaacSim-ros_workspaces-main/humble_ws/build/isaac_ros2_messages' returned '0': CMAKE_PREFIX_PATH=${CMAKE_PREFIX_PATH}:/home/robotdeveloper02/IsaacSim-ros_workspaces-main/humble_ws/install/my_ros2_package:/home/robotdeveloper02/IsaacSim-ros_workspaces-main/humble_ws/install/jetbot_controller:/home/robotdeveloper02/IsaacSim-ros_workspaces-main/humble_ws/install/isaac_ros_navigation_goal:/home/robotdeveloper02/IsaacSim-ros_workspaces-main/humble_ws/install/error_subscriber:/home/robotdeveloper02/IsaacSim-ros_workspaces-main/humble_ws/install/cube_controller:/home/robotdeveloper02/IsaacSim-ros_workspaces-main/humble_ws/install/Jettbot_position:/opt/ros/humble /usr/bin/cmake --build /home/robotdeveloper02/IsaacSim-ros_workspaces-main/humble_ws/build/isaac_ros2_messages -- -j16 -l16
[1.781s] DEBUG:colcon.colcon_core.event_handler.log_command:Invoking command in '/home/robotdeveloper02/IsaacSim-ros_workspaces-main/humble_ws/build/carter_navigation': CMAKE_PREFIX_PATH=${CMAKE_PREFIX_PATH}:/home/robotdeveloper02/IsaacSim-ros_workspaces-main/humble_ws/install/my_ros2_package:/home/robotdeveloper02/IsaacSim-ros_workspaces-main/humble_ws/install/jetbot_controller:/home/robotdeveloper02/IsaacSim-ros_workspaces-main/humble_ws/install/isaac_ros_navigation_goal:/home/robotdeveloper02/IsaacSim-ros_workspaces-main/humble_ws/install/error_subscriber:/home/robotdeveloper02/IsaacSim-ros_workspaces-main/humble_ws/install/cube_controller:/home/robotdeveloper02/IsaacSim-ros_workspaces-main/humble_ws/install/Jettbot_position:/opt/ros/humble /usr/bin/cmake --install /home/robotdeveloper02/IsaacSim-ros_workspaces-main/humble_ws/build/carter_navigation
[1.784s] DEBUG:colcon.colcon_core.event_handler.log_command:Invoking command in '/home/robotdeveloper02/IsaacSim-ros_workspaces-main/humble_ws/build/isaac_tutorials': CMAKE_PREFIX_PATH=${CMAKE_PREFIX_PATH}:/home/robotdeveloper02/IsaacSim-ros_workspaces-main/humble_ws/install/my_ros2_package:/home/robotdeveloper02/IsaacSim-ros_workspaces-main/humble_ws/install/jetbot_controller:/home/robotdeveloper02/IsaacSim-ros_workspaces-main/humble_ws/install/isaac_ros_navigation_goal:/home/robotdeveloper02/IsaacSim-ros_workspaces-main/humble_ws/install/error_subscriber:/home/robotdeveloper02/IsaacSim-ros_workspaces-main/humble_ws/install/cube_controller:/home/robotdeveloper02/IsaacSim-ros_workspaces-main/humble_ws/install/Jettbot_position:/opt/ros/humble /usr/bin/cmake --install /home/robotdeveloper02/IsaacSim-ros_workspaces-main/humble_ws/build/isaac_tutorials
[1.787s] DEBUG:colcon.colcon_core.event_handler.log_command:Invoking command in '/home/robotdeveloper02/IsaacSim-ros_workspaces-main/humble_ws/build/isaacsim': CMAKE_PREFIX_PATH=${CMAKE_PREFIX_PATH}:/home/robotdeveloper02/IsaacSim-ros_workspaces-main/humble_ws/install/my_ros2_package:/home/robotdeveloper02/IsaacSim-ros_workspaces-main/humble_ws/install/jetbot_controller:/home/robotdeveloper02/IsaacSim-ros_workspaces-main/humble_ws/install/isaac_ros_navigation_goal:/home/robotdeveloper02/IsaacSim-ros_workspaces-main/humble_ws/install/error_subscriber:/home/robotdeveloper02/IsaacSim-ros_workspaces-main/humble_ws/install/cube_controller:/home/robotdeveloper02/IsaacSim-ros_workspaces-main/humble_ws/install/Jettbot_position:/opt/ros/humble /usr/bin/cmake --install /home/robotdeveloper02/IsaacSim-ros_workspaces-main/humble_ws/build/isaacsim
[1.794s] Level 1:colcon.colcon_core.environment:create_environment_scripts_only(carter_navigation)
[1.801s] DEBUG:colcon.colcon_core.event_handler.log_command:Invoked command in '/home/robotdeveloper02/IsaacSim-ros_workspaces-main/humble_ws/build/carter_navigation' returned '0': CMAKE_PREFIX_PATH=${CMAKE_PREFIX_PATH}:/home/robotdeveloper02/IsaacSim-ros_workspaces-main/humble_ws/install/my_ros2_package:/home/robotdeveloper02/IsaacSim-ros_workspaces-main/humble_ws/install/jetbot_controller:/home/robotdeveloper02/IsaacSim-ros_workspaces-main/humble_ws/install/isaac_ros_navigation_goal:/home/robotdeveloper02/IsaacSim-ros_workspaces-main/humble_ws/install/error_subscriber:/home/robotdeveloper02/IsaacSim-ros_workspaces-main/humble_ws/install/cube_controller:/home/robotdeveloper02/IsaacSim-ros_workspaces-main/humble_ws/install/Jettbot_position:/opt/ros/humble /usr/bin/cmake --install /home/robotdeveloper02/IsaacSim-ros_workspaces-main/humble_ws/build/carter_navigation
[1.803s] Level 1:colcon.colcon_core.environment:checking '/home/robotdeveloper02/IsaacSim-ros_workspaces-main/humble_ws/install/carter_navigation' for CMake module files
[1.807s] Level 1:colcon.colcon_core.environment:checking '/home/robotdeveloper02/IsaacSim-ros_workspaces-main/humble_ws/install/carter_navigation' for CMake config files
[1.807s] Level 1:colcon.colcon_core.shell:create_environment_hook('carter_navigation', 'cmake_prefix_path')
[1.808s] INFO:colcon.colcon_core.shell:Creating environment hook '/home/robotdeveloper02/IsaacSim-ros_workspaces-main/humble_ws/install/carter_navigation/share/carter_navigation/hook/cmake_prefix_path.ps1'
[1.809s] INFO:colcon.colcon_core.shell:Creating environment descriptor '/home/robotdeveloper02/IsaacSim-ros_workspaces-main/humble_ws/install/carter_navigation/share/carter_navigation/hook/cmake_prefix_path.dsv'
[1.809s] INFO:colcon.colcon_core.shell:Creating environment hook '/home/robotdeveloper02/IsaacSim-ros_workspaces-main/humble_ws/install/carter_navigation/share/carter_navigation/hook/cmake_prefix_path.sh'
[1.810s] Level 1:colcon.colcon_core.environment:checking '/home/robotdeveloper02/IsaacSim-ros_workspaces-main/humble_ws/install/carter_navigation/bin'
[1.810s] Level 1:colcon.colcon_core.environment:checking '/home/robotdeveloper02/IsaacSim-ros_workspaces-main/humble_ws/install/carter_navigation/lib/pkgconfig/carter_navigation.pc'
[1.810s] Level 1:colcon.colcon_core.environment:checking '/home/robotdeveloper02/IsaacSim-ros_workspaces-main/humble_ws/install/carter_navigation/lib/python3.10/site-packages'
[1.811s] Level 1:colcon.colcon_core.environment:checking '/home/robotdeveloper02/IsaacSim-ros_workspaces-main/humble_ws/install/carter_navigation/bin'
[1.811s] INFO:colcon.colcon_core.shell:Creating package script '/home/robotdeveloper02/IsaacSim-ros_workspaces-main/humble_ws/install/carter_navigation/share/carter_navigation/package.ps1'
[1.812s] INFO:colcon.colcon_core.shell:Creating package descriptor '/home/robotdeveloper02/IsaacSim-ros_workspaces-main/humble_ws/install/carter_navigation/share/carter_navigation/package.dsv'
[1.813s] INFO:colcon.colcon_core.shell:Creating package script '/home/robotdeveloper02/IsaacSim-ros_workspaces-main/humble_ws/install/carter_navigation/share/carter_navigation/package.sh'
[1.814s] INFO:colcon.colcon_core.shell:Creating package script '/home/robotdeveloper02/IsaacSim-ros_workspaces-main/humble_ws/install/carter_navigation/share/carter_navigation/package.bash'
[1.815s] INFO:colcon.colcon_core.shell:Creating package script '/home/robotdeveloper02/IsaacSim-ros_workspaces-main/humble_ws/install/carter_navigation/share/carter_navigation/package.zsh'
[1.816s] Level 1:colcon.colcon_core.environment:create_file_with_runtime_dependencies(/home/robotdeveloper02/IsaacSim-ros_workspaces-main/humble_ws/install/carter_navigation/share/colcon-core/packages/carter_navigation)
[1.819s] Level 1:colcon.colcon_core.environment:create_environment_scripts_only(isaac_tutorials)
[1.819s] Level 1:colcon.colcon_core.environment:checking '/home/robotdeveloper02/IsaacSim-ros_workspaces-main/humble_ws/install/isaac_tutorials' for CMake module files
[1.820s] DEBUG:colcon.colcon_core.event_handler.log_command:Invoked command in '/home/robotdeveloper02/IsaacSim-ros_workspaces-main/humble_ws/build/isaac_tutorials' returned '0': CMAKE_PREFIX_PATH=${CMAKE_PREFIX_PATH}:/home/robotdeveloper02/IsaacSim-ros_workspaces-main/humble_ws/install/my_ros2_package:/home/robotdeveloper02/IsaacSim-ros_workspaces-main/humble_ws/install/jetbot_controller:/home/robotdeveloper02/IsaacSim-ros_workspaces-main/humble_ws/install/isaac_ros_navigation_goal:/home/robotdeveloper02/IsaacSim-ros_workspaces-main/humble_ws/install/error_subscriber:/home/robotdeveloper02/IsaacSim-ros_workspaces-main/humble_ws/install/cube_controller:/home/robotdeveloper02/IsaacSim-ros_workspaces-main/humble_ws/install/Jettbot_position:/opt/ros/humble /usr/bin/cmake --install /home/robotdeveloper02/IsaacSim-ros_workspaces-main/humble_ws/build/isaac_tutorials
[1.821s] Level 1:colcon.colcon_core.environment:checking '/home/robotdeveloper02/IsaacSim-ros_workspaces-main/humble_ws/install/isaac_tutorials' for CMake config files
[1.821s] Level 1:colcon.colcon_core.shell:create_environment_hook('isaac_tutorials', 'cmake_prefix_path')
[1.821s] INFO:colcon.colcon_core.shell:Creating environment hook '/home/robotdeveloper02/IsaacSim-ros_workspaces-main/humble_ws/install/isaac_tutorials/share/isaac_tutorials/hook/cmake_prefix_path.ps1'
[1.822s] INFO:colcon.colcon_core.shell:Creating environment descriptor '/home/robotdeveloper02/IsaacSim-ros_workspaces-main/humble_ws/install/isaac_tutorials/share/isaac_tutorials/hook/cmake_prefix_path.dsv'
[1.822s] INFO:colcon.colcon_core.shell:Creating environment hook '/home/robotdeveloper02/IsaacSim-ros_workspaces-main/humble_ws/install/isaac_tutorials/share/isaac_tutorials/hook/cmake_prefix_path.sh'
[1.823s] Level 1:colcon.colcon_core.environment:checking '/home/robotdeveloper02/IsaacSim-ros_workspaces-main/humble_ws/install/isaac_tutorials/lib'
[1.823s] Level 1:colcon.colcon_core.environment:checking '/home/robotdeveloper02/IsaacSim-ros_workspaces-main/humble_ws/install/isaac_tutorials/bin'
[1.824s] Level 1:colcon.colcon_core.environment:checking '/home/robotdeveloper02/IsaacSim-ros_workspaces-main/humble_ws/install/isaac_tutorials/lib/pkgconfig/isaac_tutorials.pc'
[1.824s] Level 1:colcon.colcon_core.environment:checking '/home/robotdeveloper02/IsaacSim-ros_workspaces-main/humble_ws/install/isaac_tutorials/lib/python3.10/site-packages'
[1.824s] Level 1:colcon.colcon_core.environment:checking '/home/robotdeveloper02/IsaacSim-ros_workspaces-main/humble_ws/install/isaac_tutorials/bin'
[1.825s] INFO:colcon.colcon_core.shell:Creating package script '/home/robotdeveloper02/IsaacSim-ros_workspaces-main/humble_ws/install/isaac_tutorials/share/isaac_tutorials/package.ps1'
[1.825s] INFO:colcon.colcon_core.shell:Creating package descriptor '/home/robotdeveloper02/IsaacSim-ros_workspaces-main/humble_ws/install/isaac_tutorials/share/isaac_tutorials/package.dsv'
[1.826s] INFO:colcon.colcon_core.shell:Creating package script '/home/robotdeveloper02/IsaacSim-ros_workspaces-main/humble_ws/install/isaac_tutorials/share/isaac_tutorials/package.sh'
[1.826s] INFO:colcon.colcon_core.shell:Creating package script '/home/robotdeveloper02/IsaacSim-ros_workspaces-main/humble_ws/install/isaac_tutorials/share/isaac_tutorials/package.bash'
[1.827s] INFO:colcon.colcon_core.shell:Creating package script '/home/robotdeveloper02/IsaacSim-ros_workspaces-main/humble_ws/install/isaac_tutorials/share/isaac_tutorials/package.zsh'
[1.827s] Level 1:colcon.colcon_core.environment:create_file_with_runtime_dependencies(/home/robotdeveloper02/IsaacSim-ros_workspaces-main/humble_ws/install/isaac_tutorials/share/colcon-core/packages/isaac_tutorials)
[1.829s] Level 1:colcon.colcon_core.environment:create_environment_scripts_only(isaacsim)
[1.829s] Level 1:colcon.colcon_core.environment:checking '/home/robotdeveloper02/IsaacSim-ros_workspaces-main/humble_ws/install/isaacsim' for CMake module files
[1.830s] DEBUG:colcon.colcon_core.event_handler.log_command:Invoked command in '/home/robotdeveloper02/IsaacSim-ros_workspaces-main/humble_ws/build/isaacsim' returned '0': CMAKE_PREFIX_PATH=${CMAKE_PREFIX_PATH}:/home/robotdeveloper02/IsaacSim-ros_workspaces-main/humble_ws/install/my_ros2_package:/home/robotdeveloper02/IsaacSim-ros_workspaces-main/humble_ws/install/jetbot_controller:/home/robotdeveloper02/IsaacSim-ros_workspaces-main/humble_ws/install/isaac_ros_navigation_goal:/home/robotdeveloper02/IsaacSim-ros_workspaces-main/humble_ws/install/error_subscriber:/home/robotdeveloper02/IsaacSim-ros_workspaces-main/humble_ws/install/cube_controller:/home/robotdeveloper02/IsaacSim-ros_workspaces-main/humble_ws/install/Jettbot_position:/opt/ros/humble /usr/bin/cmake --install /home/robotdeveloper02/IsaacSim-ros_workspaces-main/humble_ws/build/isaacsim
[1.831s] Level 1:colcon.colcon_core.environment:checking '/home/robotdeveloper02/IsaacSim-ros_workspaces-main/humble_ws/install/isaacsim' for CMake config files
[1.831s] Level 1:colcon.colcon_core.shell:create_environment_hook('isaacsim', 'cmake_prefix_path')
[1.831s] INFO:colcon.colcon_core.shell:Creating environment hook '/home/robotdeveloper02/IsaacSim-ros_workspaces-main/humble_ws/install/isaacsim/share/isaacsim/hook/cmake_prefix_path.ps1'
[1.832s] INFO:colcon.colcon_core.shell:Creating environment descriptor '/home/robotdeveloper02/IsaacSim-ros_workspaces-main/humble_ws/install/isaacsim/share/isaacsim/hook/cmake_prefix_path.dsv'
[1.833s] INFO:colcon.colcon_core.shell:Creating environment hook '/home/robotdeveloper02/IsaacSim-ros_workspaces-main/humble_ws/install/isaacsim/share/isaacsim/hook/cmake_prefix_path.sh'
[1.833s] Level 1:colcon.colcon_core.environment:checking '/home/robotdeveloper02/IsaacSim-ros_workspaces-main/humble_ws/install/isaacsim/lib'
[1.834s] Level 1:colcon.colcon_core.environment:checking '/home/robotdeveloper02/IsaacSim-ros_workspaces-main/humble_ws/install/isaacsim/bin'
[1.834s] Level 1:colcon.colcon_core.environment:checking '/home/robotdeveloper02/IsaacSim-ros_workspaces-main/humble_ws/install/isaacsim/lib/pkgconfig/isaacsim.pc'
[1.834s] Level 1:colcon.colcon_core.environment:checking '/home/robotdeveloper02/IsaacSim-ros_workspaces-main/humble_ws/install/isaacsim/lib/python3.10/site-packages'
[1.834s] Level 1:colcon.colcon_core.environment:checking '/home/robotdeveloper02/IsaacSim-ros_workspaces-main/humble_ws/install/isaacsim/bin'
[1.835s] INFO:colcon.colcon_core.shell:Creating package script '/home/robotdeveloper02/IsaacSim-ros_workspaces-main/humble_ws/install/isaacsim/share/isaacsim/package.ps1'
[1.836s] INFO:colcon.colcon_core.shell:Creating package descriptor '/home/robotdeveloper02/IsaacSim-ros_workspaces-main/humble_ws/install/isaacsim/share/isaacsim/package.dsv'
[1.836s] INFO:colcon.colcon_core.shell:Creating package script '/home/robotdeveloper02/IsaacSim-ros_workspaces-main/humble_ws/install/isaacsim/share/isaacsim/package.sh'
[1.837s] INFO:colcon.colcon_core.shell:Creating package script '/home/robotdeveloper02/IsaacSim-ros_workspaces-main/humble_ws/install/isaacsim/share/isaacsim/package.bash'
[1.837s] INFO:colcon.colcon_core.shell:Creating package script '/home/robotdeveloper02/IsaacSim-ros_workspaces-main/humble_ws/install/isaacsim/share/isaacsim/package.zsh'
[1.838s] Level 1:colcon.colcon_core.environment:create_file_with_runtime_dependencies(/home/robotdeveloper02/IsaacSim-ros_workspaces-main/humble_ws/install/isaacsim/share/colcon-core/packages/isaacsim)
[1.851s] Level 1:colcon.colcon_core.environment:create_environment_scripts_only(carter_navigation)
[1.851s] Level 1:colcon.colcon_core.environment:checking '/home/robotdeveloper02/IsaacSim-ros_workspaces-main/humble_ws/install/carter_navigation' for CMake module files
[1.852s] Level 1:colcon.colcon_core.environment:checking '/home/robotdeveloper02/IsaacSim-ros_workspaces-main/humble_ws/install/carter_navigation' for CMake config files
[1.852s] Level 1:colcon.colcon_core.shell:create_environment_hook('carter_navigation', 'cmake_prefix_path')
[1.852s] INFO:colcon.colcon_core.shell:Creating environment hook '/home/robotdeveloper02/IsaacSim-ros_workspaces-main/humble_ws/install/carter_navigation/share/carter_navigation/hook/cmake_prefix_path.ps1'
[1.853s] INFO:colcon.colcon_core.shell:Creating environment descriptor '/home/robotdeveloper02/IsaacSim-ros_workspaces-main/humble_ws/install/carter_navigation/share/carter_navigation/hook/cmake_prefix_path.dsv'
[1.854s] INFO:colcon.colcon_core.shell:Creating environment hook '/home/robotdeveloper02/IsaacSim-ros_workspaces-main/humble_ws/install/carter_navigation/share/carter_navigation/hook/cmake_prefix_path.sh'
[1.854s] Level 1:colcon.colcon_core.environment:checking '/home/robotdeveloper02/IsaacSim-ros_workspaces-main/humble_ws/install/carter_navigation/bin'
[1.854s] Level 1:colcon.colcon_core.environment:checking '/home/robotdeveloper02/IsaacSim-ros_workspaces-main/humble_ws/install/carter_navigation/lib/pkgconfig/carter_navigation.pc'
[1.855s] Level 1:colcon.colcon_core.environment:checking '/home/robotdeveloper02/IsaacSim-ros_workspaces-main/humble_ws/install/carter_navigation/lib/python3.10/site-packages'
[1.855s] Level 1:colcon.colcon_core.environment:checking '/home/robotdeveloper02/IsaacSim-ros_workspaces-main/humble_ws/install/carter_navigation/bin'
[1.855s] INFO:colcon.colcon_core.shell:Creating package script '/home/robotdeveloper02/IsaacSim-ros_workspaces-main/humble_ws/install/carter_navigation/share/carter_navigation/package.ps1'
[1.856s] INFO:colcon.colcon_core.shell:Creating package descriptor '/home/robotdeveloper02/IsaacSim-ros_workspaces-main/humble_ws/install/carter_navigation/share/carter_navigation/package.dsv'
[1.857s] INFO:colcon.colcon_core.shell:Creating package script '/home/robotdeveloper02/IsaacSim-ros_workspaces-main/humble_ws/install/carter_navigation/share/carter_navigation/package.sh'
[1.857s] INFO:colcon.colcon_core.shell:Creating package script '/home/robotdeveloper02/IsaacSim-ros_workspaces-main/humble_ws/install/carter_navigation/share/carter_navigation/package.bash'
[1.858s] INFO:colcon.colcon_core.shell:Creating package script '/home/robotdeveloper02/IsaacSim-ros_workspaces-main/humble_ws/install/carter_navigation/share/carter_navigation/package.zsh'
[1.858s] Level 1:colcon.colcon_core.environment:create_file_with_runtime_dependencies(/home/robotdeveloper02/IsaacSim-ros_workspaces-main/humble_ws/install/carter_navigation/share/colcon-core/packages/carter_navigation)
[1.860s] Level 1:colcon.colcon_core.environment:create_environment_scripts_only(isaac_tutorials)
[1.861s] Level 1:colcon.colcon_core.environment:checking '/home/robotdeveloper02/IsaacSim-ros_workspaces-main/humble_ws/install/isaac_tutorials' for CMake module files
[1.862s] Level 1:colcon.colcon_core.environment:checking '/home/robotdeveloper02/IsaacSim-ros_workspaces-main/humble_ws/install/isaac_tutorials' for CMake config files
[1.862s] Level 1:colcon.colcon_core.shell:create_environment_hook('isaac_tutorials', 'cmake_prefix_path')
[1.862s] INFO:colcon.colcon_core.shell:Creating environment hook '/home/robotdeveloper02/IsaacSim-ros_workspaces-main/humble_ws/install/isaac_tutorials/share/isaac_tutorials/hook/cmake_prefix_path.ps1'
[1.863s] INFO:colcon.colcon_core.shell:Creating environment descriptor '/home/robotdeveloper02/IsaacSim-ros_workspaces-main/humble_ws/install/isaac_tutorials/share/isaac_tutorials/hook/cmake_prefix_path.dsv'
[1.864s] INFO:colcon.colcon_core.shell:Creating environment hook '/home/robotdeveloper02/IsaacSim-ros_workspaces-main/humble_ws/install/isaac_tutorials/share/isaac_tutorials/hook/cmake_prefix_path.sh'
[1.864s] Level 1:colcon.colcon_core.environment:checking '/home/robotdeveloper02/IsaacSim-ros_workspaces-main/humble_ws/install/isaac_tutorials/lib'
[1.864s] Level 1:colcon.colcon_core.environment:checking '/home/robotdeveloper02/IsaacSim-ros_workspaces-main/humble_ws/install/isaac_tutorials/bin'
[1.864s] Level 1:colcon.colcon_core.environment:checking '/home/robotdeveloper02/IsaacSim-ros_workspaces-main/humble_ws/install/isaac_tutorials/lib/pkgconfig/isaac_tutorials.pc'
[1.865s] Level 1:colcon.colcon_core.environment:checking '/home/robotdeveloper02/IsaacSim-ros_workspaces-main/humble_ws/install/isaac_tutorials/lib/python3.10/site-packages'
[1.865s] Level 1:colcon.colcon_core.environment:checking '/home/robotdeveloper02/IsaacSim-ros_workspaces-main/humble_ws/install/isaac_tutorials/bin'
[1.866s] INFO:colcon.colcon_core.shell:Creating package script '/home/robotdeveloper02/IsaacSim-ros_workspaces-main/humble_ws/install/isaac_tutorials/share/isaac_tutorials/package.ps1'
[1.867s] INFO:colcon.colcon_core.shell:Creating package descriptor '/home/robotdeveloper02/IsaacSim-ros_workspaces-main/humble_ws/install/isaac_tutorials/share/isaac_tutorials/package.dsv'
[1.867s] INFO:colcon.colcon_core.shell:Creating package script '/home/robotdeveloper02/IsaacSim-ros_workspaces-main/humble_ws/install/isaac_tutorials/share/isaac_tutorials/package.sh'
[1.868s] INFO:colcon.colcon_core.shell:Creating package script '/home/robotdeveloper02/IsaacSim-ros_workspaces-main/humble_ws/install/isaac_tutorials/share/isaac_tutorials/package.bash'
[1.868s] INFO:colcon.colcon_core.shell:Creating package script '/home/robotdeveloper02/IsaacSim-ros_workspaces-main/humble_ws/install/isaac_tutorials/share/isaac_tutorials/package.zsh'
[1.869s] Level 1:colcon.colcon_core.environment:create_file_with_runtime_dependencies(/home/robotdeveloper02/IsaacSim-ros_workspaces-main/humble_ws/install/isaac_tutorials/share/colcon-core/packages/isaac_tutorials)
[1.870s] Level 1:colcon.colcon_core.environment:create_environment_scripts_only(isaacsim)
[1.871s] Level 1:colcon.colcon_core.environment:checking '/home/robotdeveloper02/IsaacSim-ros_workspaces-main/humble_ws/install/isaacsim' for CMake module files
[1.872s] Level 1:colcon.colcon_core.environment:checking '/home/robotdeveloper02/IsaacSim-ros_workspaces-main/humble_ws/install/isaacsim' for CMake config files
[1.872s] Level 1:colcon.colcon_core.shell:create_environment_hook('isaacsim', 'cmake_prefix_path')
[1.872s] INFO:colcon.colcon_core.shell:Creating environment hook '/home/robotdeveloper02/IsaacSim-ros_workspaces-main/humble_ws/install/isaacsim/share/isaacsim/hook/cmake_prefix_path.ps1'
[1.873s] INFO:colcon.colcon_core.shell:Creating environment descriptor '/home/robotdeveloper02/IsaacSim-ros_workspaces-main/humble_ws/install/isaacsim/share/isaacsim/hook/cmake_prefix_path.dsv'
[1.873s] INFO:colcon.colcon_core.shell:Creating environment hook '/home/robotdeveloper02/IsaacSim-ros_workspaces-main/humble_ws/install/isaacsim/share/isaacsim/hook/cmake_prefix_path.sh'
[1.874s] Level 1:colcon.colcon_core.environment:checking '/home/robotdeveloper02/IsaacSim-ros_workspaces-main/humble_ws/install/isaacsim/lib'
[1.875s] Level 1:colcon.colcon_core.environment:checking '/home/robotdeveloper02/IsaacSim-ros_workspaces-main/humble_ws/install/isaacsim/bin'
[1.875s] Level 1:colcon.colcon_core.environment:checking '/home/robotdeveloper02/IsaacSim-ros_workspaces-main/humble_ws/install/isaacsim/lib/pkgconfig/isaacsim.pc'
[1.875s] Level 1:colcon.colcon_core.environment:checking '/home/robotdeveloper02/IsaacSim-ros_workspaces-main/humble_ws/install/isaacsim/lib/python3.10/site-packages'
[1.875s] Level 1:colcon.colcon_core.environment:checking '/home/robotdeveloper02/IsaacSim-ros_workspaces-main/humble_ws/install/isaacsim/bin'
[1.876s] INFO:colcon.colcon_core.shell:Creating package script '/home/robotdeveloper02/IsaacSim-ros_workspaces-main/humble_ws/install/isaacsim/share/isaacsim/package.ps1'
[1.876s] INFO:colcon.colcon_core.shell:Creating package descriptor '/home/robotdeveloper02/IsaacSim-ros_workspaces-main/humble_ws/install/isaacsim/share/isaacsim/package.dsv'
[1.877s] INFO:colcon.colcon_core.shell:Creating package script '/home/robotdeveloper02/IsaacSim-ros_workspaces-main/humble_ws/install/isaacsim/share/isaacsim/package.sh'
[1.878s] INFO:colcon.colcon_core.shell:Creating package script '/home/robotdeveloper02/IsaacSim-ros_workspaces-main/humble_ws/install/isaacsim/share/isaacsim/package.bash'
[1.878s] INFO:colcon.colcon_core.shell:Creating package script '/home/robotdeveloper02/IsaacSim-ros_workspaces-main/humble_ws/install/isaacsim/share/isaacsim/package.zsh'
[1.879s] Level 1:colcon.colcon_core.environment:create_file_with_runtime_dependencies(/home/robotdeveloper02/IsaacSim-ros_workspaces-main/humble_ws/install/isaacsim/share/colcon-core/packages/isaacsim)
[1.893s] DEBUG:colcon.colcon_core.event_handler.log_command:Invoking command in '/home/robotdeveloper02/IsaacSim-ros_workspaces-main/humble_ws/build/custom_message': CMAKE_PREFIX_PATH=${CMAKE_PREFIX_PATH}:/home/robotdeveloper02/IsaacSim-ros_workspaces-main/humble_ws/install/my_ros2_package:/home/robotdeveloper02/IsaacSim-ros_workspaces-main/humble_ws/install/jetbot_controller:/home/robotdeveloper02/IsaacSim-ros_workspaces-main/humble_ws/install/isaac_ros_navigation_goal:/home/robotdeveloper02/IsaacSim-ros_workspaces-main/humble_ws/install/error_subscriber:/home/robotdeveloper02/IsaacSim-ros_workspaces-main/humble_ws/install/cube_controller:/home/robotdeveloper02/IsaacSim-ros_workspaces-main/humble_ws/install/Jettbot_position:/opt/ros/humble /usr/bin/cmake --install /home/robotdeveloper02/IsaacSim-ros_workspaces-main/humble_ws/build/custom_message
[1.923s] DEBUG:colcon.colcon_core.event_handler.log_command:Invoking command in '/home/robotdeveloper02/IsaacSim-ros_workspaces-main/humble_ws/build/isaac_ros2_messages': CMAKE_PREFIX_PATH=${CMAKE_PREFIX_PATH}:/home/robotdeveloper02/IsaacSim-ros_workspaces-main/humble_ws/install/my_ros2_package:/home/robotdeveloper02/IsaacSim-ros_workspaces-main/humble_ws/install/jetbot_controller:/home/robotdeveloper02/IsaacSim-ros_workspaces-main/humble_ws/install/isaac_ros_navigation_goal:/home/robotdeveloper02/IsaacSim-ros_workspaces-main/humble_ws/install/error_subscriber:/home/robotdeveloper02/IsaacSim-ros_workspaces-main/humble_ws/install/cube_controller:/home/robotdeveloper02/IsaacSim-ros_workspaces-main/humble_ws/install/Jettbot_position:/opt/ros/humble /usr/bin/cmake --install /home/robotdeveloper02/IsaacSim-ros_workspaces-main/humble_ws/build/isaac_ros2_messages
[1.965s] Level 1:colcon.colcon_core.environment:create_environment_scripts_only(custom_message)
[1.966s] Level 1:colcon.colcon_core.environment:checking '/home/robotdeveloper02/IsaacSim-ros_workspaces-main/humble_ws/install/custom_message' for CMake module files
[1.967s] DEBUG:colcon.colcon_core.event_handler.log_command:Invoked command in '/home/robotdeveloper02/IsaacSim-ros_workspaces-main/humble_ws/build/custom_message' returned '0': CMAKE_PREFIX_PATH=${CMAKE_PREFIX_PATH}:/home/robotdeveloper02/IsaacSim-ros_workspaces-main/humble_ws/install/my_ros2_package:/home/robotdeveloper02/IsaacSim-ros_workspaces-main/humble_ws/install/jetbot_controller:/home/robotdeveloper02/IsaacSim-ros_workspaces-main/humble_ws/install/isaac_ros_navigation_goal:/home/robotdeveloper02/IsaacSim-ros_workspaces-main/humble_ws/install/error_subscriber:/home/robotdeveloper02/IsaacSim-ros_workspaces-main/humble_ws/install/cube_controller:/home/robotdeveloper02/IsaacSim-ros_workspaces-main/humble_ws/install/Jettbot_position:/opt/ros/humble /usr/bin/cmake --install /home/robotdeveloper02/IsaacSim-ros_workspaces-main/humble_ws/build/custom_message
[1.967s] Level 1:colcon.colcon_core.environment:checking '/home/robotdeveloper02/IsaacSim-ros_workspaces-main/humble_ws/install/custom_message' for CMake config files
[1.968s] Level 1:colcon.colcon_core.shell:create_environment_hook('custom_message', 'cmake_prefix_path')
[1.968s] INFO:colcon.colcon_core.shell:Creating environment hook '/home/robotdeveloper02/IsaacSim-ros_workspaces-main/humble_ws/install/custom_message/share/custom_message/hook/cmake_prefix_path.ps1'
[1.972s] INFO:colcon.colcon_core.shell:Creating environment descriptor '/home/robotdeveloper02/IsaacSim-ros_workspaces-main/humble_ws/install/custom_message/share/custom_message/hook/cmake_prefix_path.dsv'
[1.972s] INFO:colcon.colcon_core.shell:Creating environment hook '/home/robotdeveloper02/IsaacSim-ros_workspaces-main/humble_ws/install/custom_message/share/custom_message/hook/cmake_prefix_path.sh'
[1.973s] Level 1:colcon.colcon_core.environment:checking '/home/robotdeveloper02/IsaacSim-ros_workspaces-main/humble_ws/install/custom_message/lib'
[1.973s] Level 1:colcon.colcon_core.shell:create_environment_hook('custom_message', 'ld_library_path_lib')
[1.974s] INFO:colcon.colcon_core.shell:Creating environment hook '/home/robotdeveloper02/IsaacSim-ros_workspaces-main/humble_ws/install/custom_message/share/custom_message/hook/ld_library_path_lib.ps1'
[1.974s] INFO:colcon.colcon_core.shell:Creating environment descriptor '/home/robotdeveloper02/IsaacSim-ros_workspaces-main/humble_ws/install/custom_message/share/custom_message/hook/ld_library_path_lib.dsv'
[1.975s] INFO:colcon.colcon_core.shell:Creating environment hook '/home/robotdeveloper02/IsaacSim-ros_workspaces-main/humble_ws/install/custom_message/share/custom_message/hook/ld_library_path_lib.sh'
[1.975s] Level 1:colcon.colcon_core.environment:checking '/home/robotdeveloper02/IsaacSim-ros_workspaces-main/humble_ws/install/custom_message/bin'
[1.975s] Level 1:colcon.colcon_core.environment:checking '/home/robotdeveloper02/IsaacSim-ros_workspaces-main/humble_ws/install/custom_message/lib/pkgconfig/custom_message.pc'
[1.976s] Level 1:colcon.colcon_core.environment:checking '/home/robotdeveloper02/IsaacSim-ros_workspaces-main/humble_ws/install/custom_message/lib/python3.10/site-packages'
[1.976s] Level 1:colcon.colcon_core.environment:checking '/home/robotdeveloper02/IsaacSim-ros_workspaces-main/humble_ws/install/custom_message/bin'
[1.977s] INFO:colcon.colcon_core.shell:Creating package script '/home/robotdeveloper02/IsaacSim-ros_workspaces-main/humble_ws/install/custom_message/share/custom_message/package.ps1'
[1.977s] INFO:colcon.colcon_core.shell:Creating package descriptor '/home/robotdeveloper02/IsaacSim-ros_workspaces-main/humble_ws/install/custom_message/share/custom_message/package.dsv'
[1.978s] INFO:colcon.colcon_core.shell:Creating package script '/home/robotdeveloper02/IsaacSim-ros_workspaces-main/humble_ws/install/custom_message/share/custom_message/package.sh'
[1.978s] INFO:colcon.colcon_core.shell:Creating package script '/home/robotdeveloper02/IsaacSim-ros_workspaces-main/humble_ws/install/custom_message/share/custom_message/package.bash'
[1.979s] INFO:colcon.colcon_core.shell:Creating package script '/home/robotdeveloper02/IsaacSim-ros_workspaces-main/humble_ws/install/custom_message/share/custom_message/package.zsh'
[1.979s] Level 1:colcon.colcon_core.environment:create_file_with_runtime_dependencies(/home/robotdeveloper02/IsaacSim-ros_workspaces-main/humble_ws/install/custom_message/share/colcon-core/packages/custom_message)
[2.002s] Level 1:colcon.colcon_core.environment:create_environment_scripts_only(isaac_ros2_messages)
[2.003s] Level 1:colcon.colcon_core.environment:checking '/home/robotdeveloper02/IsaacSim-ros_workspaces-main/humble_ws/install/isaac_ros2_messages' for CMake module files
[2.003s] DEBUG:colcon.colcon_core.event_handler.log_command:Invoked command in '/home/robotdeveloper02/IsaacSim-ros_workspaces-main/humble_ws/build/isaac_ros2_messages' returned '0': CMAKE_PREFIX_PATH=${CMAKE_PREFIX_PATH}:/home/robotdeveloper02/IsaacSim-ros_workspaces-main/humble_ws/install/my_ros2_package:/home/robotdeveloper02/IsaacSim-ros_workspaces-main/humble_ws/install/jetbot_controller:/home/robotdeveloper02/IsaacSim-ros_workspaces-main/humble_ws/install/isaac_ros_navigation_goal:/home/robotdeveloper02/IsaacSim-ros_workspaces-main/humble_ws/install/error_subscriber:/home/robotdeveloper02/IsaacSim-ros_workspaces-main/humble_ws/install/cube_controller:/home/robotdeveloper02/IsaacSim-ros_workspaces-main/humble_ws/install/Jettbot_position:/opt/ros/humble /usr/bin/cmake --install /home/robotdeveloper02/IsaacSim-ros_workspaces-main/humble_ws/build/isaac_ros2_messages
[2.004s] Level 1:colcon.colcon_core.environment:checking '/home/robotdeveloper02/IsaacSim-ros_workspaces-main/humble_ws/install/isaac_ros2_messages' for CMake config files
[2.004s] Level 1:colcon.colcon_core.shell:create_environment_hook('isaac_ros2_messages', 'cmake_prefix_path')
[2.005s] INFO:colcon.colcon_core.shell:Creating environment hook '/home/robotdeveloper02/IsaacSim-ros_workspaces-main/humble_ws/install/isaac_ros2_messages/share/isaac_ros2_messages/hook/cmake_prefix_path.ps1'
[2.005s] INFO:colcon.colcon_core.shell:Creating environment descriptor '/home/robotdeveloper02/IsaacSim-ros_workspaces-main/humble_ws/install/isaac_ros2_messages/share/isaac_ros2_messages/hook/cmake_prefix_path.dsv'
[2.005s] INFO:colcon.colcon_core.shell:Creating environment hook '/home/robotdeveloper02/IsaacSim-ros_workspaces-main/humble_ws/install/isaac_ros2_messages/share/isaac_ros2_messages/hook/cmake_prefix_path.sh'
[2.006s] Level 1:colcon.colcon_core.environment:checking '/home/robotdeveloper02/IsaacSim-ros_workspaces-main/humble_ws/install/isaac_ros2_messages/lib'
[2.006s] Level 1:colcon.colcon_core.shell:create_environment_hook('isaac_ros2_messages', 'ld_library_path_lib')
[2.006s] INFO:colcon.colcon_core.shell:Creating environment hook '/home/robotdeveloper02/IsaacSim-ros_workspaces-main/humble_ws/install/isaac_ros2_messages/share/isaac_ros2_messages/hook/ld_library_path_lib.ps1'
[2.006s] INFO:colcon.colcon_core.shell:Creating environment descriptor '/home/robotdeveloper02/IsaacSim-ros_workspaces-main/humble_ws/install/isaac_ros2_messages/share/isaac_ros2_messages/hook/ld_library_path_lib.dsv'
[2.007s] INFO:colcon.colcon_core.shell:Creating environment hook '/home/robotdeveloper02/IsaacSim-ros_workspaces-main/humble_ws/install/isaac_ros2_messages/share/isaac_ros2_messages/hook/ld_library_path_lib.sh'
[2.007s] Level 1:colcon.colcon_core.environment:checking '/home/robotdeveloper02/IsaacSim-ros_workspaces-main/humble_ws/install/isaac_ros2_messages/bin'
[2.007s] Level 1:colcon.colcon_core.environment:checking '/home/robotdeveloper02/IsaacSim-ros_workspaces-main/humble_ws/install/isaac_ros2_messages/lib/pkgconfig/isaac_ros2_messages.pc'
[2.007s] Level 1:colcon.colcon_core.environment:checking '/home/robotdeveloper02/IsaacSim-ros_workspaces-main/humble_ws/install/isaac_ros2_messages/lib/python3.10/site-packages'
[2.007s] Level 1:colcon.colcon_core.environment:checking '/home/robotdeveloper02/IsaacSim-ros_workspaces-main/humble_ws/install/isaac_ros2_messages/bin'
[2.008s] INFO:colcon.colcon_core.shell:Creating package script '/home/robotdeveloper02/IsaacSim-ros_workspaces-main/humble_ws/install/isaac_ros2_messages/share/isaac_ros2_messages/package.ps1'
[2.009s] INFO:colcon.colcon_core.shell:Creating package descriptor '/home/robotdeveloper02/IsaacSim-ros_workspaces-main/humble_ws/install/isaac_ros2_messages/share/isaac_ros2_messages/package.dsv'
[2.009s] INFO:colcon.colcon_core.shell:Creating package script '/home/robotdeveloper02/IsaacSim-ros_workspaces-main/humble_ws/install/isaac_ros2_messages/share/isaac_ros2_messages/package.sh'
[2.010s] INFO:colcon.colcon_core.shell:Creating package script '/home/robotdeveloper02/IsaacSim-ros_workspaces-main/humble_ws/install/isaac_ros2_messages/share/isaac_ros2_messages/package.bash'
[2.010s] INFO:colcon.colcon_core.shell:Creating package script '/home/robotdeveloper02/IsaacSim-ros_workspaces-main/humble_ws/install/isaac_ros2_messages/share/isaac_ros2_messages/package.zsh'
[2.010s] Level 1:colcon.colcon_core.environment:create_file_with_runtime_dependencies(/home/robotdeveloper02/IsaacSim-ros_workspaces-main/humble_ws/install/isaac_ros2_messages/share/colcon-core/packages/isaac_ros2_messages)
[2.106s] Level 1:colcon.colcon_core.environment:create_environment_scripts_only(custom_message)
[2.107s] Level 1:colcon.colcon_core.environment:checking '/home/robotdeveloper02/IsaacSim-ros_workspaces-main/humble_ws/install/custom_message' for CMake module files
[2.108s] Level 1:colcon.colcon_core.environment:checking '/home/robotdeveloper02/IsaacSim-ros_workspaces-main/humble_ws/install/custom_message' for CMake config files
[2.108s] Level 1:colcon.colcon_core.shell:create_environment_hook('custom_message', 'cmake_prefix_path')
[2.108s] INFO:colcon.colcon_core.shell:Creating environment hook '/home/robotdeveloper02/IsaacSim-ros_workspaces-main/humble_ws/install/custom_message/share/custom_message/hook/cmake_prefix_path.ps1'
[2.109s] INFO:colcon.colcon_core.shell:Creating environment descriptor '/home/robotdeveloper02/IsaacSim-ros_workspaces-main/humble_ws/install/custom_message/share/custom_message/hook/cmake_prefix_path.dsv'
[2.109s] INFO:colcon.colcon_core.shell:Creating environment hook '/home/robotdeveloper02/IsaacSim-ros_workspaces-main/humble_ws/install/custom_message/share/custom_message/hook/cmake_prefix_path.sh'
[2.110s] Level 1:colcon.colcon_core.environment:checking '/home/robotdeveloper02/IsaacSim-ros_workspaces-main/humble_ws/install/custom_message/lib'
[2.110s] Level 1:colcon.colcon_core.shell:create_environment_hook('custom_message', 'ld_library_path_lib')
[2.110s] INFO:colcon.colcon_core.shell:Creating environment hook '/home/robotdeveloper02/IsaacSim-ros_workspaces-main/humble_ws/install/custom_message/share/custom_message/hook/ld_library_path_lib.ps1'
[2.110s] INFO:colcon.colcon_core.shell:Creating environment descriptor '/home/robotdeveloper02/IsaacSim-ros_workspaces-main/humble_ws/install/custom_message/share/custom_message/hook/ld_library_path_lib.dsv'
[2.111s] INFO:colcon.colcon_core.shell:Creating environment hook '/home/robotdeveloper02/IsaacSim-ros_workspaces-main/humble_ws/install/custom_message/share/custom_message/hook/ld_library_path_lib.sh'
[2.111s] Level 1:colcon.colcon_core.environment:checking '/home/robotdeveloper02/IsaacSim-ros_workspaces-main/humble_ws/install/custom_message/bin'
[2.111s] Level 1:colcon.colcon_core.environment:checking '/home/robotdeveloper02/IsaacSim-ros_workspaces-main/humble_ws/install/custom_message/lib/pkgconfig/custom_message.pc'
[2.111s] Level 1:colcon.colcon_core.environment:checking '/home/robotdeveloper02/IsaacSim-ros_workspaces-main/humble_ws/install/custom_message/lib/python3.10/site-packages'
[2.111s] Level 1:colcon.colcon_core.environment:checking '/home/robotdeveloper02/IsaacSim-ros_workspaces-main/humble_ws/install/custom_message/bin'
[2.112s] INFO:colcon.colcon_core.shell:Creating package script '/home/robotdeveloper02/IsaacSim-ros_workspaces-main/humble_ws/install/custom_message/share/custom_message/package.ps1'
[2.112s] INFO:colcon.colcon_core.shell:Creating package descriptor '/home/robotdeveloper02/IsaacSim-ros_workspaces-main/humble_ws/install/custom_message/share/custom_message/package.dsv'
[2.113s] INFO:colcon.colcon_core.shell:Creating package script '/home/robotdeveloper02/IsaacSim-ros_workspaces-main/humble_ws/install/custom_message/share/custom_message/package.sh'
[2.113s] INFO:colcon.colcon_core.shell:Creating package script '/home/robotdeveloper02/IsaacSim-ros_workspaces-main/humble_ws/install/custom_message/share/custom_message/package.bash'
[2.113s] INFO:colcon.colcon_core.shell:Creating package script '/home/robotdeveloper02/IsaacSim-ros_workspaces-main/humble_ws/install/custom_message/share/custom_message/package.zsh'
[2.114s] Level 1:colcon.colcon_core.environment:create_file_with_runtime_dependencies(/home/robotdeveloper02/IsaacSim-ros_workspaces-main/humble_ws/install/custom_message/share/colcon-core/packages/custom_message)
[2.114s] INFO:colcon.colcon_ros.task.ament_cmake.build:Building ROS package in '/home/robotdeveloper02/IsaacSim-ros_workspaces-main/humble_ws/src/IMU_otamesi' with build type 'ament_cmake'
[2.114s] INFO:colcon.colcon_cmake.task.cmake.build:Building CMake package in '/home/robotdeveloper02/IsaacSim-ros_workspaces-main/humble_ws/src/IMU_otamesi'
[2.115s] INFO:colcon.colcon_core.shell:Skip shell extension 'powershell' for command environment: Not usable outside of PowerShell
[2.115s] DEBUG:colcon.colcon_core.shell:Skip shell extension 'dsv' for command environment
[2.119s] INFO:colcon.colcon_ros.task.ament_cmake.build:Building ROS package in '/home/robotdeveloper02/IsaacSim-ros_workspaces-main/humble_ws/src/calc_cpp' with build type 'ament_cmake'
[2.120s] INFO:colcon.colcon_cmake.task.cmake.build:Building CMake package in '/home/robotdeveloper02/IsaacSim-ros_workspaces-main/humble_ws/src/calc_cpp'
[2.120s] INFO:colcon.colcon_core.shell:Skip shell extension 'powershell' for command environment: Not usable outside of PowerShell
[2.120s] DEBUG:colcon.colcon_core.shell:Skip shell extension 'dsv' for command environment
[2.131s] DEBUG:colcon.colcon_core.event_handler.log_command:Invoking command in '/home/robotdeveloper02/IsaacSim-ros_workspaces-main/humble_ws/build/IMU_otamesi': CMAKE_PREFIX_PATH=/home/robotdeveloper02/IsaacSim-ros_workspaces-main/humble_ws/install/custom_message:/home/robotdeveloper02/IsaacSim-ros_workspaces-main/humble_ws/install/my_cpp_pose_subscriber:/home/robotdeveloper02/IsaacSim-ros_workspaces-main/humble_ws/install/isaacsim:/home/robotdeveloper02/IsaacSim-ros_workspaces-main/humble_ws/install/isaac_tutorials:/home/robotdeveloper02/IsaacSim-ros_workspaces-main/humble_ws/install/isaac_ros2_messages:/home/robotdeveloper02/IsaacSim-ros_workspaces-main/humble_ws/install/IMU_otamesi:/home/robotdeveloper02/IsaacSim-ros_workspaces-main/humble_ws/install/carter_navigation:/home/robotdeveloper02/IsaacSim-ros_workspaces-main/humble_ws/install/my_ros2_package:/home/robotdeveloper02/IsaacSim-ros_workspaces-main/humble_ws/install/jetbot_controller:/home/robotdeveloper02/IsaacSim-ros_workspaces-main/humble_ws/install/isaac_ros_navigation_goal:/home/robotdeveloper02/IsaacSim-ros_workspaces-main/humble_ws/install/error_subscriber:/home/robotdeveloper02/IsaacSim-ros_workspaces-main/humble_ws/install/cube_controller:/home/robotdeveloper02/IsaacSim-ros_workspaces-main/humble_ws/install/Jettbot_position:/opt/ros/humble LD_LIBRARY_PATH=/home/robotdeveloper02/IsaacSim-ros_workspaces-main/humble_ws/install/custom_message/lib:/home/robotdeveloper02/IsaacSim-ros_workspaces-main/humble_ws/install/isaac_ros2_messages/lib:/usr/lib/x86_64-linux-gnu/gazebo-11/plugins:/opt/ros/humble/opt/rviz_ogre_vendor/lib:/opt/ros/humble/lib/x86_64-linux-gnu:/opt/ros/humble/lib /usr/bin/cmake --build /home/robotdeveloper02/IsaacSim-ros_workspaces-main/humble_ws/build/IMU_otamesi -- -j16 -l16
[2.134s] DEBUG:colcon.colcon_core.event_handler.log_command:Invoking command in '/home/robotdeveloper02/IsaacSim-ros_workspaces-main/humble_ws/build/my_cpp_pose_subscriber': CMAKE_PREFIX_PATH=/home/robotdeveloper02/IsaacSim-ros_workspaces-main/humble_ws/install/custom_message:/home/robotdeveloper02/IsaacSim-ros_workspaces-main/humble_ws/install/my_cpp_pose_subscriber:/home/robotdeveloper02/IsaacSim-ros_workspaces-main/humble_ws/install/isaacsim:/home/robotdeveloper02/IsaacSim-ros_workspaces-main/humble_ws/install/isaac_tutorials:/home/robotdeveloper02/IsaacSim-ros_workspaces-main/humble_ws/install/isaac_ros2_messages:/home/robotdeveloper02/IsaacSim-ros_workspaces-main/humble_ws/install/IMU_otamesi:/home/robotdeveloper02/IsaacSim-ros_workspaces-main/humble_ws/install/carter_navigation:/home/robotdeveloper02/IsaacSim-ros_workspaces-main/humble_ws/install/my_ros2_package:/home/robotdeveloper02/IsaacSim-ros_workspaces-main/humble_ws/install/jetbot_controller:/home/robotdeveloper02/IsaacSim-ros_workspaces-main/humble_ws/install/isaac_ros_navigation_goal:/home/robotdeveloper02/IsaacSim-ros_workspaces-main/humble_ws/install/error_subscriber:/home/robotdeveloper02/IsaacSim-ros_workspaces-main/humble_ws/install/cube_controller:/home/robotdeveloper02/IsaacSim-ros_workspaces-main/humble_ws/install/Jettbot_position:/opt/ros/humble LD_LIBRARY_PATH=/home/robotdeveloper02/IsaacSim-ros_workspaces-main/humble_ws/install/custom_message/lib:/home/robotdeveloper02/IsaacSim-ros_workspaces-main/humble_ws/install/isaac_ros2_messages/lib:/usr/lib/x86_64-linux-gnu/gazebo-11/plugins:/opt/ros/humble/opt/rviz_ogre_vendor/lib:/opt/ros/humble/lib/x86_64-linux-gnu:/opt/ros/humble/lib /usr/bin/cmake --build /home/robotdeveloper02/IsaacSim-ros_workspaces-main/humble_ws/build/my_cpp_pose_subscriber -- -j16 -l16
[2.187s] Level 1:colcon.colcon_core.environment:create_environment_scripts_only(isaac_ros2_messages)
[2.187s] Level 1:colcon.colcon_core.environment:checking '/home/robotdeveloper02/IsaacSim-ros_workspaces-main/humble_ws/install/isaac_ros2_messages' for CMake module files
[2.188s] Level 1:colcon.colcon_core.environment:checking '/home/robotdeveloper02/IsaacSim-ros_workspaces-main/humble_ws/install/isaac_ros2_messages' for CMake config files
[2.189s] Level 1:colcon.colcon_core.shell:create_environment_hook('isaac_ros2_messages', 'cmake_prefix_path')
[2.189s] INFO:colcon.colcon_core.shell:Creating environment hook '/home/robotdeveloper02/IsaacSim-ros_workspaces-main/humble_ws/install/isaac_ros2_messages/share/isaac_ros2_messages/hook/cmake_prefix_path.ps1'
[2.190s] INFO:colcon.colcon_core.shell:Creating environment descriptor '/home/robotdeveloper02/IsaacSim-ros_workspaces-main/humble_ws/install/isaac_ros2_messages/share/isaac_ros2_messages/hook/cmake_prefix_path.dsv'
[2.190s] INFO:colcon.colcon_core.shell:Creating environment hook '/home/robotdeveloper02/IsaacSim-ros_workspaces-main/humble_ws/install/isaac_ros2_messages/share/isaac_ros2_messages/hook/cmake_prefix_path.sh'
[2.191s] Level 1:colcon.colcon_core.environment:checking '/home/robotdeveloper02/IsaacSim-ros_workspaces-main/humble_ws/install/isaac_ros2_messages/lib'
[2.191s] Level 1:colcon.colcon_core.shell:create_environment_hook('isaac_ros2_messages', 'ld_library_path_lib')
[2.192s] INFO:colcon.colcon_core.shell:Creating environment hook '/home/robotdeveloper02/IsaacSim-ros_workspaces-main/humble_ws/install/isaac_ros2_messages/share/isaac_ros2_messages/hook/ld_library_path_lib.ps1'
[2.192s] INFO:colcon.colcon_core.shell:Creating environment descriptor '/home/robotdeveloper02/IsaacSim-ros_workspaces-main/humble_ws/install/isaac_ros2_messages/share/isaac_ros2_messages/hook/ld_library_path_lib.dsv'
[2.194s] INFO:colcon.colcon_core.shell:Creating environment hook '/home/robotdeveloper02/IsaacSim-ros_workspaces-main/humble_ws/install/isaac_ros2_messages/share/isaac_ros2_messages/hook/ld_library_path_lib.sh'
[2.195s] Level 1:colcon.colcon_core.environment:checking '/home/robotdeveloper02/IsaacSim-ros_workspaces-main/humble_ws/install/isaac_ros2_messages/bin'
[2.195s] Level 1:colcon.colcon_core.environment:checking '/home/robotdeveloper02/IsaacSim-ros_workspaces-main/humble_ws/install/isaac_ros2_messages/lib/pkgconfig/isaac_ros2_messages.pc'
[2.196s] Level 1:colcon.colcon_core.environment:checking '/home/robotdeveloper02/IsaacSim-ros_workspaces-main/humble_ws/install/isaac_ros2_messages/lib/python3.10/site-packages'
[2.196s] Level 1:colcon.colcon_core.environment:checking '/home/robotdeveloper02/IsaacSim-ros_workspaces-main/humble_ws/install/isaac_ros2_messages/bin'
[2.196s] INFO:colcon.colcon_core.shell:Creating package script '/home/robotdeveloper02/IsaacSim-ros_workspaces-main/humble_ws/install/isaac_ros2_messages/share/isaac_ros2_messages/package.ps1'
[2.197s] INFO:colcon.colcon_core.shell:Creating package descriptor '/home/robotdeveloper02/IsaacSim-ros_workspaces-main/humble_ws/install/isaac_ros2_messages/share/isaac_ros2_messages/package.dsv'
[2.198s] INFO:colcon.colcon_core.shell:Creating package script '/home/robotdeveloper02/IsaacSim-ros_workspaces-main/humble_ws/install/isaac_ros2_messages/share/isaac_ros2_messages/package.sh'
[2.198s] INFO:colcon.colcon_core.shell:Creating package script '/home/robotdeveloper02/IsaacSim-ros_workspaces-main/humble_ws/install/isaac_ros2_messages/share/isaac_ros2_messages/package.bash'
[2.199s] INFO:colcon.colcon_core.shell:Creating package script '/home/robotdeveloper02/IsaacSim-ros_workspaces-main/humble_ws/install/isaac_ros2_messages/share/isaac_ros2_messages/package.zsh'
[2.199s] Level 1:colcon.colcon_core.environment:create_file_with_runtime_dependencies(/home/robotdeveloper02/IsaacSim-ros_workspaces-main/humble_ws/install/isaac_ros2_messages/share/colcon-core/packages/isaac_ros2_messages)
[2.219s] DEBUG:colcon.colcon_core.event_handler.log_command:Invoked command in '/home/robotdeveloper02/IsaacSim-ros_workspaces-main/humble_ws/build/IMU_otamesi' returned '0': CMAKE_PREFIX_PATH=/home/robotdeveloper02/IsaacSim-ros_workspaces-main/humble_ws/install/custom_message:/home/robotdeveloper02/IsaacSim-ros_workspaces-main/humble_ws/install/my_cpp_pose_subscriber:/home/robotdeveloper02/IsaacSim-ros_workspaces-main/humble_ws/install/isaacsim:/home/robotdeveloper02/IsaacSim-ros_workspaces-main/humble_ws/install/isaac_tutorials:/home/robotdeveloper02/IsaacSim-ros_workspaces-main/humble_ws/install/isaac_ros2_messages:/home/robotdeveloper02/IsaacSim-ros_workspaces-main/humble_ws/install/IMU_otamesi:/home/robotdeveloper02/IsaacSim-ros_workspaces-main/humble_ws/install/carter_navigation:/home/robotdeveloper02/IsaacSim-ros_workspaces-main/humble_ws/install/my_ros2_package:/home/robotdeveloper02/IsaacSim-ros_workspaces-main/humble_ws/install/jetbot_controller:/home/robotdeveloper02/IsaacSim-ros_workspaces-main/humble_ws/install/isaac_ros_navigation_goal:/home/robotdeveloper02/IsaacSim-ros_workspaces-main/humble_ws/install/error_subscriber:/home/robotdeveloper02/IsaacSim-ros_workspaces-main/humble_ws/install/cube_controller:/home/robotdeveloper02/IsaacSim-ros_workspaces-main/humble_ws/install/Jettbot_position:/opt/ros/humble LD_LIBRARY_PATH=/home/robotdeveloper02/IsaacSim-ros_workspaces-main/humble_ws/install/custom_message/lib:/home/robotdeveloper02/IsaacSim-ros_workspaces-main/humble_ws/install/isaac_ros2_messages/lib:/usr/lib/x86_64-linux-gnu/gazebo-11/plugins:/opt/ros/humble/opt/rviz_ogre_vendor/lib:/opt/ros/humble/lib/x86_64-linux-gnu:/opt/ros/humble/lib /usr/bin/cmake --build /home/robotdeveloper02/IsaacSim-ros_workspaces-main/humble_ws/build/IMU_otamesi -- -j16 -l16
[2.221s] DEBUG:colcon.colcon_core.event_handler.log_command:Invoked command in '/home/robotdeveloper02/IsaacSim-ros_workspaces-main/humble_ws/build/my_cpp_pose_subscriber' returned '0': CMAKE_PREFIX_PATH=/home/robotdeveloper02/IsaacSim-ros_workspaces-main/humble_ws/install/custom_message:/home/robotdeveloper02/IsaacSim-ros_workspaces-main/humble_ws/install/my_cpp_pose_subscriber:/home/robotdeveloper02/IsaacSim-ros_workspaces-main/humble_ws/install/isaacsim:/home/robotdeveloper02/IsaacSim-ros_workspaces-main/humble_ws/install/isaac_tutorials:/home/robotdeveloper02/IsaacSim-ros_workspaces-main/humble_ws/install/isaac_ros2_messages:/home/robotdeveloper02/IsaacSim-ros_workspaces-main/humble_ws/install/IMU_otamesi:/home/robotdeveloper02/IsaacSim-ros_workspaces-main/humble_ws/install/carter_navigation:/home/robotdeveloper02/IsaacSim-ros_workspaces-main/humble_ws/install/my_ros2_package:/home/robotdeveloper02/IsaacSim-ros_workspaces-main/humble_ws/install/jetbot_controller:/home/robotdeveloper02/IsaacSim-ros_workspaces-main/humble_ws/install/isaac_ros_navigation_goal:/home/robotdeveloper02/IsaacSim-ros_workspaces-main/humble_ws/install/error_subscriber:/home/robotdeveloper02/IsaacSim-ros_workspaces-main/humble_ws/install/cube_controller:/home/robotdeveloper02/IsaacSim-ros_workspaces-main/humble_ws/install/Jettbot_position:/opt/ros/humble LD_LIBRARY_PATH=/home/robotdeveloper02/IsaacSim-ros_workspaces-main/humble_ws/install/custom_message/lib:/home/robotdeveloper02/IsaacSim-ros_workspaces-main/humble_ws/install/isaac_ros2_messages/lib:/usr/lib/x86_64-linux-gnu/gazebo-11/plugins:/opt/ros/humble/opt/rviz_ogre_vendor/lib:/opt/ros/humble/lib/x86_64-linux-gnu:/opt/ros/humble/lib /usr/bin/cmake --build /home/robotdeveloper02/IsaacSim-ros_workspaces-main/humble_ws/build/my_cpp_pose_subscriber -- -j16 -l16
[2.258s] DEBUG:colcon.colcon_core.event_handler.log_command:Invoking command in '/home/robotdeveloper02/IsaacSim-ros_workspaces-main/humble_ws/build/my_cpp_pose_subscriber': CMAKE_PREFIX_PATH=/home/robotdeveloper02/IsaacSim-ros_workspaces-main/humble_ws/install/custom_message:/home/robotdeveloper02/IsaacSim-ros_workspaces-main/humble_ws/install/my_cpp_pose_subscriber:/home/robotdeveloper02/IsaacSim-ros_workspaces-main/humble_ws/install/isaacsim:/home/robotdeveloper02/IsaacSim-ros_workspaces-main/humble_ws/install/isaac_tutorials:/home/robotdeveloper02/IsaacSim-ros_workspaces-main/humble_ws/install/isaac_ros2_messages:/home/robotdeveloper02/IsaacSim-ros_workspaces-main/humble_ws/install/IMU_otamesi:/home/robotdeveloper02/IsaacSim-ros_workspaces-main/humble_ws/install/carter_navigation:/home/robotdeveloper02/IsaacSim-ros_workspaces-main/humble_ws/install/my_ros2_package:/home/robotdeveloper02/IsaacSim-ros_workspaces-main/humble_ws/install/jetbot_controller:/home/robotdeveloper02/IsaacSim-ros_workspaces-main/humble_ws/install/isaac_ros_navigation_goal:/home/robotdeveloper02/IsaacSim-ros_workspaces-main/humble_ws/install/error_subscriber:/home/robotdeveloper02/IsaacSim-ros_workspaces-main/humble_ws/install/cube_controller:/home/robotdeveloper02/IsaacSim-ros_workspaces-main/humble_ws/install/Jettbot_position:/opt/ros/humble LD_LIBRARY_PATH=/home/robotdeveloper02/IsaacSim-ros_workspaces-main/humble_ws/install/custom_message/lib:/home/robotdeveloper02/IsaacSim-ros_workspaces-main/humble_ws/install/isaac_ros2_messages/lib:/usr/lib/x86_64-linux-gnu/gazebo-11/plugins:/opt/ros/humble/opt/rviz_ogre_vendor/lib:/opt/ros/humble/lib/x86_64-linux-gnu:/opt/ros/humble/lib /usr/bin/cmake --install /home/robotdeveloper02/IsaacSim-ros_workspaces-main/humble_ws/build/my_cpp_pose_subscriber
[2.261s] DEBUG:colcon.colcon_core.event_handler.log_command:Invoking command in '/home/robotdeveloper02/IsaacSim-ros_workspaces-main/humble_ws/build/IMU_otamesi': CMAKE_PREFIX_PATH=/home/robotdeveloper02/IsaacSim-ros_workspaces-main/humble_ws/install/custom_message:/home/robotdeveloper02/IsaacSim-ros_workspaces-main/humble_ws/install/my_cpp_pose_subscriber:/home/robotdeveloper02/IsaacSim-ros_workspaces-main/humble_ws/install/isaacsim:/home/robotdeveloper02/IsaacSim-ros_workspaces-main/humble_ws/install/isaac_tutorials:/home/robotdeveloper02/IsaacSim-ros_workspaces-main/humble_ws/install/isaac_ros2_messages:/home/robotdeveloper02/IsaacSim-ros_workspaces-main/humble_ws/install/IMU_otamesi:/home/robotdeveloper02/IsaacSim-ros_workspaces-main/humble_ws/install/carter_navigation:/home/robotdeveloper02/IsaacSim-ros_workspaces-main/humble_ws/install/my_ros2_package:/home/robotdeveloper02/IsaacSim-ros_workspaces-main/humble_ws/install/jetbot_controller:/home/robotdeveloper02/IsaacSim-ros_workspaces-main/humble_ws/install/isaac_ros_navigation_goal:/home/robotdeveloper02/IsaacSim-ros_workspaces-main/humble_ws/install/error_subscriber:/home/robotdeveloper02/IsaacSim-ros_workspaces-main/humble_ws/install/cube_controller:/home/robotdeveloper02/IsaacSim-ros_workspaces-main/humble_ws/install/Jettbot_position:/opt/ros/humble LD_LIBRARY_PATH=/home/robotdeveloper02/IsaacSim-ros_workspaces-main/humble_ws/install/custom_message/lib:/home/robotdeveloper02/IsaacSim-ros_workspaces-main/humble_ws/install/isaac_ros2_messages/lib:/usr/lib/x86_64-linux-gnu/gazebo-11/plugins:/opt/ros/humble/opt/rviz_ogre_vendor/lib:/opt/ros/humble/lib/x86_64-linux-gnu:/opt/ros/humble/lib /usr/bin/cmake --install /home/robotdeveloper02/IsaacSim-ros_workspaces-main/humble_ws/build/IMU_otamesi
[2.272s] Level 1:colcon.colcon_core.environment:create_environment_scripts_only(my_cpp_pose_subscriber)
[2.273s] Level 1:colcon.colcon_core.environment:checking '/home/robotdeveloper02/IsaacSim-ros_workspaces-main/humble_ws/install/my_cpp_pose_subscriber' for CMake module files
[2.275s] Level 1:colcon.colcon_core.environment:checking '/home/robotdeveloper02/IsaacSim-ros_workspaces-main/humble_ws/install/my_cpp_pose_subscriber' for CMake config files
[2.276s] DEBUG:colcon.colcon_core.event_handler.log_command:Invoked command in '/home/robotdeveloper02/IsaacSim-ros_workspaces-main/humble_ws/build/my_cpp_pose_subscriber' returned '0': CMAKE_PREFIX_PATH=/home/robotdeveloper02/IsaacSim-ros_workspaces-main/humble_ws/install/custom_message:/home/robotdeveloper02/IsaacSim-ros_workspaces-main/humble_ws/install/my_cpp_pose_subscriber:/home/robotdeveloper02/IsaacSim-ros_workspaces-main/humble_ws/install/isaacsim:/home/robotdeveloper02/IsaacSim-ros_workspaces-main/humble_ws/install/isaac_tutorials:/home/robotdeveloper02/IsaacSim-ros_workspaces-main/humble_ws/install/isaac_ros2_messages:/home/robotdeveloper02/IsaacSim-ros_workspaces-main/humble_ws/install/IMU_otamesi:/home/robotdeveloper02/IsaacSim-ros_workspaces-main/humble_ws/install/carter_navigation:/home/robotdeveloper02/IsaacSim-ros_workspaces-main/humble_ws/install/my_ros2_package:/home/robotdeveloper02/IsaacSim-ros_workspaces-main/humble_ws/install/jetbot_controller:/home/robotdeveloper02/IsaacSim-ros_workspaces-main/humble_ws/install/isaac_ros_navigation_goal:/home/robotdeveloper02/IsaacSim-ros_workspaces-main/humble_ws/install/error_subscriber:/home/robotdeveloper02/IsaacSim-ros_workspaces-main/humble_ws/install/cube_controller:/home/robotdeveloper02/IsaacSim-ros_workspaces-main/humble_ws/install/Jettbot_position:/opt/ros/humble LD_LIBRARY_PATH=/home/robotdeveloper02/IsaacSim-ros_workspaces-main/humble_ws/install/custom_message/lib:/home/robotdeveloper02/IsaacSim-ros_workspaces-main/humble_ws/install/isaac_ros2_messages/lib:/usr/lib/x86_64-linux-gnu/gazebo-11/plugins:/opt/ros/humble/opt/rviz_ogre_vendor/lib:/opt/ros/humble/lib/x86_64-linux-gnu:/opt/ros/humble/lib /usr/bin/cmake --install /home/robotdeveloper02/IsaacSim-ros_workspaces-main/humble_ws/build/my_cpp_pose_subscriber
[2.276s] Level 1:colcon.colcon_core.shell:create_environment_hook('my_cpp_pose_subscriber', 'cmake_prefix_path')
[2.276s] INFO:colcon.colcon_core.shell:Creating environment hook '/home/robotdeveloper02/IsaacSim-ros_workspaces-main/humble_ws/install/my_cpp_pose_subscriber/share/my_cpp_pose_subscriber/hook/cmake_prefix_path.ps1'
[2.277s] INFO:colcon.colcon_core.shell:Creating environment descriptor '/home/robotdeveloper02/IsaacSim-ros_workspaces-main/humble_ws/install/my_cpp_pose_subscriber/share/my_cpp_pose_subscriber/hook/cmake_prefix_path.dsv'
[2.278s] INFO:colcon.colcon_core.shell:Creating environment hook '/home/robotdeveloper02/IsaacSim-ros_workspaces-main/humble_ws/install/my_cpp_pose_subscriber/share/my_cpp_pose_subscriber/hook/cmake_prefix_path.sh'
[2.278s] Level 1:colcon.colcon_core.environment:checking '/home/robotdeveloper02/IsaacSim-ros_workspaces-main/humble_ws/install/my_cpp_pose_subscriber/lib'
[2.278s] Level 1:colcon.colcon_core.environment:checking '/home/robotdeveloper02/IsaacSim-ros_workspaces-main/humble_ws/install/my_cpp_pose_subscriber/bin'
[2.278s] Level 1:colcon.colcon_core.environment:checking '/home/robotdeveloper02/IsaacSim-ros_workspaces-main/humble_ws/install/my_cpp_pose_subscriber/lib/pkgconfig/my_cpp_pose_subscriber.pc'
[2.279s] Level 1:colcon.colcon_core.environment:checking '/home/robotdeveloper02/IsaacSim-ros_workspaces-main/humble_ws/install/my_cpp_pose_subscriber/lib/python3.10/site-packages'
[2.279s] Level 1:colcon.colcon_core.environment:checking '/home/robotdeveloper02/IsaacSim-ros_workspaces-main/humble_ws/install/my_cpp_pose_subscriber/bin'
[2.280s] INFO:colcon.colcon_core.shell:Creating package script '/home/robotdeveloper02/IsaacSim-ros_workspaces-main/humble_ws/install/my_cpp_pose_subscriber/share/my_cpp_pose_subscriber/package.ps1'
[2.280s] INFO:colcon.colcon_core.shell:Creating package descriptor '/home/robotdeveloper02/IsaacSim-ros_workspaces-main/humble_ws/install/my_cpp_pose_subscriber/share/my_cpp_pose_subscriber/package.dsv'
[2.281s] INFO:colcon.colcon_core.shell:Creating package script '/home/robotdeveloper02/IsaacSim-ros_workspaces-main/humble_ws/install/my_cpp_pose_subscriber/share/my_cpp_pose_subscriber/package.sh'
[2.282s] INFO:colcon.colcon_core.shell:Creating package script '/home/robotdeveloper02/IsaacSim-ros_workspaces-main/humble_ws/install/my_cpp_pose_subscriber/share/my_cpp_pose_subscriber/package.bash'
[2.283s] INFO:colcon.colcon_core.shell:Creating package script '/home/robotdeveloper02/IsaacSim-ros_workspaces-main/humble_ws/install/my_cpp_pose_subscriber/share/my_cpp_pose_subscriber/package.zsh'
[2.284s] Level 1:colcon.colcon_core.environment:create_file_with_runtime_dependencies(/home/robotdeveloper02/IsaacSim-ros_workspaces-main/humble_ws/install/my_cpp_pose_subscriber/share/colcon-core/packages/my_cpp_pose_subscriber)
[2.287s] Level 1:colcon.colcon_core.environment:create_environment_scripts_only(IMU_otamesi)
[2.288s] Level 1:colcon.colcon_core.environment:checking '/home/robotdeveloper02/IsaacSim-ros_workspaces-main/humble_ws/install/IMU_otamesi' for CMake module files
[2.289s] Level 1:colcon.colcon_core.environment:checking '/home/robotdeveloper02/IsaacSim-ros_workspaces-main/humble_ws/install/IMU_otamesi' for CMake config files
[2.290s] Level 1:colcon.colcon_core.shell:create_environment_hook('IMU_otamesi', 'cmake_prefix_path')
[2.290s] DEBUG:colcon.colcon_core.event_handler.log_command:Invoked command in '/home/robotdeveloper02/IsaacSim-ros_workspaces-main/humble_ws/build/IMU_otamesi' returned '0': CMAKE_PREFIX_PATH=/home/robotdeveloper02/IsaacSim-ros_workspaces-main/humble_ws/install/custom_message:/home/robotdeveloper02/IsaacSim-ros_workspaces-main/humble_ws/install/my_cpp_pose_subscriber:/home/robotdeveloper02/IsaacSim-ros_workspaces-main/humble_ws/install/isaacsim:/home/robotdeveloper02/IsaacSim-ros_workspaces-main/humble_ws/install/isaac_tutorials:/home/robotdeveloper02/IsaacSim-ros_workspaces-main/humble_ws/install/isaac_ros2_messages:/home/robotdeveloper02/IsaacSim-ros_workspaces-main/humble_ws/install/IMU_otamesi:/home/robotdeveloper02/IsaacSim-ros_workspaces-main/humble_ws/install/carter_navigation:/home/robotdeveloper02/IsaacSim-ros_workspaces-main/humble_ws/install/my_ros2_package:/home/robotdeveloper02/IsaacSim-ros_workspaces-main/humble_ws/install/jetbot_controller:/home/robotdeveloper02/IsaacSim-ros_workspaces-main/humble_ws/install/isaac_ros_navigation_goal:/home/robotdeveloper02/IsaacSim-ros_workspaces-main/humble_ws/install/error_subscriber:/home/robotdeveloper02/IsaacSim-ros_workspaces-main/humble_ws/install/cube_controller:/home/robotdeveloper02/IsaacSim-ros_workspaces-main/humble_ws/install/Jettbot_position:/opt/ros/humble LD_LIBRARY_PATH=/home/robotdeveloper02/IsaacSim-ros_workspaces-main/humble_ws/install/custom_message/lib:/home/robotdeveloper02/IsaacSim-ros_workspaces-main/humble_ws/install/isaac_ros2_messages/lib:/usr/lib/x86_64-linux-gnu/gazebo-11/plugins:/opt/ros/humble/opt/rviz_ogre_vendor/lib:/opt/ros/humble/lib/x86_64-linux-gnu:/opt/ros/humble/lib /usr/bin/cmake --install /home/robotdeveloper02/IsaacSim-ros_workspaces-main/humble_ws/build/IMU_otamesi
[2.291s] INFO:colcon.colcon_core.shell:Creating environment hook '/home/robotdeveloper02/IsaacSim-ros_workspaces-main/humble_ws/install/IMU_otamesi/share/IMU_otamesi/hook/cmake_prefix_path.ps1'
[2.291s] INFO:colcon.colcon_core.shell:Creating environment descriptor '/home/robotdeveloper02/IsaacSim-ros_workspaces-main/humble_ws/install/IMU_otamesi/share/IMU_otamesi/hook/cmake_prefix_path.dsv'
[2.292s] INFO:colcon.colcon_core.shell:Creating environment hook '/home/robotdeveloper02/IsaacSim-ros_workspaces-main/humble_ws/install/IMU_otamesi/share/IMU_otamesi/hook/cmake_prefix_path.sh'
[2.292s] Level 1:colcon.colcon_core.environment:checking '/home/robotdeveloper02/IsaacSim-ros_workspaces-main/humble_ws/install/IMU_otamesi/lib'
[2.292s] Level 1:colcon.colcon_core.environment:checking '/home/robotdeveloper02/IsaacSim-ros_workspaces-main/humble_ws/install/IMU_otamesi/bin'
[2.292s] Level 1:colcon.colcon_core.environment:checking '/home/robotdeveloper02/IsaacSim-ros_workspaces-main/humble_ws/install/IMU_otamesi/lib/pkgconfig/IMU_otamesi.pc'
[2.293s] Level 1:colcon.colcon_core.environment:checking '/home/robotdeveloper02/IsaacSim-ros_workspaces-main/humble_ws/install/IMU_otamesi/lib/python3.10/site-packages'
[2.293s] Level 1:colcon.colcon_core.environment:checking '/home/robotdeveloper02/IsaacSim-ros_workspaces-main/humble_ws/install/IMU_otamesi/bin'
[2.293s] INFO:colcon.colcon_core.shell:Creating package script '/home/robotdeveloper02/IsaacSim-ros_workspaces-main/humble_ws/install/IMU_otamesi/share/IMU_otamesi/package.ps1'
[2.294s] INFO:colcon.colcon_core.shell:Creating package descriptor '/home/robotdeveloper02/IsaacSim-ros_workspaces-main/humble_ws/install/IMU_otamesi/share/IMU_otamesi/package.dsv'
[2.295s] INFO:colcon.colcon_core.shell:Creating package script '/home/robotdeveloper02/IsaacSim-ros_workspaces-main/humble_ws/install/IMU_otamesi/share/IMU_otamesi/package.sh'
[2.295s] INFO:colcon.colcon_core.shell:Creating package script '/home/robotdeveloper02/IsaacSim-ros_workspaces-main/humble_ws/install/IMU_otamesi/share/IMU_otamesi/package.bash'
[2.295s] INFO:colcon.colcon_core.shell:Creating package script '/home/robotdeveloper02/IsaacSim-ros_workspaces-main/humble_ws/install/IMU_otamesi/share/IMU_otamesi/package.zsh'
[2.296s] Level 1:colcon.colcon_core.environment:create_file_with_runtime_dependencies(/home/robotdeveloper02/IsaacSim-ros_workspaces-main/humble_ws/install/IMU_otamesi/share/colcon-core/packages/IMU_otamesi)
[2.326s] Level 1:colcon.colcon_core.environment:create_environment_scripts_only(my_cpp_pose_subscriber)
[2.326s] Level 1:colcon.colcon_core.environment:checking '/home/robotdeveloper02/IsaacSim-ros_workspaces-main/humble_ws/install/my_cpp_pose_subscriber' for CMake module files
[2.327s] DEBUG:colcon.colcon_core.event_handler.log_command:Invoking command in '/home/robotdeveloper02/IsaacSim-ros_workspaces-main/humble_ws/src/Jettbot_position': PYTHONPATH=/home/robotdeveloper02/IsaacSim-ros_workspaces-main/humble_ws/build/Jettbot_position/prefix_override:/usr/lib/python3/dist-packages/colcon_core/task/python/colcon_distutils_commands:/home/robotdeveloper02/IsaacSim-ros_workspaces-main/humble_ws/install/Jettbot_position/lib/python3.10/site-packages:${PYTHONPATH} /usr/bin/python3 -W ignore:setup.py install is deprecated setup.py egg_info --egg-base ../../build/Jettbot_position build --build-base /home/robotdeveloper02/IsaacSim-ros_workspaces-main/humble_ws/build/Jettbot_position/build install --record /home/robotdeveloper02/IsaacSim-ros_workspaces-main/humble_ws/build/Jettbot_position/install.log --single-version-externally-managed install_data
[2.328s] Level 1:colcon.colcon_core.environment:checking '/home/robotdeveloper02/IsaacSim-ros_workspaces-main/humble_ws/install/my_cpp_pose_subscriber' for CMake config files
[2.328s] Level 1:colcon.colcon_core.shell:create_environment_hook('my_cpp_pose_subscriber', 'cmake_prefix_path')
[2.329s] INFO:colcon.colcon_core.shell:Creating environment hook '/home/robotdeveloper02/IsaacSim-ros_workspaces-main/humble_ws/install/my_cpp_pose_subscriber/share/my_cpp_pose_subscriber/hook/cmake_prefix_path.ps1'
[2.329s] INFO:colcon.colcon_core.shell:Creating environment descriptor '/home/robotdeveloper02/IsaacSim-ros_workspaces-main/humble_ws/install/my_cpp_pose_subscriber/share/my_cpp_pose_subscriber/hook/cmake_prefix_path.dsv'
[2.330s] INFO:colcon.colcon_core.shell:Creating environment hook '/home/robotdeveloper02/IsaacSim-ros_workspaces-main/humble_ws/install/my_cpp_pose_subscriber/share/my_cpp_pose_subscriber/hook/cmake_prefix_path.sh'
[2.331s] Level 1:colcon.colcon_core.environment:checking '/home/robotdeveloper02/IsaacSim-ros_workspaces-main/humble_ws/install/my_cpp_pose_subscriber/lib'
[2.331s] Level 1:colcon.colcon_core.environment:checking '/home/robotdeveloper02/IsaacSim-ros_workspaces-main/humble_ws/install/my_cpp_pose_subscriber/bin'
[2.331s] Level 1:colcon.colcon_core.environment:checking '/home/robotdeveloper02/IsaacSim-ros_workspaces-main/humble_ws/install/my_cpp_pose_subscriber/lib/pkgconfig/my_cpp_pose_subscriber.pc'
[2.331s] Level 1:colcon.colcon_core.environment:checking '/home/robotdeveloper02/IsaacSim-ros_workspaces-main/humble_ws/install/my_cpp_pose_subscriber/lib/python3.10/site-packages'
[2.332s] Level 1:colcon.colcon_core.environment:checking '/home/robotdeveloper02/IsaacSim-ros_workspaces-main/humble_ws/install/my_cpp_pose_subscriber/bin'
[2.332s] INFO:colcon.colcon_core.shell:Creating package script '/home/robotdeveloper02/IsaacSim-ros_workspaces-main/humble_ws/install/my_cpp_pose_subscriber/share/my_cpp_pose_subscriber/package.ps1'
[2.333s] INFO:colcon.colcon_core.shell:Creating package descriptor '/home/robotdeveloper02/IsaacSim-ros_workspaces-main/humble_ws/install/my_cpp_pose_subscriber/share/my_cpp_pose_subscriber/package.dsv'
[2.334s] INFO:colcon.colcon_core.shell:Creating package script '/home/robotdeveloper02/IsaacSim-ros_workspaces-main/humble_ws/install/my_cpp_pose_subscriber/share/my_cpp_pose_subscriber/package.sh'
[2.335s] INFO:colcon.colcon_core.shell:Creating package script '/home/robotdeveloper02/IsaacSim-ros_workspaces-main/humble_ws/install/my_cpp_pose_subscriber/share/my_cpp_pose_subscriber/package.bash'
[2.335s] INFO:colcon.colcon_core.shell:Creating package script '/home/robotdeveloper02/IsaacSim-ros_workspaces-main/humble_ws/install/my_cpp_pose_subscriber/share/my_cpp_pose_subscriber/package.zsh'
[2.336s] Level 1:colcon.colcon_core.environment:create_file_with_runtime_dependencies(/home/robotdeveloper02/IsaacSim-ros_workspaces-main/humble_ws/install/my_cpp_pose_subscriber/share/colcon-core/packages/my_cpp_pose_subscriber)
[2.338s] Level 1:colcon.colcon_core.environment:create_environment_scripts_only(IMU_otamesi)
[2.338s] Level 1:colcon.colcon_core.environment:checking '/home/robotdeveloper02/IsaacSim-ros_workspaces-main/humble_ws/install/IMU_otamesi' for CMake module files
[2.339s] Level 1:colcon.colcon_core.environment:checking '/home/robotdeveloper02/IsaacSim-ros_workspaces-main/humble_ws/install/IMU_otamesi' for CMake config files
[2.339s] Level 1:colcon.colcon_core.shell:create_environment_hook('IMU_otamesi', 'cmake_prefix_path')
[2.339s] INFO:colcon.colcon_core.shell:Creating environment hook '/home/robotdeveloper02/IsaacSim-ros_workspaces-main/humble_ws/install/IMU_otamesi/share/IMU_otamesi/hook/cmake_prefix_path.ps1'
[2.340s] INFO:colcon.colcon_core.shell:Creating environment descriptor '/home/robotdeveloper02/IsaacSim-ros_workspaces-main/humble_ws/install/IMU_otamesi/share/IMU_otamesi/hook/cmake_prefix_path.dsv'
[2.340s] INFO:colcon.colcon_core.shell:Creating environment hook '/home/robotdeveloper02/IsaacSim-ros_workspaces-main/humble_ws/install/IMU_otamesi/share/IMU_otamesi/hook/cmake_prefix_path.sh'
[2.340s] Level 1:colcon.colcon_core.environment:checking '/home/robotdeveloper02/IsaacSim-ros_workspaces-main/humble_ws/install/IMU_otamesi/lib'
[2.340s] Level 1:colcon.colcon_core.environment:checking '/home/robotdeveloper02/IsaacSim-ros_workspaces-main/humble_ws/install/IMU_otamesi/bin'
[2.340s] Level 1:colcon.colcon_core.environment:checking '/home/robotdeveloper02/IsaacSim-ros_workspaces-main/humble_ws/install/IMU_otamesi/lib/pkgconfig/IMU_otamesi.pc'
[2.341s] Level 1:colcon.colcon_core.environment:checking '/home/robotdeveloper02/IsaacSim-ros_workspaces-main/humble_ws/install/IMU_otamesi/lib/python3.10/site-packages'
[2.341s] Level 1:colcon.colcon_core.environment:checking '/home/robotdeveloper02/IsaacSim-ros_workspaces-main/humble_ws/install/IMU_otamesi/bin'
[2.341s] INFO:colcon.colcon_core.shell:Creating package script '/home/robotdeveloper02/IsaacSim-ros_workspaces-main/humble_ws/install/IMU_otamesi/share/IMU_otamesi/package.ps1'
[2.342s] INFO:colcon.colcon_core.shell:Creating package descriptor '/home/robotdeveloper02/IsaacSim-ros_workspaces-main/humble_ws/install/IMU_otamesi/share/IMU_otamesi/package.dsv'
[2.342s] INFO:colcon.colcon_core.shell:Creating package script '/home/robotdeveloper02/IsaacSim-ros_workspaces-main/humble_ws/install/IMU_otamesi/share/IMU_otamesi/package.sh'
[2.343s] INFO:colcon.colcon_core.shell:Creating package script '/home/robotdeveloper02/IsaacSim-ros_workspaces-main/humble_ws/install/IMU_otamesi/share/IMU_otamesi/package.bash'
[2.343s] INFO:colcon.colcon_core.shell:Creating package script '/home/robotdeveloper02/IsaacSim-ros_workspaces-main/humble_ws/install/IMU_otamesi/share/IMU_otamesi/package.zsh'
[2.343s] Level 1:colcon.colcon_core.environment:create_file_with_runtime_dependencies(/home/robotdeveloper02/IsaacSim-ros_workspaces-main/humble_ws/install/IMU_otamesi/share/colcon-core/packages/IMU_otamesi)
[2.349s] DEBUG:colcon.colcon_core.event_handler.log_command:Invoking command in '/home/robotdeveloper02/IsaacSim-ros_workspaces-main/humble_ws/src/navigation/isaac_ros_navigation_goal': PYTHONPATH=/home/robotdeveloper02/IsaacSim-ros_workspaces-main/humble_ws/build/isaac_ros_navigation_goal/prefix_override:/usr/lib/python3/dist-packages/colcon_core/task/python/colcon_distutils_commands:/home/robotdeveloper02/IsaacSim-ros_workspaces-main/humble_ws/install/isaac_ros_navigation_goal/lib/python3.10/site-packages:${PYTHONPATH} /usr/bin/python3 -W ignore:setup.py install is deprecated setup.py egg_info --egg-base ../../../build/isaac_ros_navigation_goal build --build-base /home/robotdeveloper02/IsaacSim-ros_workspaces-main/humble_ws/build/isaac_ros_navigation_goal/build install --record /home/robotdeveloper02/IsaacSim-ros_workspaces-main/humble_ws/build/isaac_ros_navigation_goal/install.log --single-version-externally-managed install_data
[2.351s] DEBUG:colcon.colcon_core.event_handler.log_command:Invoking command in '/home/robotdeveloper02/IsaacSim-ros_workspaces-main/humble_ws/src/cube_controller': PYTHONPATH=/home/robotdeveloper02/IsaacSim-ros_workspaces-main/humble_ws/build/cube_controller/prefix_override:/usr/lib/python3/dist-packages/colcon_core/task/python/colcon_distutils_commands:/home/robotdeveloper02/IsaacSim-ros_workspaces-main/humble_ws/install/cube_controller/lib/python3.10/site-packages:${PYTHONPATH} /usr/bin/python3 -W ignore:setup.py install is deprecated setup.py egg_info --egg-base ../../build/cube_controller build --build-base /home/robotdeveloper02/IsaacSim-ros_workspaces-main/humble_ws/build/cube_controller/build install --record /home/robotdeveloper02/IsaacSim-ros_workspaces-main/humble_ws/build/cube_controller/install.log --single-version-externally-managed install_data
[2.353s] DEBUG:colcon.colcon_core.event_handler.log_command:Invoking command in '/home/robotdeveloper02/IsaacSim-ros_workspaces-main/humble_ws/src/calc_py': PYTHONPATH=/home/robotdeveloper02/IsaacSim-ros_workspaces-main/humble_ws/build/my_ros2_package/prefix_override:/usr/lib/python3/dist-packages/colcon_core/task/python/colcon_distutils_commands:/home/robotdeveloper02/IsaacSim-ros_workspaces-main/humble_ws/install/my_ros2_package/lib/python3.10/site-packages:${PYTHONPATH} /usr/bin/python3 -W ignore:setup.py install is deprecated setup.py egg_info --egg-base ../../build/my_ros2_package build --build-base /home/robotdeveloper02/IsaacSim-ros_workspaces-main/humble_ws/build/my_ros2_package/build install --record /home/robotdeveloper02/IsaacSim-ros_workspaces-main/humble_ws/build/my_ros2_package/install.log --single-version-externally-managed install_data
[2.354s] DEBUG:colcon.colcon_core.event_handler.log_command:Invoking command in '/home/robotdeveloper02/IsaacSim-ros_workspaces-main/humble_ws/src/jetbot_controller': PYTHONPATH=/home/robotdeveloper02/IsaacSim-ros_workspaces-main/humble_ws/build/jetbot_controller/prefix_override:/usr/lib/python3/dist-packages/colcon_core/task/python/colcon_distutils_commands:/home/robotdeveloper02/IsaacSim-ros_workspaces-main/humble_ws/install/jetbot_controller/lib/python3.10/site-packages:${PYTHONPATH} /usr/bin/python3 -W ignore:setup.py install is deprecated setup.py egg_info --egg-base ../../build/jetbot_controller build --build-base /home/robotdeveloper02/IsaacSim-ros_workspaces-main/humble_ws/build/jetbot_controller/build install --record /home/robotdeveloper02/IsaacSim-ros_workspaces-main/humble_ws/build/jetbot_controller/install.log --single-version-externally-managed install_data
[2.679s] Level 1:colcon.colcon_core.environment:checking '/home/robotdeveloper02/IsaacSim-ros_workspaces-main/humble_ws/install/Jettbot_position' for CMake module files
[2.680s] DEBUG:colcon.colcon_core.event_handler.log_command:Invoked command in '/home/robotdeveloper02/IsaacSim-ros_workspaces-main/humble_ws/src/Jettbot_position' returned '0': PYTHONPATH=/home/robotdeveloper02/IsaacSim-ros_workspaces-main/humble_ws/build/Jettbot_position/prefix_override:/usr/lib/python3/dist-packages/colcon_core/task/python/colcon_distutils_commands:/home/robotdeveloper02/IsaacSim-ros_workspaces-main/humble_ws/install/Jettbot_position/lib/python3.10/site-packages:${PYTHONPATH} /usr/bin/python3 -W ignore:setup.py install is deprecated setup.py egg_info --egg-base ../../build/Jettbot_position build --build-base /home/robotdeveloper02/IsaacSim-ros_workspaces-main/humble_ws/build/Jettbot_position/build install --record /home/robotdeveloper02/IsaacSim-ros_workspaces-main/humble_ws/build/Jettbot_position/install.log --single-version-externally-managed install_data
[2.681s] Level 1:colcon.colcon_core.environment:checking '/home/robotdeveloper02/IsaacSim-ros_workspaces-main/humble_ws/install/Jettbot_position' for CMake config files
[2.681s] Level 1:colcon.colcon_core.environment:checking '/home/robotdeveloper02/IsaacSim-ros_workspaces-main/humble_ws/install/Jettbot_position/lib'
[2.682s] Level 1:colcon.colcon_core.environment:checking '/home/robotdeveloper02/IsaacSim-ros_workspaces-main/humble_ws/install/Jettbot_position/bin'
[2.682s] Level 1:colcon.colcon_core.environment:checking '/home/robotdeveloper02/IsaacSim-ros_workspaces-main/humble_ws/install/Jettbot_position/lib/pkgconfig/Jettbot_position.pc'
[2.682s] Level 1:colcon.colcon_core.environment:checking '/home/robotdeveloper02/IsaacSim-ros_workspaces-main/humble_ws/install/Jettbot_position/lib/python3.10/site-packages'
[2.682s] Level 1:colcon.colcon_core.shell:create_environment_hook('Jettbot_position', 'pythonpath')
[2.682s] INFO:colcon.colcon_core.shell:Creating environment hook '/home/robotdeveloper02/IsaacSim-ros_workspaces-main/humble_ws/install/Jettbot_position/share/Jettbot_position/hook/pythonpath.ps1'
[2.683s] INFO:colcon.colcon_core.shell:Creating environment descriptor '/home/robotdeveloper02/IsaacSim-ros_workspaces-main/humble_ws/install/Jettbot_position/share/Jettbot_position/hook/pythonpath.dsv'
[2.684s] INFO:colcon.colcon_core.shell:Creating environment hook '/home/robotdeveloper02/IsaacSim-ros_workspaces-main/humble_ws/install/Jettbot_position/share/Jettbot_position/hook/pythonpath.sh'
[2.684s] Level 1:colcon.colcon_core.environment:checking '/home/robotdeveloper02/IsaacSim-ros_workspaces-main/humble_ws/install/Jettbot_position/bin'
[2.684s] Level 1:colcon.colcon_core.environment:create_environment_scripts_only(Jettbot_position)
[2.684s] INFO:colcon.colcon_core.shell:Creating package script '/home/robotdeveloper02/IsaacSim-ros_workspaces-main/humble_ws/install/Jettbot_position/share/Jettbot_position/package.ps1'
[2.685s] INFO:colcon.colcon_core.shell:Creating package descriptor '/home/robotdeveloper02/IsaacSim-ros_workspaces-main/humble_ws/install/Jettbot_position/share/Jettbot_position/package.dsv'
[2.685s] INFO:colcon.colcon_core.shell:Creating package script '/home/robotdeveloper02/IsaacSim-ros_workspaces-main/humble_ws/install/Jettbot_position/share/Jettbot_position/package.sh'
[2.686s] INFO:colcon.colcon_core.shell:Creating package script '/home/robotdeveloper02/IsaacSim-ros_workspaces-main/humble_ws/install/Jettbot_position/share/Jettbot_position/package.bash'
[2.686s] INFO:colcon.colcon_core.shell:Creating package script '/home/robotdeveloper02/IsaacSim-ros_workspaces-main/humble_ws/install/Jettbot_position/share/Jettbot_position/package.zsh'
[2.687s] Level 1:colcon.colcon_core.environment:create_file_with_runtime_dependencies(/home/robotdeveloper02/IsaacSim-ros_workspaces-main/humble_ws/install/Jettbot_position/share/colcon-core/packages/Jettbot_position)
[2.700s] Level 1:colcon.colcon_core.environment:checking '/home/robotdeveloper02/IsaacSim-ros_workspaces-main/humble_ws/install/jetbot_controller' for CMake module files
[2.701s] DEBUG:colcon.colcon_core.event_handler.log_command:Invoked command in '/home/robotdeveloper02/IsaacSim-ros_workspaces-main/humble_ws/src/jetbot_controller' returned '0': PYTHONPATH=/home/robotdeveloper02/IsaacSim-ros_workspaces-main/humble_ws/build/jetbot_controller/prefix_override:/usr/lib/python3/dist-packages/colcon_core/task/python/colcon_distutils_commands:/home/robotdeveloper02/IsaacSim-ros_workspaces-main/humble_ws/install/jetbot_controller/lib/python3.10/site-packages:${PYTHONPATH} /usr/bin/python3 -W ignore:setup.py install is deprecated setup.py egg_info --egg-base ../../build/jetbot_controller build --build-base /home/robotdeveloper02/IsaacSim-ros_workspaces-main/humble_ws/build/jetbot_controller/build install --record /home/robotdeveloper02/IsaacSim-ros_workspaces-main/humble_ws/build/jetbot_controller/install.log --single-version-externally-managed install_data
[2.701s] Level 1:colcon.colcon_core.environment:checking '/home/robotdeveloper02/IsaacSim-ros_workspaces-main/humble_ws/install/jetbot_controller' for CMake config files
[2.702s] Level 1:colcon.colcon_core.environment:checking '/home/robotdeveloper02/IsaacSim-ros_workspaces-main/humble_ws/install/jetbot_controller/lib'
[2.702s] Level 1:colcon.colcon_core.environment:checking '/home/robotdeveloper02/IsaacSim-ros_workspaces-main/humble_ws/install/jetbot_controller/bin'
[2.702s] Level 1:colcon.colcon_core.environment:checking '/home/robotdeveloper02/IsaacSim-ros_workspaces-main/humble_ws/install/jetbot_controller/lib/pkgconfig/jetbot_controller.pc'
[2.702s] Level 1:colcon.colcon_core.environment:checking '/home/robotdeveloper02/IsaacSim-ros_workspaces-main/humble_ws/install/jetbot_controller/lib/python3.10/site-packages'
[2.702s] Level 1:colcon.colcon_core.shell:create_environment_hook('jetbot_controller', 'pythonpath')
[2.702s] INFO:colcon.colcon_core.shell:Creating environment hook '/home/robotdeveloper02/IsaacSim-ros_workspaces-main/humble_ws/install/jetbot_controller/share/jetbot_controller/hook/pythonpath.ps1'
[2.703s] INFO:colcon.colcon_core.shell:Creating environment descriptor '/home/robotdeveloper02/IsaacSim-ros_workspaces-main/humble_ws/install/jetbot_controller/share/jetbot_controller/hook/pythonpath.dsv'
[2.703s] INFO:colcon.colcon_core.shell:Creating environment hook '/home/robotdeveloper02/IsaacSim-ros_workspaces-main/humble_ws/install/jetbot_controller/share/jetbot_controller/hook/pythonpath.sh'
[2.704s] Level 1:colcon.colcon_core.environment:checking '/home/robotdeveloper02/IsaacSim-ros_workspaces-main/humble_ws/install/jetbot_controller/bin'
[2.704s] Level 1:colcon.colcon_core.environment:create_environment_scripts_only(jetbot_controller)
[2.704s] INFO:colcon.colcon_core.shell:Creating package script '/home/robotdeveloper02/IsaacSim-ros_workspaces-main/humble_ws/install/jetbot_controller/share/jetbot_controller/package.ps1'
[2.705s] INFO:colcon.colcon_core.shell:Creating package descriptor '/home/robotdeveloper02/IsaacSim-ros_workspaces-main/humble_ws/install/jetbot_controller/share/jetbot_controller/package.dsv'
[2.705s] INFO:colcon.colcon_core.shell:Creating package script '/home/robotdeveloper02/IsaacSim-ros_workspaces-main/humble_ws/install/jetbot_controller/share/jetbot_controller/package.sh'
[2.706s] INFO:colcon.colcon_core.shell:Creating package script '/home/robotdeveloper02/IsaacSim-ros_workspaces-main/humble_ws/install/jetbot_controller/share/jetbot_controller/package.bash'
[2.706s] INFO:colcon.colcon_core.shell:Creating package script '/home/robotdeveloper02/IsaacSim-ros_workspaces-main/humble_ws/install/jetbot_controller/share/jetbot_controller/package.zsh'
[2.706s] Level 1:colcon.colcon_core.environment:create_file_with_runtime_dependencies(/home/robotdeveloper02/IsaacSim-ros_workspaces-main/humble_ws/install/jetbot_controller/share/colcon-core/packages/jetbot_controller)
[2.708s] Level 1:colcon.colcon_core.environment:checking '/home/robotdeveloper02/IsaacSim-ros_workspaces-main/humble_ws/install/isaac_ros_navigation_goal' for CMake module files
[2.709s] Level 1:colcon.colcon_core.environment:checking '/home/robotdeveloper02/IsaacSim-ros_workspaces-main/humble_ws/install/isaac_ros_navigation_goal' for CMake config files
[2.709s] DEBUG:colcon.colcon_core.event_handler.log_command:Invoked command in '/home/robotdeveloper02/IsaacSim-ros_workspaces-main/humble_ws/src/navigation/isaac_ros_navigation_goal' returned '0': PYTHONPATH=/home/robotdeveloper02/IsaacSim-ros_workspaces-main/humble_ws/build/isaac_ros_navigation_goal/prefix_override:/usr/lib/python3/dist-packages/colcon_core/task/python/colcon_distutils_commands:/home/robotdeveloper02/IsaacSim-ros_workspaces-main/humble_ws/install/isaac_ros_navigation_goal/lib/python3.10/site-packages:${PYTHONPATH} /usr/bin/python3 -W ignore:setup.py install is deprecated setup.py egg_info --egg-base ../../../build/isaac_ros_navigation_goal build --build-base /home/robotdeveloper02/IsaacSim-ros_workspaces-main/humble_ws/build/isaac_ros_navigation_goal/build install --record /home/robotdeveloper02/IsaacSim-ros_workspaces-main/humble_ws/build/isaac_ros_navigation_goal/install.log --single-version-externally-managed install_data
[2.710s] Level 1:colcon.colcon_core.environment:checking '/home/robotdeveloper02/IsaacSim-ros_workspaces-main/humble_ws/install/isaac_ros_navigation_goal/lib'
[2.710s] Level 1:colcon.colcon_core.environment:checking '/home/robotdeveloper02/IsaacSim-ros_workspaces-main/humble_ws/install/isaac_ros_navigation_goal/bin'
[2.710s] Level 1:colcon.colcon_core.environment:checking '/home/robotdeveloper02/IsaacSim-ros_workspaces-main/humble_ws/install/isaac_ros_navigation_goal/lib/pkgconfig/isaac_ros_navigation_goal.pc'
[2.710s] Level 1:colcon.colcon_core.environment:checking '/home/robotdeveloper02/IsaacSim-ros_workspaces-main/humble_ws/install/isaac_ros_navigation_goal/lib/python3.10/site-packages'
[2.710s] Level 1:colcon.colcon_core.shell:create_environment_hook('isaac_ros_navigation_goal', 'pythonpath')
[2.710s] INFO:colcon.colcon_core.shell:Creating environment hook '/home/robotdeveloper02/IsaacSim-ros_workspaces-main/humble_ws/install/isaac_ros_navigation_goal/share/isaac_ros_navigation_goal/hook/pythonpath.ps1'
[2.710s] INFO:colcon.colcon_core.shell:Creating environment descriptor '/home/robotdeveloper02/IsaacSim-ros_workspaces-main/humble_ws/install/isaac_ros_navigation_goal/share/isaac_ros_navigation_goal/hook/pythonpath.dsv'
[2.711s] INFO:colcon.colcon_core.shell:Creating environment hook '/home/robotdeveloper02/IsaacSim-ros_workspaces-main/humble_ws/install/isaac_ros_navigation_goal/share/isaac_ros_navigation_goal/hook/pythonpath.sh'
[2.711s] Level 1:colcon.colcon_core.environment:checking '/home/robotdeveloper02/IsaacSim-ros_workspaces-main/humble_ws/install/isaac_ros_navigation_goal/bin'
[2.711s] Level 1:colcon.colcon_core.environment:create_environment_scripts_only(isaac_ros_navigation_goal)
[2.712s] INFO:colcon.colcon_core.shell:Creating package script '/home/robotdeveloper02/IsaacSim-ros_workspaces-main/humble_ws/install/isaac_ros_navigation_goal/share/isaac_ros_navigation_goal/package.ps1'
[2.712s] INFO:colcon.colcon_core.shell:Creating package descriptor '/home/robotdeveloper02/IsaacSim-ros_workspaces-main/humble_ws/install/isaac_ros_navigation_goal/share/isaac_ros_navigation_goal/package.dsv'
[2.712s] INFO:colcon.colcon_core.shell:Creating package script '/home/robotdeveloper02/IsaacSim-ros_workspaces-main/humble_ws/install/isaac_ros_navigation_goal/share/isaac_ros_navigation_goal/package.sh'
[2.713s] INFO:colcon.colcon_core.shell:Creating package script '/home/robotdeveloper02/IsaacSim-ros_workspaces-main/humble_ws/install/isaac_ros_navigation_goal/share/isaac_ros_navigation_goal/package.bash'
[2.713s] INFO:colcon.colcon_core.shell:Creating package script '/home/robotdeveloper02/IsaacSim-ros_workspaces-main/humble_ws/install/isaac_ros_navigation_goal/share/isaac_ros_navigation_goal/package.zsh'
[2.713s] Level 1:colcon.colcon_core.environment:create_file_with_runtime_dependencies(/home/robotdeveloper02/IsaacSim-ros_workspaces-main/humble_ws/install/isaac_ros_navigation_goal/share/colcon-core/packages/isaac_ros_navigation_goal)
[2.714s] Level 1:colcon.colcon_core.environment:checking '/home/robotdeveloper02/IsaacSim-ros_workspaces-main/humble_ws/install/my_ros2_package' for CMake module files
[2.715s] DEBUG:colcon.colcon_core.event_handler.log_command:Invoked command in '/home/robotdeveloper02/IsaacSim-ros_workspaces-main/humble_ws/src/calc_py' returned '0': PYTHONPATH=/home/robotdeveloper02/IsaacSim-ros_workspaces-main/humble_ws/build/my_ros2_package/prefix_override:/usr/lib/python3/dist-packages/colcon_core/task/python/colcon_distutils_commands:/home/robotdeveloper02/IsaacSim-ros_workspaces-main/humble_ws/install/my_ros2_package/lib/python3.10/site-packages:${PYTHONPATH} /usr/bin/python3 -W ignore:setup.py install is deprecated setup.py egg_info --egg-base ../../build/my_ros2_package build --build-base /home/robotdeveloper02/IsaacSim-ros_workspaces-main/humble_ws/build/my_ros2_package/build install --record /home/robotdeveloper02/IsaacSim-ros_workspaces-main/humble_ws/build/my_ros2_package/install.log --single-version-externally-managed install_data
[2.715s] Level 1:colcon.colcon_core.environment:checking '/home/robotdeveloper02/IsaacSim-ros_workspaces-main/humble_ws/install/my_ros2_package' for CMake config files
[2.715s] Level 1:colcon.colcon_core.environment:checking '/home/robotdeveloper02/IsaacSim-ros_workspaces-main/humble_ws/install/my_ros2_package/lib'
[2.716s] Level 1:colcon.colcon_core.environment:checking '/home/robotdeveloper02/IsaacSim-ros_workspaces-main/humble_ws/install/my_ros2_package/bin'
[2.716s] Level 1:colcon.colcon_core.environment:checking '/home/robotdeveloper02/IsaacSim-ros_workspaces-main/humble_ws/install/my_ros2_package/lib/pkgconfig/my_ros2_package.pc'
[2.716s] Level 1:colcon.colcon_core.environment:checking '/home/robotdeveloper02/IsaacSim-ros_workspaces-main/humble_ws/install/my_ros2_package/lib/python3.10/site-packages'
[2.716s] Level 1:colcon.colcon_core.shell:create_environment_hook('my_ros2_package', 'pythonpath')
[2.716s] INFO:colcon.colcon_core.shell:Creating environment hook '/home/robotdeveloper02/IsaacSim-ros_workspaces-main/humble_ws/install/my_ros2_package/share/my_ros2_package/hook/pythonpath.ps1'
[2.716s] INFO:colcon.colcon_core.shell:Creating environment descriptor '/home/robotdeveloper02/IsaacSim-ros_workspaces-main/humble_ws/install/my_ros2_package/share/my_ros2_package/hook/pythonpath.dsv'
[2.717s] INFO:colcon.colcon_core.shell:Creating environment hook '/home/robotdeveloper02/IsaacSim-ros_workspaces-main/humble_ws/install/my_ros2_package/share/my_ros2_package/hook/pythonpath.sh'
[2.717s] Level 1:colcon.colcon_core.environment:checking '/home/robotdeveloper02/IsaacSim-ros_workspaces-main/humble_ws/install/my_ros2_package/bin'
[2.717s] Level 1:colcon.colcon_core.environment:create_environment_scripts_only(my_ros2_package)
[2.717s] INFO:colcon.colcon_core.shell:Creating package script '/home/robotdeveloper02/IsaacSim-ros_workspaces-main/humble_ws/install/my_ros2_package/share/my_ros2_package/package.ps1'
[2.718s] INFO:colcon.colcon_core.shell:Creating package descriptor '/home/robotdeveloper02/IsaacSim-ros_workspaces-main/humble_ws/install/my_ros2_package/share/my_ros2_package/package.dsv'
[2.718s] INFO:colcon.colcon_core.shell:Creating package script '/home/robotdeveloper02/IsaacSim-ros_workspaces-main/humble_ws/install/my_ros2_package/share/my_ros2_package/package.sh'
[2.718s] INFO:colcon.colcon_core.shell:Creating package script '/home/robotdeveloper02/IsaacSim-ros_workspaces-main/humble_ws/install/my_ros2_package/share/my_ros2_package/package.bash'
[2.719s] INFO:colcon.colcon_core.shell:Creating package script '/home/robotdeveloper02/IsaacSim-ros_workspaces-main/humble_ws/install/my_ros2_package/share/my_ros2_package/package.zsh'
[2.719s] Level 1:colcon.colcon_core.environment:create_file_with_runtime_dependencies(/home/robotdeveloper02/IsaacSim-ros_workspaces-main/humble_ws/install/my_ros2_package/share/colcon-core/packages/my_ros2_package)
[2.719s] Level 1:colcon.colcon_core.environment:checking '/home/robotdeveloper02/IsaacSim-ros_workspaces-main/humble_ws/install/cube_controller' for CMake module files
[2.720s] Level 1:colcon.colcon_core.environment:checking '/home/robotdeveloper02/IsaacSim-ros_workspaces-main/humble_ws/install/cube_controller' for CMake config files
[2.720s] DEBUG:colcon.colcon_core.event_handler.log_command:Invoked command in '/home/robotdeveloper02/IsaacSim-ros_workspaces-main/humble_ws/src/cube_controller' returned '0': PYTHONPATH=/home/robotdeveloper02/IsaacSim-ros_workspaces-main/humble_ws/build/cube_controller/prefix_override:/usr/lib/python3/dist-packages/colcon_core/task/python/colcon_distutils_commands:/home/robotdeveloper02/IsaacSim-ros_workspaces-main/humble_ws/install/cube_controller/lib/python3.10/site-packages:${PYTHONPATH} /usr/bin/python3 -W ignore:setup.py install is deprecated setup.py egg_info --egg-base ../../build/cube_controller build --build-base /home/robotdeveloper02/IsaacSim-ros_workspaces-main/humble_ws/build/cube_controller/build install --record /home/robotdeveloper02/IsaacSim-ros_workspaces-main/humble_ws/build/cube_controller/install.log --single-version-externally-managed install_data
[2.721s] Level 1:colcon.colcon_core.environment:checking '/home/robotdeveloper02/IsaacSim-ros_workspaces-main/humble_ws/install/cube_controller/lib'
[2.721s] Level 1:colcon.colcon_core.environment:checking '/home/robotdeveloper02/IsaacSim-ros_workspaces-main/humble_ws/install/cube_controller/bin'
[2.721s] Level 1:colcon.colcon_core.environment:checking '/home/robotdeveloper02/IsaacSim-ros_workspaces-main/humble_ws/install/cube_controller/lib/pkgconfig/cube_controller.pc'
[2.721s] Level 1:colcon.colcon_core.environment:checking '/home/robotdeveloper02/IsaacSim-ros_workspaces-main/humble_ws/install/cube_controller/lib/python3.10/site-packages'
[2.721s] Level 1:colcon.colcon_core.shell:create_environment_hook('cube_controller', 'pythonpath')
[2.721s] INFO:colcon.colcon_core.shell:Creating environment hook '/home/robotdeveloper02/IsaacSim-ros_workspaces-main/humble_ws/install/cube_controller/share/cube_controller/hook/pythonpath.ps1'
[2.721s] INFO:colcon.colcon_core.shell:Creating environment descriptor '/home/robotdeveloper02/IsaacSim-ros_workspaces-main/humble_ws/install/cube_controller/share/cube_controller/hook/pythonpath.dsv'
[2.722s] INFO:colcon.colcon_core.shell:Creating environment hook '/home/robotdeveloper02/IsaacSim-ros_workspaces-main/humble_ws/install/cube_controller/share/cube_controller/hook/pythonpath.sh'
[2.722s] Level 1:colcon.colcon_core.environment:checking '/home/robotdeveloper02/IsaacSim-ros_workspaces-main/humble_ws/install/cube_controller/bin'
[2.722s] Level 1:colcon.colcon_core.environment:create_environment_scripts_only(cube_controller)
[2.722s] INFO:colcon.colcon_core.shell:Creating package script '/home/robotdeveloper02/IsaacSim-ros_workspaces-main/humble_ws/install/cube_controller/share/cube_controller/package.ps1'
[2.723s] INFO:colcon.colcon_core.shell:Creating package descriptor '/home/robotdeveloper02/IsaacSim-ros_workspaces-main/humble_ws/install/cube_controller/share/cube_controller/package.dsv'
[2.723s] INFO:colcon.colcon_core.shell:Creating package script '/home/robotdeveloper02/IsaacSim-ros_workspaces-main/humble_ws/install/cube_controller/share/cube_controller/package.sh'
[2.723s] INFO:colcon.colcon_core.shell:Creating package script '/home/robotdeveloper02/IsaacSim-ros_workspaces-main/humble_ws/install/cube_controller/share/cube_controller/package.bash'
[2.724s] INFO:colcon.colcon_core.shell:Creating package script '/home/robotdeveloper02/IsaacSim-ros_workspaces-main/humble_ws/install/cube_controller/share/cube_controller/package.zsh'
[2.724s] Level 1:colcon.colcon_core.environment:create_file_with_runtime_dependencies(/home/robotdeveloper02/IsaacSim-ros_workspaces-main/humble_ws/install/cube_controller/share/colcon-core/packages/cube_controller)
[2.724s] DEBUG:colcon.colcon_parallel_executor.executor.parallel:closing loop
[2.726s] DEBUG:colcon.colcon_parallel_executor.executor.parallel:loop closed
[2.727s] DEBUG:colcon.colcon_parallel_executor.executor.parallel:run_until_complete finished with '0'
[2.727s] DEBUG:colcon.colcon_core.event_reactor:joining thread
[2.733s] INFO:colcon.colcon_core.plugin_system:Skipping extension 'colcon_notification.desktop_notification.terminal_notifier': Not used on non-Darwin systems
[2.733s] INFO:colcon.colcon_core.plugin_system:Skipping extension 'colcon_notification.desktop_notification.win32': Not used on non-Windows systems
[2.733s] INFO:colcon.colcon_notification.desktop_notification:Sending desktop notification using 'notify2'
[2.742s] DEBUG:colcon.colcon_core.event_reactor:joined thread
[2.742s] INFO:colcon.colcon_core.shell:Creating prefix script '/home/robotdeveloper02/IsaacSim-ros_workspaces-main/humble_ws/install/local_setup.ps1'
[2.743s] INFO:colcon.colcon_core.shell:Creating prefix util module '/home/robotdeveloper02/IsaacSim-ros_workspaces-main/humble_ws/install/_local_setup_util_ps1.py'
[2.744s] INFO:colcon.colcon_core.shell:Creating prefix chain script '/home/robotdeveloper02/IsaacSim-ros_workspaces-main/humble_ws/install/setup.ps1'
[2.746s] INFO:colcon.colcon_core.shell:Creating prefix script '/home/robotdeveloper02/IsaacSim-ros_workspaces-main/humble_ws/install/local_setup.sh'
[2.746s] INFO:colcon.colcon_core.shell:Creating prefix util module '/home/robotdeveloper02/IsaacSim-ros_workspaces-main/humble_ws/install/_local_setup_util_sh.py'
[2.747s] INFO:colcon.colcon_core.shell:Creating prefix chain script '/home/robotdeveloper02/IsaacSim-ros_workspaces-main/humble_ws/install/setup.sh'
[2.748s] INFO:colcon.colcon_core.shell:Creating prefix script '/home/robotdeveloper02/IsaacSim-ros_workspaces-main/humble_ws/install/local_setup.bash'
[2.749s] INFO:colcon.colcon_core.shell:Creating prefix chain script '/home/robotdeveloper02/IsaacSim-ros_workspaces-main/humble_ws/install/setup.bash'
[2.750s] INFO:colcon.colcon_core.shell:Creating prefix script '/home/robotdeveloper02/IsaacSim-ros_workspaces-main/humble_ws/install/local_setup.zsh'
[2.751s] INFO:colcon.colcon_core.shell:Creating prefix chain script '/home/robotdeveloper02/IsaacSim-ros_workspaces-main/humble_ws/install/setup.zsh'
