[0.098s] DEBUG:colcon:Command line arguments: ['/usr/bin/colcon', 'build']
[0.099s] DEBUG:colcon:Parsed command line arguments: Namespace(log_base=None, log_level=None, verb_name='build', build_base='build', install_base='install', merge_install=False, symlink_install=False, test_result_base=None, continue_on_error=False, executor='parallel', parallel_workers=16, event_handlers=None, ignore_user_meta=False, metas=['./colcon.meta'], base_paths=['.'], packages_ignore=None, packages_ignore_regex=None, paths=None, packages_up_to=None, packages_up_to_regex=None, packages_above=None, packages_above_and_dependencies=None, packages_above_depth=None, packages_select_by_dep=None, packages_skip_by_dep=None, packages_skip_up_to=None, packages_select_build_failed=False, packages_skip_build_finished=False, packages_select_test_failures=False, packages_skip_test_passed=False, packages_select=None, packages_skip=None, packages_select_regex=None, packages_skip_regex=None, packages_start=None, packages_end=None, allow_overriding=[], cmake_args=None, cmake_target=None, cmake_target_skip_unavailable=False, cmake_clean_cache=False, cmake_clean_first=False, cmake_force_configure=False, ament_cmake_args=None, catkin_cmake_args=None, catkin_skip_building_tests=False, verb_parser=<colcon_defaults.argument_parser.defaults.DefaultArgumentsDecorator object at 0x7f4e00321fc0>, verb_extension=<colcon_core.verb.build.BuildVerb object at 0x7f4e0048b520>, main=<bound method BuildVerb.main of <colcon_core.verb.build.BuildVerb object at 0x7f4e0048b520>>)
[0.263s] Level 1:colcon.colcon_core.package_discovery:discover_packages(colcon_meta) check parameters
[0.263s] Level 1:colcon.colcon_core.package_discovery:discover_packages(recursive) check parameters
[0.263s] Level 1:colcon.colcon_core.package_discovery:discover_packages(ignore) check parameters
[0.263s] Level 1:colcon.colcon_core.package_discovery:discover_packages(path) check parameters
[0.263s] Level 1:colcon.colcon_core.package_discovery:discover_packages(colcon_meta) discover
[0.263s] Level 1:colcon.colcon_core.package_discovery:discover_packages(recursive) discover
[0.263s] INFO:colcon.colcon_core.package_discovery:Crawling recursively for packages in '/home/robotdeveloper02/IsaacSim-ros_workspaces-main/humble_ws'
[0.263s] Level 1:colcon.colcon_core.package_identification:_identify(.) by extensions ['ignore', 'ignore_ament_install']
[0.263s] Level 1:colcon.colcon_core.package_identification:_identify(.) by extension 'ignore'
[0.263s] Level 1:colcon.colcon_core.package_identification:_identify(.) by extension 'ignore_ament_install'
[0.263s] Level 1:colcon.colcon_core.package_identification:_identify(.) by extensions ['colcon_pkg']
[0.263s] Level 1:colcon.colcon_core.package_identification:_identify(.) by extension 'colcon_pkg'
[0.263s] Level 1:colcon.colcon_core.package_identification:_identify(.) by extensions ['colcon_meta']
[0.263s] Level 1:colcon.colcon_core.package_identification:_identify(.) by extension 'colcon_meta'
[0.263s] Level 1:colcon.colcon_core.package_identification:_identify(.) by extensions ['ros']
[0.264s] Level 1:colcon.colcon_core.package_identification:_identify(.) by extension 'ros'
[0.273s] Level 1:colcon.colcon_core.package_identification:_identify(.) by extensions ['cmake', 'python']
[0.273s] Level 1:colcon.colcon_core.package_identification:_identify(.) by extension 'cmake'
[0.273s] Level 1:colcon.colcon_core.package_identification:_identify(.) by extension 'python'
[0.273s] Level 1:colcon.colcon_core.package_identification:_identify(.) by extensions ['python_setup_py']
[0.273s] Level 1:colcon.colcon_core.package_identification:_identify(.) by extension 'python_setup_py'
[0.273s] Level 1:colcon.colcon_core.package_identification:_identify(Kit) by extensions ['ignore', 'ignore_ament_install']
[0.273s] Level 1:colcon.colcon_core.package_identification:_identify(Kit) by extension 'ignore'
[0.273s] Level 1:colcon.colcon_core.package_identification:_identify(Kit) by extension 'ignore_ament_install'
[0.274s] Level 1:colcon.colcon_core.package_identification:_identify(Kit) by extensions ['colcon_pkg']
[0.274s] Level 1:colcon.colcon_core.package_identification:_identify(Kit) by extension 'colcon_pkg'
[0.274s] Level 1:colcon.colcon_core.package_identification:_identify(Kit) by extensions ['colcon_meta']
[0.274s] Level 1:colcon.colcon_core.package_identification:_identify(Kit) by extension 'colcon_meta'
[0.274s] Level 1:colcon.colcon_core.package_identification:_identify(Kit) by extensions ['ros']
[0.274s] Level 1:colcon.colcon_core.package_identification:_identify(Kit) by extension 'ros'
[0.274s] Level 1:colcon.colcon_core.package_identification:_identify(Kit) by extensions ['cmake', 'python']
[0.274s] Level 1:colcon.colcon_core.package_identification:_identify(Kit) by extension 'cmake'
[0.274s] Level 1:colcon.colcon_core.package_identification:_identify(Kit) by extension 'python'
[0.274s] Level 1:colcon.colcon_core.package_identification:_identify(Kit) by extensions ['python_setup_py']
[0.274s] Level 1:colcon.colcon_core.package_identification:_identify(Kit) by extension 'python_setup_py'
[0.274s] Level 1:colcon.colcon_core.package_identification:_identify(Kit/Isaac-Sim) by extensions ['ignore', 'ignore_ament_install']
[0.274s] Level 1:colcon.colcon_core.package_identification:_identify(Kit/Isaac-Sim) by extension 'ignore'
[0.274s] Level 1:colcon.colcon_core.package_identification:_identify(Kit/Isaac-Sim) by extension 'ignore_ament_install'
[0.274s] Level 1:colcon.colcon_core.package_identification:_identify(Kit/Isaac-Sim) by extensions ['colcon_pkg']
[0.274s] Level 1:colcon.colcon_core.package_identification:_identify(Kit/Isaac-Sim) by extension 'colcon_pkg'
[0.274s] Level 1:colcon.colcon_core.package_identification:_identify(Kit/Isaac-Sim) by extensions ['colcon_meta']
[0.274s] Level 1:colcon.colcon_core.package_identification:_identify(Kit/Isaac-Sim) by extension 'colcon_meta'
[0.274s] Level 1:colcon.colcon_core.package_identification:_identify(Kit/Isaac-Sim) by extensions ['ros']
[0.274s] Level 1:colcon.colcon_core.package_identification:_identify(Kit/Isaac-Sim) by extension 'ros'
[0.274s] Level 1:colcon.colcon_core.package_identification:_identify(Kit/Isaac-Sim) by extensions ['cmake', 'python']
[0.274s] Level 1:colcon.colcon_core.package_identification:_identify(Kit/Isaac-Sim) by extension 'cmake'
[0.274s] Level 1:colcon.colcon_core.package_identification:_identify(Kit/Isaac-Sim) by extension 'python'
[0.275s] Level 1:colcon.colcon_core.package_identification:_identify(Kit/Isaac-Sim) by extensions ['python_setup_py']
[0.275s] Level 1:colcon.colcon_core.package_identification:_identify(Kit/Isaac-Sim) by extension 'python_setup_py'
[0.275s] Level 1:colcon.colcon_core.package_identification:_identify(Kit/Isaac-Sim/4.1) by extensions ['ignore', 'ignore_ament_install']
[0.275s] Level 1:colcon.colcon_core.package_identification:_identify(Kit/Isaac-Sim/4.1) by extension 'ignore'
[0.275s] Level 1:colcon.colcon_core.package_identification:_identify(Kit/Isaac-Sim/4.1) by extension 'ignore_ament_install'
[0.275s] Level 1:colcon.colcon_core.package_identification:_identify(Kit/Isaac-Sim/4.1) by extensions ['colcon_pkg']
[0.275s] Level 1:colcon.colcon_core.package_identification:_identify(Kit/Isaac-Sim/4.1) by extension 'colcon_pkg'
[0.275s] Level 1:colcon.colcon_core.package_identification:_identify(Kit/Isaac-Sim/4.1) by extensions ['colcon_meta']
[0.275s] Level 1:colcon.colcon_core.package_identification:_identify(Kit/Isaac-Sim/4.1) by extension 'colcon_meta'
[0.275s] Level 1:colcon.colcon_core.package_identification:_identify(Kit/Isaac-Sim/4.1) by extensions ['ros']
[0.275s] Level 1:colcon.colcon_core.package_identification:_identify(Kit/Isaac-Sim/4.1) by extension 'ros'
[0.275s] Level 1:colcon.colcon_core.package_identification:_identify(Kit/Isaac-Sim/4.1) by extensions ['cmake', 'python']
[0.275s] Level 1:colcon.colcon_core.package_identification:_identify(Kit/Isaac-Sim/4.1) by extension 'cmake'
[0.275s] Level 1:colcon.colcon_core.package_identification:_identify(Kit/Isaac-Sim/4.1) by extension 'python'
[0.275s] Level 1:colcon.colcon_core.package_identification:_identify(Kit/Isaac-Sim/4.1) by extensions ['python_setup_py']
[0.275s] Level 1:colcon.colcon_core.package_identification:_identify(Kit/Isaac-Sim/4.1) by extension 'python_setup_py'
[0.275s] Level 1:colcon.colcon_core.package_identification:_identify(Kit/Isaac-Sim/4.1/exts) by extensions ['ignore', 'ignore_ament_install']
[0.275s] Level 1:colcon.colcon_core.package_identification:_identify(Kit/Isaac-Sim/4.1/exts) by extension 'ignore'
[0.275s] Level 1:colcon.colcon_core.package_identification:_identify(Kit/Isaac-Sim/4.1/exts) by extension 'ignore_ament_install'
[0.275s] Level 1:colcon.colcon_core.package_identification:_identify(Kit/Isaac-Sim/4.1/exts) by extensions ['colcon_pkg']
[0.275s] Level 1:colcon.colcon_core.package_identification:_identify(Kit/Isaac-Sim/4.1/exts) by extension 'colcon_pkg'
[0.275s] Level 1:colcon.colcon_core.package_identification:_identify(Kit/Isaac-Sim/4.1/exts) by extensions ['colcon_meta']
[0.275s] Level 1:colcon.colcon_core.package_identification:_identify(Kit/Isaac-Sim/4.1/exts) by extension 'colcon_meta'
[0.276s] Level 1:colcon.colcon_core.package_identification:_identify(Kit/Isaac-Sim/4.1/exts) by extensions ['ros']
[0.276s] Level 1:colcon.colcon_core.package_identification:_identify(Kit/Isaac-Sim/4.1/exts) by extension 'ros'
[0.276s] Level 1:colcon.colcon_core.package_identification:_identify(Kit/Isaac-Sim/4.1/exts) by extensions ['cmake', 'python']
[0.276s] Level 1:colcon.colcon_core.package_identification:_identify(Kit/Isaac-Sim/4.1/exts) by extension 'cmake'
[0.276s] Level 1:colcon.colcon_core.package_identification:_identify(Kit/Isaac-Sim/4.1/exts) by extension 'python'
[0.276s] Level 1:colcon.colcon_core.package_identification:_identify(Kit/Isaac-Sim/4.1/exts) by extensions ['python_setup_py']
[0.276s] Level 1:colcon.colcon_core.package_identification:_identify(Kit/Isaac-Sim/4.1/exts) by extension 'python_setup_py'
[0.276s] Level 1:colcon.colcon_core.package_identification:_identify(Kit/Isaac-Sim/4.1/exts/3) by extensions ['ignore', 'ignore_ament_install']
[0.276s] Level 1:colcon.colcon_core.package_identification:_identify(Kit/Isaac-Sim/4.1/exts/3) by extension 'ignore'
[0.276s] Level 1:colcon.colcon_core.package_identification:_identify(Kit/Isaac-Sim/4.1/exts/3) by extension 'ignore_ament_install'
[0.276s] Level 1:colcon.colcon_core.package_identification:_identify(Kit/Isaac-Sim/4.1/exts/3) by extensions ['colcon_pkg']
[0.276s] Level 1:colcon.colcon_core.package_identification:_identify(Kit/Isaac-Sim/4.1/exts/3) by extension 'colcon_pkg'
[0.276s] Level 1:colcon.colcon_core.package_identification:_identify(Kit/Isaac-Sim/4.1/exts/3) by extensions ['colcon_meta']
[0.276s] Level 1:colcon.colcon_core.package_identification:_identify(Kit/Isaac-Sim/4.1/exts/3) by extension 'colcon_meta'
[0.276s] Level 1:colcon.colcon_core.package_identification:_identify(Kit/Isaac-Sim/4.1/exts/3) by extensions ['ros']
[0.276s] Level 1:colcon.colcon_core.package_identification:_identify(Kit/Isaac-Sim/4.1/exts/3) by extension 'ros'
[0.276s] Level 1:colcon.colcon_core.package_identification:_identify(Kit/Isaac-Sim/4.1/exts/3) by extensions ['cmake', 'python']
[0.276s] Level 1:colcon.colcon_core.package_identification:_identify(Kit/Isaac-Sim/4.1/exts/3) by extension 'cmake'
[0.276s] Level 1:colcon.colcon_core.package_identification:_identify(Kit/Isaac-Sim/4.1/exts/3) by extension 'python'
[0.276s] Level 1:colcon.colcon_core.package_identification:_identify(Kit/Isaac-Sim/4.1/exts/3) by extensions ['python_setup_py']
[0.276s] Level 1:colcon.colcon_core.package_identification:_identify(Kit/Isaac-Sim/4.1/exts/3) by extension 'python_setup_py'
[0.276s] Level 1:colcon.colcon_core.package_identification:_identify(Kit/Isaac-Sim/4.1/pip3-envs) by extensions ['ignore', 'ignore_ament_install']
[0.277s] Level 1:colcon.colcon_core.package_identification:_identify(Kit/Isaac-Sim/4.1/pip3-envs) by extension 'ignore'
[0.277s] Level 1:colcon.colcon_core.package_identification:_identify(Kit/Isaac-Sim/4.1/pip3-envs) by extension 'ignore_ament_install'
[0.277s] Level 1:colcon.colcon_core.package_identification:_identify(Kit/Isaac-Sim/4.1/pip3-envs) by extensions ['colcon_pkg']
[0.277s] Level 1:colcon.colcon_core.package_identification:_identify(Kit/Isaac-Sim/4.1/pip3-envs) by extension 'colcon_pkg'
[0.277s] Level 1:colcon.colcon_core.package_identification:_identify(Kit/Isaac-Sim/4.1/pip3-envs) by extensions ['colcon_meta']
[0.277s] Level 1:colcon.colcon_core.package_identification:_identify(Kit/Isaac-Sim/4.1/pip3-envs) by extension 'colcon_meta'
[0.277s] Level 1:colcon.colcon_core.package_identification:_identify(Kit/Isaac-Sim/4.1/pip3-envs) by extensions ['ros']
[0.277s] Level 1:colcon.colcon_core.package_identification:_identify(Kit/Isaac-Sim/4.1/pip3-envs) by extension 'ros'
[0.277s] Level 1:colcon.colcon_core.package_identification:_identify(Kit/Isaac-Sim/4.1/pip3-envs) by extensions ['cmake', 'python']
[0.277s] Level 1:colcon.colcon_core.package_identification:_identify(Kit/Isaac-Sim/4.1/pip3-envs) by extension 'cmake'
[0.277s] Level 1:colcon.colcon_core.package_identification:_identify(Kit/Isaac-Sim/4.1/pip3-envs) by extension 'python'
[0.277s] Level 1:colcon.colcon_core.package_identification:_identify(Kit/Isaac-Sim/4.1/pip3-envs) by extensions ['python_setup_py']
[0.277s] Level 1:colcon.colcon_core.package_identification:_identify(Kit/Isaac-Sim/4.1/pip3-envs) by extension 'python_setup_py'
[0.277s] Level 1:colcon.colcon_core.package_identification:_identify(Kit/Isaac-Sim/4.1/pip3-envs/default) by extensions ['ignore', 'ignore_ament_install']
[0.277s] Level 1:colcon.colcon_core.package_identification:_identify(Kit/Isaac-Sim/4.1/pip3-envs/default) by extension 'ignore'
[0.277s] Level 1:colcon.colcon_core.package_identification:_identify(Kit/Isaac-Sim/4.1/pip3-envs/default) by extension 'ignore_ament_install'
[0.278s] Level 1:colcon.colcon_core.package_identification:_identify(Kit/Isaac-Sim/4.1/pip3-envs/default) by extensions ['colcon_pkg']
[0.278s] Level 1:colcon.colcon_core.package_identification:_identify(Kit/Isaac-Sim/4.1/pip3-envs/default) by extension 'colcon_pkg'
[0.278s] Level 1:colcon.colcon_core.package_identification:_identify(Kit/Isaac-Sim/4.1/pip3-envs/default) by extensions ['colcon_meta']
[0.278s] Level 1:colcon.colcon_core.package_identification:_identify(Kit/Isaac-Sim/4.1/pip3-envs/default) by extension 'colcon_meta'
[0.278s] Level 1:colcon.colcon_core.package_identification:_identify(Kit/Isaac-Sim/4.1/pip3-envs/default) by extensions ['ros']
[0.278s] Level 1:colcon.colcon_core.package_identification:_identify(Kit/Isaac-Sim/4.1/pip3-envs/default) by extension 'ros'
[0.278s] Level 1:colcon.colcon_core.package_identification:_identify(Kit/Isaac-Sim/4.1/pip3-envs/default) by extensions ['cmake', 'python']
[0.278s] Level 1:colcon.colcon_core.package_identification:_identify(Kit/Isaac-Sim/4.1/pip3-envs/default) by extension 'cmake'
[0.278s] Level 1:colcon.colcon_core.package_identification:_identify(Kit/Isaac-Sim/4.1/pip3-envs/default) by extension 'python'
[0.278s] Level 1:colcon.colcon_core.package_identification:_identify(Kit/Isaac-Sim/4.1/pip3-envs/default) by extensions ['python_setup_py']
[0.278s] Level 1:colcon.colcon_core.package_identification:_identify(Kit/Isaac-Sim/4.1/pip3-envs/default) by extension 'python_setup_py'
[0.278s] Level 1:colcon.colcon_core.package_identification:_identify(Kit/Isaac-Sim_App_Selector) by extensions ['ignore', 'ignore_ament_install']
[0.278s] Level 1:colcon.colcon_core.package_identification:_identify(Kit/Isaac-Sim_App_Selector) by extension 'ignore'
[0.278s] Level 1:colcon.colcon_core.package_identification:_identify(Kit/Isaac-Sim_App_Selector) by extension 'ignore_ament_install'
[0.278s] Level 1:colcon.colcon_core.package_identification:_identify(Kit/Isaac-Sim_App_Selector) by extensions ['colcon_pkg']
[0.278s] Level 1:colcon.colcon_core.package_identification:_identify(Kit/Isaac-Sim_App_Selector) by extension 'colcon_pkg'
[0.278s] Level 1:colcon.colcon_core.package_identification:_identify(Kit/Isaac-Sim_App_Selector) by extensions ['colcon_meta']
[0.278s] Level 1:colcon.colcon_core.package_identification:_identify(Kit/Isaac-Sim_App_Selector) by extension 'colcon_meta'
[0.278s] Level 1:colcon.colcon_core.package_identification:_identify(Kit/Isaac-Sim_App_Selector) by extensions ['ros']
[0.279s] Level 1:colcon.colcon_core.package_identification:_identify(Kit/Isaac-Sim_App_Selector) by extension 'ros'
[0.279s] Level 1:colcon.colcon_core.package_identification:_identify(Kit/Isaac-Sim_App_Selector) by extensions ['cmake', 'python']
[0.279s] Level 1:colcon.colcon_core.package_identification:_identify(Kit/Isaac-Sim_App_Selector) by extension 'cmake'
[0.279s] Level 1:colcon.colcon_core.package_identification:_identify(Kit/Isaac-Sim_App_Selector) by extension 'python'
[0.279s] Level 1:colcon.colcon_core.package_identification:_identify(Kit/Isaac-Sim_App_Selector) by extensions ['python_setup_py']
[0.279s] Level 1:colcon.colcon_core.package_identification:_identify(Kit/Isaac-Sim_App_Selector) by extension 'python_setup_py'
[0.279s] Level 1:colcon.colcon_core.package_identification:_identify(Kit/Isaac-Sim_App_Selector/4.1) by extensions ['ignore', 'ignore_ament_install']
[0.279s] Level 1:colcon.colcon_core.package_identification:_identify(Kit/Isaac-Sim_App_Selector/4.1) by extension 'ignore'
[0.279s] Level 1:colcon.colcon_core.package_identification:_identify(Kit/Isaac-Sim_App_Selector/4.1) by extension 'ignore_ament_install'
[0.279s] Level 1:colcon.colcon_core.package_identification:_identify(Kit/Isaac-Sim_App_Selector/4.1) by extensions ['colcon_pkg']
[0.279s] Level 1:colcon.colcon_core.package_identification:_identify(Kit/Isaac-Sim_App_Selector/4.1) by extension 'colcon_pkg'
[0.279s] Level 1:colcon.colcon_core.package_identification:_identify(Kit/Isaac-Sim_App_Selector/4.1) by extensions ['colcon_meta']
[0.279s] Level 1:colcon.colcon_core.package_identification:_identify(Kit/Isaac-Sim_App_Selector/4.1) by extension 'colcon_meta'
[0.279s] Level 1:colcon.colcon_core.package_identification:_identify(Kit/Isaac-Sim_App_Selector/4.1) by extensions ['ros']
[0.279s] Level 1:colcon.colcon_core.package_identification:_identify(Kit/Isaac-Sim_App_Selector/4.1) by extension 'ros'
[0.279s] Level 1:colcon.colcon_core.package_identification:_identify(Kit/Isaac-Sim_App_Selector/4.1) by extensions ['cmake', 'python']
[0.279s] Level 1:colcon.colcon_core.package_identification:_identify(Kit/Isaac-Sim_App_Selector/4.1) by extension 'cmake'
[0.280s] Level 1:colcon.colcon_core.package_identification:_identify(Kit/Isaac-Sim_App_Selector/4.1) by extension 'python'
[0.280s] Level 1:colcon.colcon_core.package_identification:_identify(Kit/Isaac-Sim_App_Selector/4.1) by extensions ['python_setup_py']
[0.280s] Level 1:colcon.colcon_core.package_identification:_identify(Kit/Isaac-Sim_App_Selector/4.1) by extension 'python_setup_py'
[0.280s] Level 1:colcon.colcon_core.package_identification:_identify(Kit/Isaac-Sim_App_Selector/4.1/exts) by extensions ['ignore', 'ignore_ament_install']
[0.280s] Level 1:colcon.colcon_core.package_identification:_identify(Kit/Isaac-Sim_App_Selector/4.1/exts) by extension 'ignore'
[0.280s] Level 1:colcon.colcon_core.package_identification:_identify(Kit/Isaac-Sim_App_Selector/4.1/exts) by extension 'ignore_ament_install'
[0.280s] Level 1:colcon.colcon_core.package_identification:_identify(Kit/Isaac-Sim_App_Selector/4.1/exts) by extensions ['colcon_pkg']
[0.280s] Level 1:colcon.colcon_core.package_identification:_identify(Kit/Isaac-Sim_App_Selector/4.1/exts) by extension 'colcon_pkg'
[0.280s] Level 1:colcon.colcon_core.package_identification:_identify(Kit/Isaac-Sim_App_Selector/4.1/exts) by extensions ['colcon_meta']
[0.280s] Level 1:colcon.colcon_core.package_identification:_identify(Kit/Isaac-Sim_App_Selector/4.1/exts) by extension 'colcon_meta'
[0.280s] Level 1:colcon.colcon_core.package_identification:_identify(Kit/Isaac-Sim_App_Selector/4.1/exts) by extensions ['ros']
[0.280s] Level 1:colcon.colcon_core.package_identification:_identify(Kit/Isaac-Sim_App_Selector/4.1/exts) by extension 'ros'
[0.280s] Level 1:colcon.colcon_core.package_identification:_identify(Kit/Isaac-Sim_App_Selector/4.1/exts) by extensions ['cmake', 'python']
[0.280s] Level 1:colcon.colcon_core.package_identification:_identify(Kit/Isaac-Sim_App_Selector/4.1/exts) by extension 'cmake'
[0.280s] Level 1:colcon.colcon_core.package_identification:_identify(Kit/Isaac-Sim_App_Selector/4.1/exts) by extension 'python'
[0.280s] Level 1:colcon.colcon_core.package_identification:_identify(Kit/Isaac-Sim_App_Selector/4.1/exts) by extensions ['python_setup_py']
[0.280s] Level 1:colcon.colcon_core.package_identification:_identify(Kit/Isaac-Sim_App_Selector/4.1/exts) by extension 'python_setup_py'
[0.280s] Level 1:colcon.colcon_core.package_identification:_identify(Kit/Isaac-Sim_App_Selector/4.1/exts/3) by extensions ['ignore', 'ignore_ament_install']
[0.280s] Level 1:colcon.colcon_core.package_identification:_identify(Kit/Isaac-Sim_App_Selector/4.1/exts/3) by extension 'ignore'
[0.280s] Level 1:colcon.colcon_core.package_identification:_identify(Kit/Isaac-Sim_App_Selector/4.1/exts/3) by extension 'ignore_ament_install'
[0.281s] Level 1:colcon.colcon_core.package_identification:_identify(Kit/Isaac-Sim_App_Selector/4.1/exts/3) by extensions ['colcon_pkg']
[0.281s] Level 1:colcon.colcon_core.package_identification:_identify(Kit/Isaac-Sim_App_Selector/4.1/exts/3) by extension 'colcon_pkg'
[0.281s] Level 1:colcon.colcon_core.package_identification:_identify(Kit/Isaac-Sim_App_Selector/4.1/exts/3) by extensions ['colcon_meta']
[0.281s] Level 1:colcon.colcon_core.package_identification:_identify(Kit/Isaac-Sim_App_Selector/4.1/exts/3) by extension 'colcon_meta'
[0.281s] Level 1:colcon.colcon_core.package_identification:_identify(Kit/Isaac-Sim_App_Selector/4.1/exts/3) by extensions ['ros']
[0.281s] Level 1:colcon.colcon_core.package_identification:_identify(Kit/Isaac-Sim_App_Selector/4.1/exts/3) by extension 'ros'
[0.281s] Level 1:colcon.colcon_core.package_identification:_identify(Kit/Isaac-Sim_App_Selector/4.1/exts/3) by extensions ['cmake', 'python']
[0.281s] Level 1:colcon.colcon_core.package_identification:_identify(Kit/Isaac-Sim_App_Selector/4.1/exts/3) by extension 'cmake'
[0.281s] Level 1:colcon.colcon_core.package_identification:_identify(Kit/Isaac-Sim_App_Selector/4.1/exts/3) by extension 'python'
[0.281s] Level 1:colcon.colcon_core.package_identification:_identify(Kit/Isaac-Sim_App_Selector/4.1/exts/3) by extensions ['python_setup_py']
[0.281s] Level 1:colcon.colcon_core.package_identification:_identify(Kit/Isaac-Sim_App_Selector/4.1/exts/3) by extension 'python_setup_py'
[0.281s] Level 1:colcon.colcon_core.package_identification:_identify(build) by extensions ['ignore', 'ignore_ament_install']
[0.281s] Level 1:colcon.colcon_core.package_identification:_identify(build) by extension 'ignore'
[0.281s] Level 1:colcon.colcon_core.package_identification:_identify(build) ignored
[0.281s] Level 1:colcon.colcon_core.package_identification:_identify(install) by extensions ['ignore', 'ignore_ament_install']
[0.281s] Level 1:colcon.colcon_core.package_identification:_identify(install) by extension 'ignore'
[0.281s] Level 1:colcon.colcon_core.package_identification:_identify(install) ignored
[0.282s] Level 1:colcon.colcon_core.package_identification:_identify(log) by extensions ['ignore', 'ignore_ament_install']
[0.282s] Level 1:colcon.colcon_core.package_identification:_identify(log) by extension 'ignore'
[0.282s] Level 1:colcon.colcon_core.package_identification:_identify(log) ignored
[0.282s] Level 1:colcon.colcon_core.package_identification:_identify(src) by extensions ['ignore', 'ignore_ament_install']
[0.282s] Level 1:colcon.colcon_core.package_identification:_identify(src) by extension 'ignore'
[0.282s] Level 1:colcon.colcon_core.package_identification:_identify(src) by extension 'ignore_ament_install'
[0.282s] Level 1:colcon.colcon_core.package_identification:_identify(src) by extensions ['colcon_pkg']
[0.282s] Level 1:colcon.colcon_core.package_identification:_identify(src) by extension 'colcon_pkg'
[0.282s] Level 1:colcon.colcon_core.package_identification:_identify(src) by extensions ['colcon_meta']
[0.282s] Level 1:colcon.colcon_core.package_identification:_identify(src) by extension 'colcon_meta'
[0.282s] Level 1:colcon.colcon_core.package_identification:_identify(src) by extensions ['ros']
[0.282s] Level 1:colcon.colcon_core.package_identification:_identify(src) by extension 'ros'
[0.282s] Level 1:colcon.colcon_core.package_identification:_identify(src) by extensions ['cmake', 'python']
[0.282s] Level 1:colcon.colcon_core.package_identification:_identify(src) by extension 'cmake'
[0.282s] Level 1:colcon.colcon_core.package_identification:_identify(src) by extension 'python'
[0.282s] Level 1:colcon.colcon_core.package_identification:_identify(src) by extensions ['python_setup_py']
[0.282s] Level 1:colcon.colcon_core.package_identification:_identify(src) by extension 'python_setup_py'
[0.282s] Level 1:colcon.colcon_core.package_identification:_identify(src/IMU_otamesi) by extensions ['ignore', 'ignore_ament_install']
[0.282s] Level 1:colcon.colcon_core.package_identification:_identify(src/IMU_otamesi) by extension 'ignore'
[0.283s] Level 1:colcon.colcon_core.package_identification:_identify(src/IMU_otamesi) by extension 'ignore_ament_install'
[0.283s] Level 1:colcon.colcon_core.package_identification:_identify(src/IMU_otamesi) by extensions ['colcon_pkg']
[0.283s] Level 1:colcon.colcon_core.package_identification:_identify(src/IMU_otamesi) by extension 'colcon_pkg'
[0.283s] Level 1:colcon.colcon_core.package_identification:_identify(src/IMU_otamesi) by extensions ['colcon_meta']
[0.283s] Level 1:colcon.colcon_core.package_identification:_identify(src/IMU_otamesi) by extension 'colcon_meta'
[0.283s] Level 1:colcon.colcon_core.package_identification:_identify(src/IMU_otamesi) by extensions ['ros']
[0.283s] Level 1:colcon.colcon_core.package_identification:_identify(src/IMU_otamesi) by extension 'ros'
[0.286s] DEBUG:colcon.colcon_core.package_identification:Package 'src/IMU_otamesi' with type 'ros.ament_cmake' and name 'IMU_otamesi'
[0.286s] Level 1:colcon.colcon_core.package_identification:_identify(src/Jettbot_position) by extensions ['ignore', 'ignore_ament_install']
[0.286s] Level 1:colcon.colcon_core.package_identification:_identify(src/Jettbot_position) by extension 'ignore'
[0.286s] Level 1:colcon.colcon_core.package_identification:_identify(src/Jettbot_position) by extension 'ignore_ament_install'
[0.286s] Level 1:colcon.colcon_core.package_identification:_identify(src/Jettbot_position) by extensions ['colcon_pkg']
[0.286s] Level 1:colcon.colcon_core.package_identification:_identify(src/Jettbot_position) by extension 'colcon_pkg'
[0.286s] Level 1:colcon.colcon_core.package_identification:_identify(src/Jettbot_position) by extensions ['colcon_meta']
[0.286s] Level 1:colcon.colcon_core.package_identification:_identify(src/Jettbot_position) by extension 'colcon_meta'
[0.286s] Level 1:colcon.colcon_core.package_identification:_identify(src/Jettbot_position) by extensions ['ros']
[0.286s] Level 1:colcon.colcon_core.package_identification:_identify(src/Jettbot_position) by extension 'ros'
[0.287s] DEBUG:colcon.colcon_core.package_identification:Package 'src/Jettbot_position' with type 'ros.ament_python' and name 'Jettbot_position'
[0.287s] Level 1:colcon.colcon_core.package_identification:_identify(src/build) by extensions ['ignore', 'ignore_ament_install']
[0.287s] Level 1:colcon.colcon_core.package_identification:_identify(src/build) by extension 'ignore'
[0.287s] Level 1:colcon.colcon_core.package_identification:_identify(src/build) ignored
[0.287s] Level 1:colcon.colcon_core.package_identification:_identify(src/calc_cpp) by extensions ['ignore', 'ignore_ament_install']
[0.287s] Level 1:colcon.colcon_core.package_identification:_identify(src/calc_cpp) by extension 'ignore'
[0.287s] Level 1:colcon.colcon_core.package_identification:_identify(src/calc_cpp) by extension 'ignore_ament_install'
[0.287s] Level 1:colcon.colcon_core.package_identification:_identify(src/calc_cpp) by extensions ['colcon_pkg']
[0.287s] Level 1:colcon.colcon_core.package_identification:_identify(src/calc_cpp) by extension 'colcon_pkg'
[0.287s] Level 1:colcon.colcon_core.package_identification:_identify(src/calc_cpp) by extensions ['colcon_meta']
[0.287s] Level 1:colcon.colcon_core.package_identification:_identify(src/calc_cpp) by extension 'colcon_meta'
[0.287s] Level 1:colcon.colcon_core.package_identification:_identify(src/calc_cpp) by extensions ['ros']
[0.287s] Level 1:colcon.colcon_core.package_identification:_identify(src/calc_cpp) by extension 'ros'
[0.288s] DEBUG:colcon.colcon_core.package_identification:Package 'src/calc_cpp' with type 'ros.ament_cmake' and name 'my_cpp_pose_subscriber'
[0.288s] Level 1:colcon.colcon_core.package_identification:_identify(src/calc_py) by extensions ['ignore', 'ignore_ament_install']
[0.288s] Level 1:colcon.colcon_core.package_identification:_identify(src/calc_py) by extension 'ignore'
[0.288s] Level 1:colcon.colcon_core.package_identification:_identify(src/calc_py) by extension 'ignore_ament_install'
[0.288s] Level 1:colcon.colcon_core.package_identification:_identify(src/calc_py) by extensions ['colcon_pkg']
[0.288s] Level 1:colcon.colcon_core.package_identification:_identify(src/calc_py) by extension 'colcon_pkg'
[0.289s] Level 1:colcon.colcon_core.package_identification:_identify(src/calc_py) by extensions ['colcon_meta']
[0.289s] Level 1:colcon.colcon_core.package_identification:_identify(src/calc_py) by extension 'colcon_meta'
[0.289s] Level 1:colcon.colcon_core.package_identification:_identify(src/calc_py) by extensions ['ros']
[0.289s] Level 1:colcon.colcon_core.package_identification:_identify(src/calc_py) by extension 'ros'
[0.289s] DEBUG:colcon.colcon_core.package_identification:Package 'src/calc_py' with type 'ros.ament_python' and name 'my_ros2_package'
[0.289s] Level 1:colcon.colcon_core.package_identification:_identify(src/cube_controller) by extensions ['ignore', 'ignore_ament_install']
[0.289s] Level 1:colcon.colcon_core.package_identification:_identify(src/cube_controller) by extension 'ignore'
[0.289s] Level 1:colcon.colcon_core.package_identification:_identify(src/cube_controller) by extension 'ignore_ament_install'
[0.290s] Level 1:colcon.colcon_core.package_identification:_identify(src/cube_controller) by extensions ['colcon_pkg']
[0.290s] Level 1:colcon.colcon_core.package_identification:_identify(src/cube_controller) by extension 'colcon_pkg'
[0.290s] Level 1:colcon.colcon_core.package_identification:_identify(src/cube_controller) by extensions ['colcon_meta']
[0.290s] Level 1:colcon.colcon_core.package_identification:_identify(src/cube_controller) by extension 'colcon_meta'
[0.290s] Level 1:colcon.colcon_core.package_identification:_identify(src/cube_controller) by extensions ['ros']
[0.290s] Level 1:colcon.colcon_core.package_identification:_identify(src/cube_controller) by extension 'ros'
[0.290s] DEBUG:colcon.colcon_core.package_identification:Package 'src/cube_controller' with type 'ros.ament_python' and name 'cube_controller'
[0.290s] Level 1:colcon.colcon_core.package_identification:_identify(src/custom_message) by extensions ['ignore', 'ignore_ament_install']
[0.290s] Level 1:colcon.colcon_core.package_identification:_identify(src/custom_message) by extension 'ignore'
[0.290s] Level 1:colcon.colcon_core.package_identification:_identify(src/custom_message) by extension 'ignore_ament_install'
[0.291s] Level 1:colcon.colcon_core.package_identification:_identify(src/custom_message) by extensions ['colcon_pkg']
[0.291s] Level 1:colcon.colcon_core.package_identification:_identify(src/custom_message) by extension 'colcon_pkg'
[0.291s] Level 1:colcon.colcon_core.package_identification:_identify(src/custom_message) by extensions ['colcon_meta']
[0.291s] Level 1:colcon.colcon_core.package_identification:_identify(src/custom_message) by extension 'colcon_meta'
[0.291s] Level 1:colcon.colcon_core.package_identification:_identify(src/custom_message) by extensions ['ros']
[0.291s] Level 1:colcon.colcon_core.package_identification:_identify(src/custom_message) by extension 'ros'
[0.291s] DEBUG:colcon.colcon_core.package_identification:Package 'src/custom_message' with type 'ros.ament_cmake' and name 'custom_message'
[0.291s] Level 1:colcon.colcon_core.package_identification:_identify(src/install) by extensions ['ignore', 'ignore_ament_install']
[0.291s] Level 1:colcon.colcon_core.package_identification:_identify(src/install) by extension 'ignore'
[0.292s] Level 1:colcon.colcon_core.package_identification:_identify(src/install) ignored
[0.292s] Level 1:colcon.colcon_core.package_identification:_identify(src/isaac_ros2_messages) by extensions ['ignore', 'ignore_ament_install']
[0.292s] Level 1:colcon.colcon_core.package_identification:_identify(src/isaac_ros2_messages) by extension 'ignore'
[0.292s] Level 1:colcon.colcon_core.package_identification:_identify(src/isaac_ros2_messages) by extension 'ignore_ament_install'
[0.292s] Level 1:colcon.colcon_core.package_identification:_identify(src/isaac_ros2_messages) by extensions ['colcon_pkg']
[0.292s] Level 1:colcon.colcon_core.package_identification:_identify(src/isaac_ros2_messages) by extension 'colcon_pkg'
[0.292s] Level 1:colcon.colcon_core.package_identification:_identify(src/isaac_ros2_messages) by extensions ['colcon_meta']
[0.292s] Level 1:colcon.colcon_core.package_identification:_identify(src/isaac_ros2_messages) by extension 'colcon_meta'
[0.292s] Level 1:colcon.colcon_core.package_identification:_identify(src/isaac_ros2_messages) by extensions ['ros']
[0.292s] Level 1:colcon.colcon_core.package_identification:_identify(src/isaac_ros2_messages) by extension 'ros'
[0.292s] DEBUG:colcon.colcon_core.package_identification:Package 'src/isaac_ros2_messages' with type 'ros.ament_cmake' and name 'isaac_ros2_messages'
[0.293s] Level 1:colcon.colcon_core.package_identification:_identify(src/isaac_tutorials) by extensions ['ignore', 'ignore_ament_install']
[0.293s] Level 1:colcon.colcon_core.package_identification:_identify(src/isaac_tutorials) by extension 'ignore'
[0.293s] Level 1:colcon.colcon_core.package_identification:_identify(src/isaac_tutorials) by extension 'ignore_ament_install'
[0.293s] Level 1:colcon.colcon_core.package_identification:_identify(src/isaac_tutorials) by extensions ['colcon_pkg']
[0.293s] Level 1:colcon.colcon_core.package_identification:_identify(src/isaac_tutorials) by extension 'colcon_pkg'
[0.293s] Level 1:colcon.colcon_core.package_identification:_identify(src/isaac_tutorials) by extensions ['colcon_meta']
[0.293s] Level 1:colcon.colcon_core.package_identification:_identify(src/isaac_tutorials) by extension 'colcon_meta'
[0.293s] Level 1:colcon.colcon_core.package_identification:_identify(src/isaac_tutorials) by extensions ['ros']
[0.293s] Level 1:colcon.colcon_core.package_identification:_identify(src/isaac_tutorials) by extension 'ros'
[0.293s] DEBUG:colcon.colcon_core.package_identification:Package 'src/isaac_tutorials' with type 'ros.ament_cmake' and name 'isaac_tutorials'
[0.293s] Level 1:colcon.colcon_core.package_identification:_identify(src/isaacsim) by extensions ['ignore', 'ignore_ament_install']
[0.294s] Level 1:colcon.colcon_core.package_identification:_identify(src/isaacsim) by extension 'ignore'
[0.294s] Level 1:colcon.colcon_core.package_identification:_identify(src/isaacsim) by extension 'ignore_ament_install'
[0.294s] Level 1:colcon.colcon_core.package_identification:_identify(src/isaacsim) by extensions ['colcon_pkg']
[0.294s] Level 1:colcon.colcon_core.package_identification:_identify(src/isaacsim) by extension 'colcon_pkg'
[0.294s] Level 1:colcon.colcon_core.package_identification:_identify(src/isaacsim) by extensions ['colcon_meta']
[0.294s] Level 1:colcon.colcon_core.package_identification:_identify(src/isaacsim) by extension 'colcon_meta'
[0.294s] Level 1:colcon.colcon_core.package_identification:_identify(src/isaacsim) by extensions ['ros']
[0.294s] Level 1:colcon.colcon_core.package_identification:_identify(src/isaacsim) by extension 'ros'
[0.294s] DEBUG:colcon.colcon_core.package_identification:Package 'src/isaacsim' with type 'ros.ament_cmake' and name 'isaacsim'
[0.294s] Level 1:colcon.colcon_core.package_identification:_identify(src/jetbot_controller) by extensions ['ignore', 'ignore_ament_install']
[0.294s] Level 1:colcon.colcon_core.package_identification:_identify(src/jetbot_controller) by extension 'ignore'
[0.295s] Level 1:colcon.colcon_core.package_identification:_identify(src/jetbot_controller) by extension 'ignore_ament_install'
[0.295s] Level 1:colcon.colcon_core.package_identification:_identify(src/jetbot_controller) by extensions ['colcon_pkg']
[0.295s] Level 1:colcon.colcon_core.package_identification:_identify(src/jetbot_controller) by extension 'colcon_pkg'
[0.295s] Level 1:colcon.colcon_core.package_identification:_identify(src/jetbot_controller) by extensions ['colcon_meta']
[0.295s] Level 1:colcon.colcon_core.package_identification:_identify(src/jetbot_controller) by extension 'colcon_meta'
[0.295s] Level 1:colcon.colcon_core.package_identification:_identify(src/jetbot_controller) by extensions ['ros']
[0.295s] Level 1:colcon.colcon_core.package_identification:_identify(src/jetbot_controller) by extension 'ros'
[0.295s] DEBUG:colcon.colcon_core.package_identification:Package 'src/jetbot_controller' with type 'ros.ament_python' and name 'jetbot_controller'
[0.295s] Level 1:colcon.colcon_core.package_identification:_identify(src/log) by extensions ['ignore', 'ignore_ament_install']
[0.295s] Level 1:colcon.colcon_core.package_identification:_identify(src/log) by extension 'ignore'
[0.296s] Level 1:colcon.colcon_core.package_identification:_identify(src/log) ignored
[0.296s] Level 1:colcon.colcon_core.package_identification:_identify(src/navigation) by extensions ['ignore', 'ignore_ament_install']
[0.296s] Level 1:colcon.colcon_core.package_identification:_identify(src/navigation) by extension 'ignore'
[0.296s] Level 1:colcon.colcon_core.package_identification:_identify(src/navigation) by extension 'ignore_ament_install'
[0.296s] Level 1:colcon.colcon_core.package_identification:_identify(src/navigation) by extensions ['colcon_pkg']
[0.296s] Level 1:colcon.colcon_core.package_identification:_identify(src/navigation) by extension 'colcon_pkg'
[0.296s] Level 1:colcon.colcon_core.package_identification:_identify(src/navigation) by extensions ['colcon_meta']
[0.296s] Level 1:colcon.colcon_core.package_identification:_identify(src/navigation) by extension 'colcon_meta'
[0.296s] Level 1:colcon.colcon_core.package_identification:_identify(src/navigation) by extensions ['ros']
[0.296s] Level 1:colcon.colcon_core.package_identification:_identify(src/navigation) by extension 'ros'
[0.296s] Level 1:colcon.colcon_core.package_identification:_identify(src/navigation) by extensions ['cmake', 'python']
[0.296s] Level 1:colcon.colcon_core.package_identification:_identify(src/navigation) by extension 'cmake'
[0.296s] Level 1:colcon.colcon_core.package_identification:_identify(src/navigation) by extension 'python'
[0.296s] Level 1:colcon.colcon_core.package_identification:_identify(src/navigation) by extensions ['python_setup_py']
[0.296s] Level 1:colcon.colcon_core.package_identification:_identify(src/navigation) by extension 'python_setup_py'
[0.296s] Level 1:colcon.colcon_core.package_identification:_identify(src/navigation/carter_navigation) by extensions ['ignore', 'ignore_ament_install']
[0.296s] Level 1:colcon.colcon_core.package_identification:_identify(src/navigation/carter_navigation) by extension 'ignore'
[0.296s] Level 1:colcon.colcon_core.package_identification:_identify(src/navigation/carter_navigation) by extension 'ignore_ament_install'
[0.296s] Level 1:colcon.colcon_core.package_identification:_identify(src/navigation/carter_navigation) by extensions ['colcon_pkg']
[0.296s] Level 1:colcon.colcon_core.package_identification:_identify(src/navigation/carter_navigation) by extension 'colcon_pkg'
[0.297s] Level 1:colcon.colcon_core.package_identification:_identify(src/navigation/carter_navigation) by extensions ['colcon_meta']
[0.297s] Level 1:colcon.colcon_core.package_identification:_identify(src/navigation/carter_navigation) by extension 'colcon_meta'
[0.297s] Level 1:colcon.colcon_core.package_identification:_identify(src/navigation/carter_navigation) by extensions ['ros']
[0.297s] Level 1:colcon.colcon_core.package_identification:_identify(src/navigation/carter_navigation) by extension 'ros'
[0.297s] DEBUG:colcon.colcon_core.package_identification:Package 'src/navigation/carter_navigation' with type 'ros.ament_cmake' and name 'carter_navigation'
[0.297s] Level 1:colcon.colcon_core.package_identification:_identify(src/navigation/isaac_ros_navigation_goal) by extensions ['ignore', 'ignore_ament_install']
[0.297s] Level 1:colcon.colcon_core.package_identification:_identify(src/navigation/isaac_ros_navigation_goal) by extension 'ignore'
[0.297s] Level 1:colcon.colcon_core.package_identification:_identify(src/navigation/isaac_ros_navigation_goal) by extension 'ignore_ament_install'
[0.298s] Level 1:colcon.colcon_core.package_identification:_identify(src/navigation/isaac_ros_navigation_goal) by extensions ['colcon_pkg']
[0.298s] Level 1:colcon.colcon_core.package_identification:_identify(src/navigation/isaac_ros_navigation_goal) by extension 'colcon_pkg'
[0.298s] Level 1:colcon.colcon_core.package_identification:_identify(src/navigation/isaac_ros_navigation_goal) by extensions ['colcon_meta']
[0.298s] Level 1:colcon.colcon_core.package_identification:_identify(src/navigation/isaac_ros_navigation_goal) by extension 'colcon_meta'
[0.298s] Level 1:colcon.colcon_core.package_identification:_identify(src/navigation/isaac_ros_navigation_goal) by extensions ['ros']
[0.298s] Level 1:colcon.colcon_core.package_identification:_identify(src/navigation/isaac_ros_navigation_goal) by extension 'ros'
[0.298s] DEBUG:colcon.colcon_core.package_identification:Package 'src/navigation/isaac_ros_navigation_goal' with type 'ros.ament_python' and name 'isaac_ros_navigation_goal'
[0.298s] Level 1:colcon.colcon_core.package_discovery:discover_packages(recursive) using defaults
[0.298s] Level 1:colcon.colcon_core.package_discovery:discover_packages(ignore) discover
[0.298s] Level 1:colcon.colcon_core.package_discovery:discover_packages(ignore) using defaults
[0.298s] Level 1:colcon.colcon_core.package_discovery:discover_packages(path) discover
[0.298s] Level 1:colcon.colcon_core.package_discovery:discover_packages(path) using defaults
[0.331s] Level 1:colcon.colcon_core.package_discovery:discover_packages(prefix_path) check parameters
[0.331s] Level 1:colcon.colcon_core.package_discovery:discover_packages(prefix_path) discover
[0.334s] DEBUG:colcon.colcon_installed_package_information.package_discovery:Found 13 installed packages in /home/robotdeveloper02/IsaacSim-ros_workspaces-main/humble_ws/install
[0.336s] DEBUG:colcon.colcon_installed_package_information.package_discovery:Found 381 installed packages in /opt/ros/humble
[0.337s] Level 1:colcon.colcon_core.package_discovery:discover_packages(prefix_path) using defaults
[0.384s] Level 5:colcon.colcon_core.verb:set package 'Jettbot_position' build argument 'cmake_args' from command line to 'None'
[0.384s] Level 5:colcon.colcon_core.verb:set package 'Jettbot_position' build argument 'cmake_target' from command line to 'None'
[0.384s] Level 5:colcon.colcon_core.verb:set package 'Jettbot_position' build argument 'cmake_target_skip_unavailable' from command line to 'False'
[0.384s] Level 5:colcon.colcon_core.verb:set package 'Jettbot_position' build argument 'cmake_clean_cache' from command line to 'False'
[0.384s] Level 5:colcon.colcon_core.verb:set package 'Jettbot_position' build argument 'cmake_clean_first' from command line to 'False'
[0.384s] Level 5:colcon.colcon_core.verb:set package 'Jettbot_position' build argument 'cmake_force_configure' from command line to 'False'
[0.384s] Level 5:colcon.colcon_core.verb:set package 'Jettbot_position' build argument 'ament_cmake_args' from command line to 'None'
[0.384s] Level 5:colcon.colcon_core.verb:set package 'Jettbot_position' build argument 'catkin_cmake_args' from command line to 'None'
[0.384s] Level 5:colcon.colcon_core.verb:set package 'Jettbot_position' build argument 'catkin_skip_building_tests' from command line to 'False'
[0.384s] DEBUG:colcon.colcon_core.verb:Building package 'Jettbot_position' with the following arguments: {'ament_cmake_args': None, 'build_base': '/home/robotdeveloper02/IsaacSim-ros_workspaces-main/humble_ws/build/Jettbot_position', 'catkin_cmake_args': None, 'catkin_skip_building_tests': False, 'cmake_args': None, 'cmake_clean_cache': False, 'cmake_clean_first': False, 'cmake_force_configure': False, 'cmake_target': None, 'cmake_target_skip_unavailable': False, 'install_base': '/home/robotdeveloper02/IsaacSim-ros_workspaces-main/humble_ws/install/Jettbot_position', 'merge_install': False, 'path': '/home/robotdeveloper02/IsaacSim-ros_workspaces-main/humble_ws/src/Jettbot_position', 'symlink_install': False, 'test_result_base': None}
[0.385s] Level 5:colcon.colcon_core.verb:set package 'carter_navigation' build argument 'cmake_args' from command line to 'None'
[0.385s] Level 5:colcon.colcon_core.verb:set package 'carter_navigation' build argument 'cmake_target' from command line to 'None'
[0.385s] Level 5:colcon.colcon_core.verb:set package 'carter_navigation' build argument 'cmake_target_skip_unavailable' from command line to 'False'
[0.385s] Level 5:colcon.colcon_core.verb:set package 'carter_navigation' build argument 'cmake_clean_cache' from command line to 'False'
[0.385s] Level 5:colcon.colcon_core.verb:set package 'carter_navigation' build argument 'cmake_clean_first' from command line to 'False'
[0.385s] Level 5:colcon.colcon_core.verb:set package 'carter_navigation' build argument 'cmake_force_configure' from command line to 'False'
[0.385s] Level 5:colcon.colcon_core.verb:set package 'carter_navigation' build argument 'ament_cmake_args' from command line to 'None'
[0.385s] Level 5:colcon.colcon_core.verb:set package 'carter_navigation' build argument 'catkin_cmake_args' from command line to 'None'
[0.385s] Level 5:colcon.colcon_core.verb:set package 'carter_navigation' build argument 'catkin_skip_building_tests' from command line to 'False'
[0.385s] DEBUG:colcon.colcon_core.verb:Building package 'carter_navigation' with the following arguments: {'ament_cmake_args': None, 'build_base': '/home/robotdeveloper02/IsaacSim-ros_workspaces-main/humble_ws/build/carter_navigation', 'catkin_cmake_args': None, 'catkin_skip_building_tests': False, 'cmake_args': None, 'cmake_clean_cache': False, 'cmake_clean_first': False, 'cmake_force_configure': False, 'cmake_target': None, 'cmake_target_skip_unavailable': False, 'install_base': '/home/robotdeveloper02/IsaacSim-ros_workspaces-main/humble_ws/install/carter_navigation', 'merge_install': False, 'path': '/home/robotdeveloper02/IsaacSim-ros_workspaces-main/humble_ws/src/navigation/carter_navigation', 'symlink_install': False, 'test_result_base': None}
[0.385s] Level 5:colcon.colcon_core.verb:set package 'cube_controller' build argument 'cmake_args' from command line to 'None'
[0.385s] Level 5:colcon.colcon_core.verb:set package 'cube_controller' build argument 'cmake_target' from command line to 'None'
[0.385s] Level 5:colcon.colcon_core.verb:set package 'cube_controller' build argument 'cmake_target_skip_unavailable' from command line to 'False'
[0.385s] Level 5:colcon.colcon_core.verb:set package 'cube_controller' build argument 'cmake_clean_cache' from command line to 'False'
[0.385s] Level 5:colcon.colcon_core.verb:set package 'cube_controller' build argument 'cmake_clean_first' from command line to 'False'
[0.385s] Level 5:colcon.colcon_core.verb:set package 'cube_controller' build argument 'cmake_force_configure' from command line to 'False'
[0.385s] Level 5:colcon.colcon_core.verb:set package 'cube_controller' build argument 'ament_cmake_args' from command line to 'None'
[0.385s] Level 5:colcon.colcon_core.verb:set package 'cube_controller' build argument 'catkin_cmake_args' from command line to 'None'
[0.385s] Level 5:colcon.colcon_core.verb:set package 'cube_controller' build argument 'catkin_skip_building_tests' from command line to 'False'
[0.385s] DEBUG:colcon.colcon_core.verb:Building package 'cube_controller' with the following arguments: {'ament_cmake_args': None, 'build_base': '/home/robotdeveloper02/IsaacSim-ros_workspaces-main/humble_ws/build/cube_controller', 'catkin_cmake_args': None, 'catkin_skip_building_tests': False, 'cmake_args': None, 'cmake_clean_cache': False, 'cmake_clean_first': False, 'cmake_force_configure': False, 'cmake_target': None, 'cmake_target_skip_unavailable': False, 'install_base': '/home/robotdeveloper02/IsaacSim-ros_workspaces-main/humble_ws/install/cube_controller', 'merge_install': False, 'path': '/home/robotdeveloper02/IsaacSim-ros_workspaces-main/humble_ws/src/cube_controller', 'symlink_install': False, 'test_result_base': None}
[0.386s] Level 5:colcon.colcon_core.verb:set package 'custom_message' build argument 'cmake_args' from command line to 'None'
[0.386s] Level 5:colcon.colcon_core.verb:set package 'custom_message' build argument 'cmake_target' from command line to 'None'
[0.386s] Level 5:colcon.colcon_core.verb:set package 'custom_message' build argument 'cmake_target_skip_unavailable' from command line to 'False'
[0.386s] Level 5:colcon.colcon_core.verb:set package 'custom_message' build argument 'cmake_clean_cache' from command line to 'False'
[0.386s] Level 5:colcon.colcon_core.verb:set package 'custom_message' build argument 'cmake_clean_first' from command line to 'False'
[0.386s] Level 5:colcon.colcon_core.verb:set package 'custom_message' build argument 'cmake_force_configure' from command line to 'False'
[0.386s] Level 5:colcon.colcon_core.verb:set package 'custom_message' build argument 'ament_cmake_args' from command line to 'None'
[0.386s] Level 5:colcon.colcon_core.verb:set package 'custom_message' build argument 'catkin_cmake_args' from command line to 'None'
[0.386s] Level 5:colcon.colcon_core.verb:set package 'custom_message' build argument 'catkin_skip_building_tests' from command line to 'False'
[0.386s] DEBUG:colcon.colcon_core.verb:Building package 'custom_message' with the following arguments: {'ament_cmake_args': None, 'build_base': '/home/robotdeveloper02/IsaacSim-ros_workspaces-main/humble_ws/build/custom_message', 'catkin_cmake_args': None, 'catkin_skip_building_tests': False, 'cmake_args': None, 'cmake_clean_cache': False, 'cmake_clean_first': False, 'cmake_force_configure': False, 'cmake_target': None, 'cmake_target_skip_unavailable': False, 'install_base': '/home/robotdeveloper02/IsaacSim-ros_workspaces-main/humble_ws/install/custom_message', 'merge_install': False, 'path': '/home/robotdeveloper02/IsaacSim-ros_workspaces-main/humble_ws/src/custom_message', 'symlink_install': False, 'test_result_base': None}
[0.386s] Level 5:colcon.colcon_core.verb:set package 'isaac_ros2_messages' build argument 'cmake_args' from command line to 'None'
[0.386s] Level 5:colcon.colcon_core.verb:set package 'isaac_ros2_messages' build argument 'cmake_target' from command line to 'None'
[0.386s] Level 5:colcon.colcon_core.verb:set package 'isaac_ros2_messages' build argument 'cmake_target_skip_unavailable' from command line to 'False'
[0.386s] Level 5:colcon.colcon_core.verb:set package 'isaac_ros2_messages' build argument 'cmake_clean_cache' from command line to 'False'
[0.386s] Level 5:colcon.colcon_core.verb:set package 'isaac_ros2_messages' build argument 'cmake_clean_first' from command line to 'False'
[0.386s] Level 5:colcon.colcon_core.verb:set package 'isaac_ros2_messages' build argument 'cmake_force_configure' from command line to 'False'
[0.386s] Level 5:colcon.colcon_core.verb:set package 'isaac_ros2_messages' build argument 'ament_cmake_args' from command line to 'None'
[0.386s] Level 5:colcon.colcon_core.verb:set package 'isaac_ros2_messages' build argument 'catkin_cmake_args' from command line to 'None'
[0.386s] Level 5:colcon.colcon_core.verb:set package 'isaac_ros2_messages' build argument 'catkin_skip_building_tests' from command line to 'False'
[0.386s] DEBUG:colcon.colcon_core.verb:Building package 'isaac_ros2_messages' with the following arguments: {'ament_cmake_args': None, 'build_base': '/home/robotdeveloper02/IsaacSim-ros_workspaces-main/humble_ws/build/isaac_ros2_messages', 'catkin_cmake_args': None, 'catkin_skip_building_tests': False, 'cmake_args': None, 'cmake_clean_cache': False, 'cmake_clean_first': False, 'cmake_force_configure': False, 'cmake_target': None, 'cmake_target_skip_unavailable': False, 'install_base': '/home/robotdeveloper02/IsaacSim-ros_workspaces-main/humble_ws/install/isaac_ros2_messages', 'merge_install': False, 'path': '/home/robotdeveloper02/IsaacSim-ros_workspaces-main/humble_ws/src/isaac_ros2_messages', 'symlink_install': False, 'test_result_base': None}
[0.387s] Level 5:colcon.colcon_core.verb:set package 'isaac_ros_navigation_goal' build argument 'cmake_args' from command line to 'None'
[0.387s] Level 5:colcon.colcon_core.verb:set package 'isaac_ros_navigation_goal' build argument 'cmake_target' from command line to 'None'
[0.387s] Level 5:colcon.colcon_core.verb:set package 'isaac_ros_navigation_goal' build argument 'cmake_target_skip_unavailable' from command line to 'False'
[0.387s] Level 5:colcon.colcon_core.verb:set package 'isaac_ros_navigation_goal' build argument 'cmake_clean_cache' from command line to 'False'
[0.387s] Level 5:colcon.colcon_core.verb:set package 'isaac_ros_navigation_goal' build argument 'cmake_clean_first' from command line to 'False'
[0.387s] Level 5:colcon.colcon_core.verb:set package 'isaac_ros_navigation_goal' build argument 'cmake_force_configure' from command line to 'False'
[0.387s] Level 5:colcon.colcon_core.verb:set package 'isaac_ros_navigation_goal' build argument 'ament_cmake_args' from command line to 'None'
[0.387s] Level 5:colcon.colcon_core.verb:set package 'isaac_ros_navigation_goal' build argument 'catkin_cmake_args' from command line to 'None'
[0.387s] Level 5:colcon.colcon_core.verb:set package 'isaac_ros_navigation_goal' build argument 'catkin_skip_building_tests' from command line to 'False'
[0.387s] DEBUG:colcon.colcon_core.verb:Building package 'isaac_ros_navigation_goal' with the following arguments: {'ament_cmake_args': None, 'build_base': '/home/robotdeveloper02/IsaacSim-ros_workspaces-main/humble_ws/build/isaac_ros_navigation_goal', 'catkin_cmake_args': None, 'catkin_skip_building_tests': False, 'cmake_args': None, 'cmake_clean_cache': False, 'cmake_clean_first': False, 'cmake_force_configure': False, 'cmake_target': None, 'cmake_target_skip_unavailable': False, 'install_base': '/home/robotdeveloper02/IsaacSim-ros_workspaces-main/humble_ws/install/isaac_ros_navigation_goal', 'merge_install': False, 'path': '/home/robotdeveloper02/IsaacSim-ros_workspaces-main/humble_ws/src/navigation/isaac_ros_navigation_goal', 'symlink_install': False, 'test_result_base': None}
[0.387s] Level 5:colcon.colcon_core.verb:set package 'isaac_tutorials' build argument 'cmake_args' from command line to 'None'
[0.387s] Level 5:colcon.colcon_core.verb:set package 'isaac_tutorials' build argument 'cmake_target' from command line to 'None'
[0.387s] Level 5:colcon.colcon_core.verb:set package 'isaac_tutorials' build argument 'cmake_target_skip_unavailable' from command line to 'False'
[0.387s] Level 5:colcon.colcon_core.verb:set package 'isaac_tutorials' build argument 'cmake_clean_cache' from command line to 'False'
[0.387s] Level 5:colcon.colcon_core.verb:set package 'isaac_tutorials' build argument 'cmake_clean_first' from command line to 'False'
[0.387s] Level 5:colcon.colcon_core.verb:set package 'isaac_tutorials' build argument 'cmake_force_configure' from command line to 'False'
[0.387s] Level 5:colcon.colcon_core.verb:set package 'isaac_tutorials' build argument 'ament_cmake_args' from command line to 'None'
[0.387s] Level 5:colcon.colcon_core.verb:set package 'isaac_tutorials' build argument 'catkin_cmake_args' from command line to 'None'
[0.387s] Level 5:colcon.colcon_core.verb:set package 'isaac_tutorials' build argument 'catkin_skip_building_tests' from command line to 'False'
[0.387s] DEBUG:colcon.colcon_core.verb:Building package 'isaac_tutorials' with the following arguments: {'ament_cmake_args': None, 'build_base': '/home/robotdeveloper02/IsaacSim-ros_workspaces-main/humble_ws/build/isaac_tutorials', 'catkin_cmake_args': None, 'catkin_skip_building_tests': False, 'cmake_args': None, 'cmake_clean_cache': False, 'cmake_clean_first': False, 'cmake_force_configure': False, 'cmake_target': None, 'cmake_target_skip_unavailable': False, 'install_base': '/home/robotdeveloper02/IsaacSim-ros_workspaces-main/humble_ws/install/isaac_tutorials', 'merge_install': False, 'path': '/home/robotdeveloper02/IsaacSim-ros_workspaces-main/humble_ws/src/isaac_tutorials', 'symlink_install': False, 'test_result_base': None}
[0.387s] Level 5:colcon.colcon_core.verb:set package 'isaacsim' build argument 'cmake_args' from command line to 'None'
[0.387s] Level 5:colcon.colcon_core.verb:set package 'isaacsim' build argument 'cmake_target' from command line to 'None'
[0.387s] Level 5:colcon.colcon_core.verb:set package 'isaacsim' build argument 'cmake_target_skip_unavailable' from command line to 'False'
[0.388s] Level 5:colcon.colcon_core.verb:set package 'isaacsim' build argument 'cmake_clean_cache' from command line to 'False'
[0.388s] Level 5:colcon.colcon_core.verb:set package 'isaacsim' build argument 'cmake_clean_first' from command line to 'False'
[0.388s] Level 5:colcon.colcon_core.verb:set package 'isaacsim' build argument 'cmake_force_configure' from command line to 'False'
[0.388s] Level 5:colcon.colcon_core.verb:set package 'isaacsim' build argument 'ament_cmake_args' from command line to 'None'
[0.388s] Level 5:colcon.colcon_core.verb:set package 'isaacsim' build argument 'catkin_cmake_args' from command line to 'None'
[0.388s] Level 5:colcon.colcon_core.verb:set package 'isaacsim' build argument 'catkin_skip_building_tests' from command line to 'False'
[0.388s] DEBUG:colcon.colcon_core.verb:Building package 'isaacsim' with the following arguments: {'ament_cmake_args': None, 'build_base': '/home/robotdeveloper02/IsaacSim-ros_workspaces-main/humble_ws/build/isaacsim', 'catkin_cmake_args': None, 'catkin_skip_building_tests': False, 'cmake_args': None, 'cmake_clean_cache': False, 'cmake_clean_first': False, 'cmake_force_configure': False, 'cmake_target': None, 'cmake_target_skip_unavailable': False, 'install_base': '/home/robotdeveloper02/IsaacSim-ros_workspaces-main/humble_ws/install/isaacsim', 'merge_install': False, 'path': '/home/robotdeveloper02/IsaacSim-ros_workspaces-main/humble_ws/src/isaacsim', 'symlink_install': False, 'test_result_base': None}
[0.388s] Level 5:colcon.colcon_core.verb:set package 'jetbot_controller' build argument 'cmake_args' from command line to 'None'
[0.388s] Level 5:colcon.colcon_core.verb:set package 'jetbot_controller' build argument 'cmake_target' from command line to 'None'
[0.388s] Level 5:colcon.colcon_core.verb:set package 'jetbot_controller' build argument 'cmake_target_skip_unavailable' from command line to 'False'
[0.388s] Level 5:colcon.colcon_core.verb:set package 'jetbot_controller' build argument 'cmake_clean_cache' from command line to 'False'
[0.388s] Level 5:colcon.colcon_core.verb:set package 'jetbot_controller' build argument 'cmake_clean_first' from command line to 'False'
[0.388s] Level 5:colcon.colcon_core.verb:set package 'jetbot_controller' build argument 'cmake_force_configure' from command line to 'False'
[0.388s] Level 5:colcon.colcon_core.verb:set package 'jetbot_controller' build argument 'ament_cmake_args' from command line to 'None'
[0.388s] Level 5:colcon.colcon_core.verb:set package 'jetbot_controller' build argument 'catkin_cmake_args' from command line to 'None'
[0.388s] Level 5:colcon.colcon_core.verb:set package 'jetbot_controller' build argument 'catkin_skip_building_tests' from command line to 'False'
[0.388s] DEBUG:colcon.colcon_core.verb:Building package 'jetbot_controller' with the following arguments: {'ament_cmake_args': None, 'build_base': '/home/robotdeveloper02/IsaacSim-ros_workspaces-main/humble_ws/build/jetbot_controller', 'catkin_cmake_args': None, 'catkin_skip_building_tests': False, 'cmake_args': None, 'cmake_clean_cache': False, 'cmake_clean_first': False, 'cmake_force_configure': False, 'cmake_target': None, 'cmake_target_skip_unavailable': False, 'install_base': '/home/robotdeveloper02/IsaacSim-ros_workspaces-main/humble_ws/install/jetbot_controller', 'merge_install': False, 'path': '/home/robotdeveloper02/IsaacSim-ros_workspaces-main/humble_ws/src/jetbot_controller', 'symlink_install': False, 'test_result_base': None}
[0.388s] Level 5:colcon.colcon_core.verb:set package 'my_ros2_package' build argument 'cmake_args' from command line to 'None'
[0.388s] Level 5:colcon.colcon_core.verb:set package 'my_ros2_package' build argument 'cmake_target' from command line to 'None'
[0.388s] Level 5:colcon.colcon_core.verb:set package 'my_ros2_package' build argument 'cmake_target_skip_unavailable' from command line to 'False'
[0.388s] Level 5:colcon.colcon_core.verb:set package 'my_ros2_package' build argument 'cmake_clean_cache' from command line to 'False'
[0.389s] Level 5:colcon.colcon_core.verb:set package 'my_ros2_package' build argument 'cmake_clean_first' from command line to 'False'
[0.389s] Level 5:colcon.colcon_core.verb:set package 'my_ros2_package' build argument 'cmake_force_configure' from command line to 'False'
[0.389s] Level 5:colcon.colcon_core.verb:set package 'my_ros2_package' build argument 'ament_cmake_args' from command line to 'None'
[0.389s] Level 5:colcon.colcon_core.verb:set package 'my_ros2_package' build argument 'catkin_cmake_args' from command line to 'None'
[0.389s] Level 5:colcon.colcon_core.verb:set package 'my_ros2_package' build argument 'catkin_skip_building_tests' from command line to 'False'
[0.389s] DEBUG:colcon.colcon_core.verb:Building package 'my_ros2_package' with the following arguments: {'ament_cmake_args': None, 'build_base': '/home/robotdeveloper02/IsaacSim-ros_workspaces-main/humble_ws/build/my_ros2_package', 'catkin_cmake_args': None, 'catkin_skip_building_tests': False, 'cmake_args': None, 'cmake_clean_cache': False, 'cmake_clean_first': False, 'cmake_force_configure': False, 'cmake_target': None, 'cmake_target_skip_unavailable': False, 'install_base': '/home/robotdeveloper02/IsaacSim-ros_workspaces-main/humble_ws/install/my_ros2_package', 'merge_install': False, 'path': '/home/robotdeveloper02/IsaacSim-ros_workspaces-main/humble_ws/src/calc_py', 'symlink_install': False, 'test_result_base': None}
[0.389s] Level 5:colcon.colcon_core.verb:set package 'IMU_otamesi' build argument 'cmake_args' from command line to 'None'
[0.389s] Level 5:colcon.colcon_core.verb:set package 'IMU_otamesi' build argument 'cmake_target' from command line to 'None'
[0.389s] Level 5:colcon.colcon_core.verb:set package 'IMU_otamesi' build argument 'cmake_target_skip_unavailable' from command line to 'False'
[0.389s] Level 5:colcon.colcon_core.verb:set package 'IMU_otamesi' build argument 'cmake_clean_cache' from command line to 'False'
[0.389s] Level 5:colcon.colcon_core.verb:set package 'IMU_otamesi' build argument 'cmake_clean_first' from command line to 'False'
[0.389s] Level 5:colcon.colcon_core.verb:set package 'IMU_otamesi' build argument 'cmake_force_configure' from command line to 'False'
[0.389s] Level 5:colcon.colcon_core.verb:set package 'IMU_otamesi' build argument 'ament_cmake_args' from command line to 'None'
[0.389s] Level 5:colcon.colcon_core.verb:set package 'IMU_otamesi' build argument 'catkin_cmake_args' from command line to 'None'
[0.389s] Level 5:colcon.colcon_core.verb:set package 'IMU_otamesi' build argument 'catkin_skip_building_tests' from command line to 'False'
[0.389s] DEBUG:colcon.colcon_core.verb:Building package 'IMU_otamesi' with the following arguments: {'ament_cmake_args': None, 'build_base': '/home/robotdeveloper02/IsaacSim-ros_workspaces-main/humble_ws/build/IMU_otamesi', 'catkin_cmake_args': None, 'catkin_skip_building_tests': False, 'cmake_args': None, 'cmake_clean_cache': False, 'cmake_clean_first': False, 'cmake_force_configure': False, 'cmake_target': None, 'cmake_target_skip_unavailable': False, 'install_base': '/home/robotdeveloper02/IsaacSim-ros_workspaces-main/humble_ws/install/IMU_otamesi', 'merge_install': False, 'path': '/home/robotdeveloper02/IsaacSim-ros_workspaces-main/humble_ws/src/IMU_otamesi', 'symlink_install': False, 'test_result_base': None}
[0.389s] Level 5:colcon.colcon_core.verb:set package 'my_cpp_pose_subscriber' build argument 'cmake_args' from command line to 'None'
[0.389s] Level 5:colcon.colcon_core.verb:set package 'my_cpp_pose_subscriber' build argument 'cmake_target' from command line to 'None'
[0.389s] Level 5:colcon.colcon_core.verb:set package 'my_cpp_pose_subscriber' build argument 'cmake_target_skip_unavailable' from command line to 'False'
[0.389s] Level 5:colcon.colcon_core.verb:set package 'my_cpp_pose_subscriber' build argument 'cmake_clean_cache' from command line to 'False'
[0.389s] Level 5:colcon.colcon_core.verb:set package 'my_cpp_pose_subscriber' build argument 'cmake_clean_first' from command line to 'False'
[0.389s] Level 5:colcon.colcon_core.verb:set package 'my_cpp_pose_subscriber' build argument 'cmake_force_configure' from command line to 'False'
[0.389s] Level 5:colcon.colcon_core.verb:set package 'my_cpp_pose_subscriber' build argument 'ament_cmake_args' from command line to 'None'
[0.389s] Level 5:colcon.colcon_core.verb:set package 'my_cpp_pose_subscriber' build argument 'catkin_cmake_args' from command line to 'None'
[0.389s] Level 5:colcon.colcon_core.verb:set package 'my_cpp_pose_subscriber' build argument 'catkin_skip_building_tests' from command line to 'False'
[0.390s] DEBUG:colcon.colcon_core.verb:Building package 'my_cpp_pose_subscriber' with the following arguments: {'ament_cmake_args': None, 'build_base': '/home/robotdeveloper02/IsaacSim-ros_workspaces-main/humble_ws/build/my_cpp_pose_subscriber', 'catkin_cmake_args': None, 'catkin_skip_building_tests': False, 'cmake_args': None, 'cmake_clean_cache': False, 'cmake_clean_first': False, 'cmake_force_configure': False, 'cmake_target': None, 'cmake_target_skip_unavailable': False, 'install_base': '/home/robotdeveloper02/IsaacSim-ros_workspaces-main/humble_ws/install/my_cpp_pose_subscriber', 'merge_install': False, 'path': '/home/robotdeveloper02/IsaacSim-ros_workspaces-main/humble_ws/src/calc_cpp', 'symlink_install': False, 'test_result_base': None}
[0.390s] INFO:colcon.colcon_core.executor:Executing jobs using 'parallel' executor
[0.390s] DEBUG:colcon.colcon_parallel_executor.executor.parallel:run_until_complete
[0.391s] INFO:colcon.colcon_ros.task.ament_cmake.build:Building ROS package in '/home/robotdeveloper02/IsaacSim-ros_workspaces-main/humble_ws/src/custom_message' with build type 'ament_cmake'
[0.391s] INFO:colcon.colcon_cmake.task.cmake.build:Building CMake package in '/home/robotdeveloper02/IsaacSim-ros_workspaces-main/humble_ws/src/custom_message'
[0.393s] INFO:colcon.colcon_core.plugin_system:Skipping extension 'colcon_core.shell.bat': Not used on non-Windows systems
[0.393s] INFO:colcon.colcon_core.shell:Skip shell extension 'powershell' for command environment: Not usable outside of PowerShell
[0.393s] DEBUG:colcon.colcon_core.shell:Skip shell extension 'dsv' for command environment
[0.397s] INFO:colcon.colcon_ros.task.ament_python.build:Building ROS package in '/home/robotdeveloper02/IsaacSim-ros_workspaces-main/humble_ws/src/Jettbot_position' with build type 'ament_python'
[0.397s] Level 1:colcon.colcon_core.shell:create_environment_hook('Jettbot_position', 'ament_prefix_path')
[0.397s] INFO:colcon.colcon_core.shell:Creating environment hook '/home/robotdeveloper02/IsaacSim-ros_workspaces-main/humble_ws/install/Jettbot_position/share/Jettbot_position/hook/ament_prefix_path.ps1'
[0.398s] INFO:colcon.colcon_core.shell:Creating environment descriptor '/home/robotdeveloper02/IsaacSim-ros_workspaces-main/humble_ws/install/Jettbot_position/share/Jettbot_position/hook/ament_prefix_path.dsv'
[0.398s] INFO:colcon.colcon_core.shell:Creating environment hook '/home/robotdeveloper02/IsaacSim-ros_workspaces-main/humble_ws/install/Jettbot_position/share/Jettbot_position/hook/ament_prefix_path.sh'
[0.399s] INFO:colcon.colcon_core.shell:Skip shell extension 'powershell' for command environment: Not usable outside of PowerShell
[0.399s] DEBUG:colcon.colcon_core.shell:Skip shell extension 'dsv' for command environment
[0.402s] INFO:colcon.colcon_ros.task.ament_cmake.build:Building ROS package in '/home/robotdeveloper02/IsaacSim-ros_workspaces-main/humble_ws/src/navigation/carter_navigation' with build type 'ament_cmake'
[0.402s] INFO:colcon.colcon_cmake.task.cmake.build:Building CMake package in '/home/robotdeveloper02/IsaacSim-ros_workspaces-main/humble_ws/src/navigation/carter_navigation'
[0.402s] INFO:colcon.colcon_core.shell:Skip shell extension 'powershell' for command environment: Not usable outside of PowerShell
[0.402s] DEBUG:colcon.colcon_core.shell:Skip shell extension 'dsv' for command environment
[0.406s] INFO:colcon.colcon_ros.task.ament_python.build:Building ROS package in '/home/robotdeveloper02/IsaacSim-ros_workspaces-main/humble_ws/src/cube_controller' with build type 'ament_python'
[0.406s] Level 1:colcon.colcon_core.shell:create_environment_hook('cube_controller', 'ament_prefix_path')
[0.406s] INFO:colcon.colcon_core.shell:Creating environment hook '/home/robotdeveloper02/IsaacSim-ros_workspaces-main/humble_ws/install/cube_controller/share/cube_controller/hook/ament_prefix_path.ps1'
[0.407s] INFO:colcon.colcon_core.shell:Creating environment descriptor '/home/robotdeveloper02/IsaacSim-ros_workspaces-main/humble_ws/install/cube_controller/share/cube_controller/hook/ament_prefix_path.dsv'
[0.407s] INFO:colcon.colcon_core.shell:Creating environment hook '/home/robotdeveloper02/IsaacSim-ros_workspaces-main/humble_ws/install/cube_controller/share/cube_controller/hook/ament_prefix_path.sh'
[0.407s] INFO:colcon.colcon_core.shell:Skip shell extension 'powershell' for command environment: Not usable outside of PowerShell
[0.407s] DEBUG:colcon.colcon_core.shell:Skip shell extension 'dsv' for command environment
[0.411s] INFO:colcon.colcon_ros.task.ament_cmake.build:Building ROS package in '/home/robotdeveloper02/IsaacSim-ros_workspaces-main/humble_ws/src/isaac_ros2_messages' with build type 'ament_cmake'
[0.412s] INFO:colcon.colcon_cmake.task.cmake.build:Building CMake package in '/home/robotdeveloper02/IsaacSim-ros_workspaces-main/humble_ws/src/isaac_ros2_messages'
[0.412s] INFO:colcon.colcon_core.shell:Skip shell extension 'powershell' for command environment: Not usable outside of PowerShell
[0.412s] DEBUG:colcon.colcon_core.shell:Skip shell extension 'dsv' for command environment
[0.416s] INFO:colcon.colcon_ros.task.ament_python.build:Building ROS package in '/home/robotdeveloper02/IsaacSim-ros_workspaces-main/humble_ws/src/navigation/isaac_ros_navigation_goal' with build type 'ament_python'
[0.416s] Level 1:colcon.colcon_core.shell:create_environment_hook('isaac_ros_navigation_goal', 'ament_prefix_path')
[0.416s] INFO:colcon.colcon_core.shell:Creating environment hook '/home/robotdeveloper02/IsaacSim-ros_workspaces-main/humble_ws/install/isaac_ros_navigation_goal/share/isaac_ros_navigation_goal/hook/ament_prefix_path.ps1'
[0.417s] INFO:colcon.colcon_core.shell:Creating environment descriptor '/home/robotdeveloper02/IsaacSim-ros_workspaces-main/humble_ws/install/isaac_ros_navigation_goal/share/isaac_ros_navigation_goal/hook/ament_prefix_path.dsv'
[0.417s] INFO:colcon.colcon_core.shell:Creating environment hook '/home/robotdeveloper02/IsaacSim-ros_workspaces-main/humble_ws/install/isaac_ros_navigation_goal/share/isaac_ros_navigation_goal/hook/ament_prefix_path.sh'
[0.418s] INFO:colcon.colcon_core.shell:Skip shell extension 'powershell' for command environment: Not usable outside of PowerShell
[0.418s] DEBUG:colcon.colcon_core.shell:Skip shell extension 'dsv' for command environment
[0.421s] INFO:colcon.colcon_ros.task.ament_cmake.build:Building ROS package in '/home/robotdeveloper02/IsaacSim-ros_workspaces-main/humble_ws/src/isaac_tutorials' with build type 'ament_cmake'
[0.421s] INFO:colcon.colcon_cmake.task.cmake.build:Building CMake package in '/home/robotdeveloper02/IsaacSim-ros_workspaces-main/humble_ws/src/isaac_tutorials'
[0.421s] INFO:colcon.colcon_core.shell:Skip shell extension 'powershell' for command environment: Not usable outside of PowerShell
[0.422s] DEBUG:colcon.colcon_core.shell:Skip shell extension 'dsv' for command environment
[0.425s] INFO:colcon.colcon_ros.task.ament_cmake.build:Building ROS package in '/home/robotdeveloper02/IsaacSim-ros_workspaces-main/humble_ws/src/isaacsim' with build type 'ament_cmake'
[0.425s] INFO:colcon.colcon_cmake.task.cmake.build:Building CMake package in '/home/robotdeveloper02/IsaacSim-ros_workspaces-main/humble_ws/src/isaacsim'
[0.425s] INFO:colcon.colcon_core.shell:Skip shell extension 'powershell' for command environment: Not usable outside of PowerShell
[0.425s] DEBUG:colcon.colcon_core.shell:Skip shell extension 'dsv' for command environment
[0.431s] INFO:colcon.colcon_ros.task.ament_python.build:Building ROS package in '/home/robotdeveloper02/IsaacSim-ros_workspaces-main/humble_ws/src/jetbot_controller' with build type 'ament_python'
[0.431s] Level 1:colcon.colcon_core.shell:create_environment_hook('jetbot_controller', 'ament_prefix_path')
[0.431s] INFO:colcon.colcon_core.shell:Creating environment hook '/home/robotdeveloper02/IsaacSim-ros_workspaces-main/humble_ws/install/jetbot_controller/share/jetbot_controller/hook/ament_prefix_path.ps1'
[0.432s] INFO:colcon.colcon_core.shell:Creating environment descriptor '/home/robotdeveloper02/IsaacSim-ros_workspaces-main/humble_ws/install/jetbot_controller/share/jetbot_controller/hook/ament_prefix_path.dsv'
[0.432s] INFO:colcon.colcon_core.shell:Creating environment hook '/home/robotdeveloper02/IsaacSim-ros_workspaces-main/humble_ws/install/jetbot_controller/share/jetbot_controller/hook/ament_prefix_path.sh'
[0.433s] INFO:colcon.colcon_core.shell:Skip shell extension 'powershell' for command environment: Not usable outside of PowerShell
[0.433s] DEBUG:colcon.colcon_core.shell:Skip shell extension 'dsv' for command environment
[0.436s] INFO:colcon.colcon_ros.task.ament_python.build:Building ROS package in '/home/robotdeveloper02/IsaacSim-ros_workspaces-main/humble_ws/src/calc_py' with build type 'ament_python'
[0.436s] Level 1:colcon.colcon_core.shell:create_environment_hook('my_ros2_package', 'ament_prefix_path')
[0.437s] INFO:colcon.colcon_core.shell:Creating environment hook '/home/robotdeveloper02/IsaacSim-ros_workspaces-main/humble_ws/install/my_ros2_package/share/my_ros2_package/hook/ament_prefix_path.ps1'
[0.437s] INFO:colcon.colcon_core.shell:Creating environment descriptor '/home/robotdeveloper02/IsaacSim-ros_workspaces-main/humble_ws/install/my_ros2_package/share/my_ros2_package/hook/ament_prefix_path.dsv'
[0.438s] INFO:colcon.colcon_core.shell:Creating environment hook '/home/robotdeveloper02/IsaacSim-ros_workspaces-main/humble_ws/install/my_ros2_package/share/my_ros2_package/hook/ament_prefix_path.sh'
[0.438s] INFO:colcon.colcon_core.shell:Skip shell extension 'powershell' for command environment: Not usable outside of PowerShell
[0.438s] DEBUG:colcon.colcon_core.shell:Skip shell extension 'dsv' for command environment
[0.452s] DEBUG:colcon.colcon_core.event_handler.log_command:Invoking command in '/home/robotdeveloper02/IsaacSim-ros_workspaces-main/humble_ws/build/custom_message': CMAKE_PREFIX_PATH=${CMAKE_PREFIX_PATH}:/home/robotdeveloper02/IsaacSim-ros_workspaces-main/humble_ws/install/my_ros2_package:/home/robotdeveloper02/IsaacSim-ros_workspaces-main/humble_ws/install/jetbot_controller:/home/robotdeveloper02/IsaacSim-ros_workspaces-main/humble_ws/install/isaac_ros_navigation_goal:/home/robotdeveloper02/IsaacSim-ros_workspaces-main/humble_ws/install/error_subscriber:/home/robotdeveloper02/IsaacSim-ros_workspaces-main/humble_ws/install/cube_controller:/home/robotdeveloper02/IsaacSim-ros_workspaces-main/humble_ws/install/Jettbot_position:/opt/ros/humble /usr/bin/cmake --build /home/robotdeveloper02/IsaacSim-ros_workspaces-main/humble_ws/build/custom_message -- -j16 -l16
[0.762s] INFO:colcon.colcon_core.task.python.build:Building Python package in '/home/robotdeveloper02/IsaacSim-ros_workspaces-main/humble_ws/src/Jettbot_position'
[0.763s] INFO:colcon.colcon_core.shell:Skip shell extension 'powershell' for command environment: Not usable outside of PowerShell
[0.763s] DEBUG:colcon.colcon_core.shell:Skip shell extension 'dsv' for command environment
[0.771s] DEBUG:colcon.colcon_core.event_handler.log_command:Invoking command in '/home/robotdeveloper02/IsaacSim-ros_workspaces-main/humble_ws/build/carter_navigation': CMAKE_PREFIX_PATH=${CMAKE_PREFIX_PATH}:/home/robotdeveloper02/IsaacSim-ros_workspaces-main/humble_ws/install/my_ros2_package:/home/robotdeveloper02/IsaacSim-ros_workspaces-main/humble_ws/install/jetbot_controller:/home/robotdeveloper02/IsaacSim-ros_workspaces-main/humble_ws/install/isaac_ros_navigation_goal:/home/robotdeveloper02/IsaacSim-ros_workspaces-main/humble_ws/install/error_subscriber:/home/robotdeveloper02/IsaacSim-ros_workspaces-main/humble_ws/install/cube_controller:/home/robotdeveloper02/IsaacSim-ros_workspaces-main/humble_ws/install/Jettbot_position:/opt/ros/humble /usr/bin/cmake --build /home/robotdeveloper02/IsaacSim-ros_workspaces-main/humble_ws/build/carter_navigation -- -j16 -l16
[1.020s] INFO:colcon.colcon_core.task.python.build:Building Python package in '/home/robotdeveloper02/IsaacSim-ros_workspaces-main/humble_ws/src/cube_controller'
[1.020s] INFO:colcon.colcon_core.shell:Skip shell extension 'powershell' for command environment: Not usable outside of PowerShell
[1.021s] DEBUG:colcon.colcon_core.shell:Skip shell extension 'dsv' for command environment
[1.028s] DEBUG:colcon.colcon_core.event_handler.log_command:Invoking command in '/home/robotdeveloper02/IsaacSim-ros_workspaces-main/humble_ws/build/isaac_ros2_messages': CMAKE_PREFIX_PATH=${CMAKE_PREFIX_PATH}:/home/robotdeveloper02/IsaacSim-ros_workspaces-main/humble_ws/install/my_ros2_package:/home/robotdeveloper02/IsaacSim-ros_workspaces-main/humble_ws/install/jetbot_controller:/home/robotdeveloper02/IsaacSim-ros_workspaces-main/humble_ws/install/isaac_ros_navigation_goal:/home/robotdeveloper02/IsaacSim-ros_workspaces-main/humble_ws/install/error_subscriber:/home/robotdeveloper02/IsaacSim-ros_workspaces-main/humble_ws/install/cube_controller:/home/robotdeveloper02/IsaacSim-ros_workspaces-main/humble_ws/install/Jettbot_position:/opt/ros/humble /usr/bin/cmake --build /home/robotdeveloper02/IsaacSim-ros_workspaces-main/humble_ws/build/isaac_ros2_messages -- -j16 -l16
[1.312s] INFO:colcon.colcon_core.task.python.build:Building Python package in '/home/robotdeveloper02/IsaacSim-ros_workspaces-main/humble_ws/src/navigation/isaac_ros_navigation_goal'
[1.312s] INFO:colcon.colcon_core.shell:Skip shell extension 'powershell' for command environment: Not usable outside of PowerShell
[1.313s] DEBUG:colcon.colcon_core.shell:Skip shell extension 'dsv' for command environment
[1.320s] DEBUG:colcon.colcon_core.event_handler.log_command:Invoking command in '/home/robotdeveloper02/IsaacSim-ros_workspaces-main/humble_ws/build/isaac_tutorials': CMAKE_PREFIX_PATH=${CMAKE_PREFIX_PATH}:/home/robotdeveloper02/IsaacSim-ros_workspaces-main/humble_ws/install/my_ros2_package:/home/robotdeveloper02/IsaacSim-ros_workspaces-main/humble_ws/install/jetbot_controller:/home/robotdeveloper02/IsaacSim-ros_workspaces-main/humble_ws/install/isaac_ros_navigation_goal:/home/robotdeveloper02/IsaacSim-ros_workspaces-main/humble_ws/install/error_subscriber:/home/robotdeveloper02/IsaacSim-ros_workspaces-main/humble_ws/install/cube_controller:/home/robotdeveloper02/IsaacSim-ros_workspaces-main/humble_ws/install/Jettbot_position:/opt/ros/humble /usr/bin/cmake --build /home/robotdeveloper02/IsaacSim-ros_workspaces-main/humble_ws/build/isaac_tutorials -- -j16 -l16
[1.323s] DEBUG:colcon.colcon_core.event_handler.log_command:Invoking command in '/home/robotdeveloper02/IsaacSim-ros_workspaces-main/humble_ws/build/isaacsim': CMAKE_PREFIX_PATH=${CMAKE_PREFIX_PATH}:/home/robotdeveloper02/IsaacSim-ros_workspaces-main/humble_ws/install/my_ros2_package:/home/robotdeveloper02/IsaacSim-ros_workspaces-main/humble_ws/install/jetbot_controller:/home/robotdeveloper02/IsaacSim-ros_workspaces-main/humble_ws/install/isaac_ros_navigation_goal:/home/robotdeveloper02/IsaacSim-ros_workspaces-main/humble_ws/install/error_subscriber:/home/robotdeveloper02/IsaacSim-ros_workspaces-main/humble_ws/install/cube_controller:/home/robotdeveloper02/IsaacSim-ros_workspaces-main/humble_ws/install/Jettbot_position:/opt/ros/humble /usr/bin/cmake --build /home/robotdeveloper02/IsaacSim-ros_workspaces-main/humble_ws/build/isaacsim -- -j16 -l16
[1.602s] INFO:colcon.colcon_core.task.python.build:Building Python package in '/home/robotdeveloper02/IsaacSim-ros_workspaces-main/humble_ws/src/jetbot_controller'
[1.602s] INFO:colcon.colcon_core.shell:Skip shell extension 'powershell' for command environment: Not usable outside of PowerShell
[1.602s] DEBUG:colcon.colcon_core.shell:Skip shell extension 'dsv' for command environment
[1.853s] INFO:colcon.colcon_core.task.python.build:Building Python package in '/home/robotdeveloper02/IsaacSim-ros_workspaces-main/humble_ws/src/calc_py'
[1.853s] INFO:colcon.colcon_core.shell:Skip shell extension 'powershell' for command environment: Not usable outside of PowerShell
[1.853s] DEBUG:colcon.colcon_core.shell:Skip shell extension 'dsv' for command environment
[1.866s] DEBUG:colcon.colcon_core.event_handler.log_command:Invoked command in '/home/robotdeveloper02/IsaacSim-ros_workspaces-main/humble_ws/build/carter_navigation' returned '0': CMAKE_PREFIX_PATH=${CMAKE_PREFIX_PATH}:/home/robotdeveloper02/IsaacSim-ros_workspaces-main/humble_ws/install/my_ros2_package:/home/robotdeveloper02/IsaacSim-ros_workspaces-main/humble_ws/install/jetbot_controller:/home/robotdeveloper02/IsaacSim-ros_workspaces-main/humble_ws/install/isaac_ros_navigation_goal:/home/robotdeveloper02/IsaacSim-ros_workspaces-main/humble_ws/install/error_subscriber:/home/robotdeveloper02/IsaacSim-ros_workspaces-main/humble_ws/install/cube_controller:/home/robotdeveloper02/IsaacSim-ros_workspaces-main/humble_ws/install/Jettbot_position:/opt/ros/humble /usr/bin/cmake --build /home/robotdeveloper02/IsaacSim-ros_workspaces-main/humble_ws/build/carter_navigation -- -j16 -l16
[1.867s] DEBUG:colcon.colcon_core.event_handler.log_command:Invoked command in '/home/robotdeveloper02/IsaacSim-ros_workspaces-main/humble_ws/build/custom_message' returned '0': CMAKE_PREFIX_PATH=${CMAKE_PREFIX_PATH}:/home/robotdeveloper02/IsaacSim-ros_workspaces-main/humble_ws/install/my_ros2_package:/home/robotdeveloper02/IsaacSim-ros_workspaces-main/humble_ws/install/jetbot_controller:/home/robotdeveloper02/IsaacSim-ros_workspaces-main/humble_ws/install/isaac_ros_navigation_goal:/home/robotdeveloper02/IsaacSim-ros_workspaces-main/humble_ws/install/error_subscriber:/home/robotdeveloper02/IsaacSim-ros_workspaces-main/humble_ws/install/cube_controller:/home/robotdeveloper02/IsaacSim-ros_workspaces-main/humble_ws/install/Jettbot_position:/opt/ros/humble /usr/bin/cmake --build /home/robotdeveloper02/IsaacSim-ros_workspaces-main/humble_ws/build/custom_message -- -j16 -l16
[1.867s] DEBUG:colcon.colcon_core.event_handler.log_command:Invoked command in '/home/robotdeveloper02/IsaacSim-ros_workspaces-main/humble_ws/build/isaac_tutorials' returned '0': CMAKE_PREFIX_PATH=${CMAKE_PREFIX_PATH}:/home/robotdeveloper02/IsaacSim-ros_workspaces-main/humble_ws/install/my_ros2_package:/home/robotdeveloper02/IsaacSim-ros_workspaces-main/humble_ws/install/jetbot_controller:/home/robotdeveloper02/IsaacSim-ros_workspaces-main/humble_ws/install/isaac_ros_navigation_goal:/home/robotdeveloper02/IsaacSim-ros_workspaces-main/humble_ws/install/error_subscriber:/home/robotdeveloper02/IsaacSim-ros_workspaces-main/humble_ws/install/cube_controller:/home/robotdeveloper02/IsaacSim-ros_workspaces-main/humble_ws/install/Jettbot_position:/opt/ros/humble /usr/bin/cmake --build /home/robotdeveloper02/IsaacSim-ros_workspaces-main/humble_ws/build/isaac_tutorials -- -j16 -l16
[1.868s] DEBUG:colcon.colcon_core.event_handler.log_command:Invoked command in '/home/robotdeveloper02/IsaacSim-ros_workspaces-main/humble_ws/build/isaacsim' returned '0': CMAKE_PREFIX_PATH=${CMAKE_PREFIX_PATH}:/home/robotdeveloper02/IsaacSim-ros_workspaces-main/humble_ws/install/my_ros2_package:/home/robotdeveloper02/IsaacSim-ros_workspaces-main/humble_ws/install/jetbot_controller:/home/robotdeveloper02/IsaacSim-ros_workspaces-main/humble_ws/install/isaac_ros_navigation_goal:/home/robotdeveloper02/IsaacSim-ros_workspaces-main/humble_ws/install/error_subscriber:/home/robotdeveloper02/IsaacSim-ros_workspaces-main/humble_ws/install/cube_controller:/home/robotdeveloper02/IsaacSim-ros_workspaces-main/humble_ws/install/Jettbot_position:/opt/ros/humble /usr/bin/cmake --build /home/robotdeveloper02/IsaacSim-ros_workspaces-main/humble_ws/build/isaacsim -- -j16 -l16
[1.869s] DEBUG:colcon.colcon_core.event_handler.log_command:Invoked command in '/home/robotdeveloper02/IsaacSim-ros_workspaces-main/humble_ws/build/isaac_ros2_messages' returned '0': CMAKE_PREFIX_PATH=${CMAKE_PREFIX_PATH}:/home/robotdeveloper02/IsaacSim-ros_workspaces-main/humble_ws/install/my_ros2_package:/home/robotdeveloper02/IsaacSim-ros_workspaces-main/humble_ws/install/jetbot_controller:/home/robotdeveloper02/IsaacSim-ros_workspaces-main/humble_ws/install/isaac_ros_navigation_goal:/home/robotdeveloper02/IsaacSim-ros_workspaces-main/humble_ws/install/error_subscriber:/home/robotdeveloper02/IsaacSim-ros_workspaces-main/humble_ws/install/cube_controller:/home/robotdeveloper02/IsaacSim-ros_workspaces-main/humble_ws/install/Jettbot_position:/opt/ros/humble /usr/bin/cmake --build /home/robotdeveloper02/IsaacSim-ros_workspaces-main/humble_ws/build/isaac_ros2_messages -- -j16 -l16
[1.899s] DEBUG:colcon.colcon_core.event_handler.log_command:Invoking command in '/home/robotdeveloper02/IsaacSim-ros_workspaces-main/humble_ws/build/carter_navigation': CMAKE_PREFIX_PATH=${CMAKE_PREFIX_PATH}:/home/robotdeveloper02/IsaacSim-ros_workspaces-main/humble_ws/install/my_ros2_package:/home/robotdeveloper02/IsaacSim-ros_workspaces-main/humble_ws/install/jetbot_controller:/home/robotdeveloper02/IsaacSim-ros_workspaces-main/humble_ws/install/isaac_ros_navigation_goal:/home/robotdeveloper02/IsaacSim-ros_workspaces-main/humble_ws/install/error_subscriber:/home/robotdeveloper02/IsaacSim-ros_workspaces-main/humble_ws/install/cube_controller:/home/robotdeveloper02/IsaacSim-ros_workspaces-main/humble_ws/install/Jettbot_position:/opt/ros/humble /usr/bin/cmake --install /home/robotdeveloper02/IsaacSim-ros_workspaces-main/humble_ws/build/carter_navigation
[1.903s] DEBUG:colcon.colcon_core.event_handler.log_command:Invoking command in '/home/robotdeveloper02/IsaacSim-ros_workspaces-main/humble_ws/build/isaac_tutorials': CMAKE_PREFIX_PATH=${CMAKE_PREFIX_PATH}:/home/robotdeveloper02/IsaacSim-ros_workspaces-main/humble_ws/install/my_ros2_package:/home/robotdeveloper02/IsaacSim-ros_workspaces-main/humble_ws/install/jetbot_controller:/home/robotdeveloper02/IsaacSim-ros_workspaces-main/humble_ws/install/isaac_ros_navigation_goal:/home/robotdeveloper02/IsaacSim-ros_workspaces-main/humble_ws/install/error_subscriber:/home/robotdeveloper02/IsaacSim-ros_workspaces-main/humble_ws/install/cube_controller:/home/robotdeveloper02/IsaacSim-ros_workspaces-main/humble_ws/install/Jettbot_position:/opt/ros/humble /usr/bin/cmake --install /home/robotdeveloper02/IsaacSim-ros_workspaces-main/humble_ws/build/isaac_tutorials
[1.905s] DEBUG:colcon.colcon_core.event_handler.log_command:Invoking command in '/home/robotdeveloper02/IsaacSim-ros_workspaces-main/humble_ws/build/isaacsim': CMAKE_PREFIX_PATH=${CMAKE_PREFIX_PATH}:/home/robotdeveloper02/IsaacSim-ros_workspaces-main/humble_ws/install/my_ros2_package:/home/robotdeveloper02/IsaacSim-ros_workspaces-main/humble_ws/install/jetbot_controller:/home/robotdeveloper02/IsaacSim-ros_workspaces-main/humble_ws/install/isaac_ros_navigation_goal:/home/robotdeveloper02/IsaacSim-ros_workspaces-main/humble_ws/install/error_subscriber:/home/robotdeveloper02/IsaacSim-ros_workspaces-main/humble_ws/install/cube_controller:/home/robotdeveloper02/IsaacSim-ros_workspaces-main/humble_ws/install/Jettbot_position:/opt/ros/humble /usr/bin/cmake --install /home/robotdeveloper02/IsaacSim-ros_workspaces-main/humble_ws/build/isaacsim
[1.915s] Level 1:colcon.colcon_core.environment:create_environment_scripts_only(carter_navigation)
[1.925s] Level 1:colcon.colcon_core.environment:checking '/home/robotdeveloper02/IsaacSim-ros_workspaces-main/humble_ws/install/carter_navigation' for CMake module files
[1.927s] Level 1:colcon.colcon_core.environment:checking '/home/robotdeveloper02/IsaacSim-ros_workspaces-main/humble_ws/install/carter_navigation' for CMake config files
[1.929s] Level 1:colcon.colcon_core.shell:create_environment_hook('carter_navigation', 'cmake_prefix_path')
[1.930s] INFO:colcon.colcon_core.shell:Creating environment hook '/home/robotdeveloper02/IsaacSim-ros_workspaces-main/humble_ws/install/carter_navigation/share/carter_navigation/hook/cmake_prefix_path.ps1'
[1.931s] INFO:colcon.colcon_core.shell:Creating environment descriptor '/home/robotdeveloper02/IsaacSim-ros_workspaces-main/humble_ws/install/carter_navigation/share/carter_navigation/hook/cmake_prefix_path.dsv'
[1.931s] DEBUG:colcon.colcon_core.event_handler.log_command:Invoked command in '/home/robotdeveloper02/IsaacSim-ros_workspaces-main/humble_ws/build/carter_navigation' returned '0': CMAKE_PREFIX_PATH=${CMAKE_PREFIX_PATH}:/home/robotdeveloper02/IsaacSim-ros_workspaces-main/humble_ws/install/my_ros2_package:/home/robotdeveloper02/IsaacSim-ros_workspaces-main/humble_ws/install/jetbot_controller:/home/robotdeveloper02/IsaacSim-ros_workspaces-main/humble_ws/install/isaac_ros_navigation_goal:/home/robotdeveloper02/IsaacSim-ros_workspaces-main/humble_ws/install/error_subscriber:/home/robotdeveloper02/IsaacSim-ros_workspaces-main/humble_ws/install/cube_controller:/home/robotdeveloper02/IsaacSim-ros_workspaces-main/humble_ws/install/Jettbot_position:/opt/ros/humble /usr/bin/cmake --install /home/robotdeveloper02/IsaacSim-ros_workspaces-main/humble_ws/build/carter_navigation
[1.932s] INFO:colcon.colcon_core.shell:Creating environment hook '/home/robotdeveloper02/IsaacSim-ros_workspaces-main/humble_ws/install/carter_navigation/share/carter_navigation/hook/cmake_prefix_path.sh'
[1.932s] Level 1:colcon.colcon_core.environment:checking '/home/robotdeveloper02/IsaacSim-ros_workspaces-main/humble_ws/install/carter_navigation/bin'
[1.933s] Level 1:colcon.colcon_core.environment:checking '/home/robotdeveloper02/IsaacSim-ros_workspaces-main/humble_ws/install/carter_navigation/lib/pkgconfig/carter_navigation.pc'
[1.933s] Level 1:colcon.colcon_core.environment:checking '/home/robotdeveloper02/IsaacSim-ros_workspaces-main/humble_ws/install/carter_navigation/lib/python3.10/site-packages'
[1.933s] Level 1:colcon.colcon_core.environment:checking '/home/robotdeveloper02/IsaacSim-ros_workspaces-main/humble_ws/install/carter_navigation/bin'
[1.933s] INFO:colcon.colcon_core.shell:Creating package script '/home/robotdeveloper02/IsaacSim-ros_workspaces-main/humble_ws/install/carter_navigation/share/carter_navigation/package.ps1'
[1.934s] INFO:colcon.colcon_core.shell:Creating package descriptor '/home/robotdeveloper02/IsaacSim-ros_workspaces-main/humble_ws/install/carter_navigation/share/carter_navigation/package.dsv'
[1.934s] INFO:colcon.colcon_core.shell:Creating package script '/home/robotdeveloper02/IsaacSim-ros_workspaces-main/humble_ws/install/carter_navigation/share/carter_navigation/package.sh'
[1.935s] INFO:colcon.colcon_core.shell:Creating package script '/home/robotdeveloper02/IsaacSim-ros_workspaces-main/humble_ws/install/carter_navigation/share/carter_navigation/package.bash'
[1.936s] INFO:colcon.colcon_core.shell:Creating package script '/home/robotdeveloper02/IsaacSim-ros_workspaces-main/humble_ws/install/carter_navigation/share/carter_navigation/package.zsh'
[1.937s] Level 1:colcon.colcon_core.environment:create_file_with_runtime_dependencies(/home/robotdeveloper02/IsaacSim-ros_workspaces-main/humble_ws/install/carter_navigation/share/colcon-core/packages/carter_navigation)
[1.938s] Level 1:colcon.colcon_core.environment:create_environment_scripts_only(isaac_tutorials)
[1.938s] Level 1:colcon.colcon_core.environment:checking '/home/robotdeveloper02/IsaacSim-ros_workspaces-main/humble_ws/install/isaac_tutorials' for CMake module files
[1.939s] DEBUG:colcon.colcon_core.event_handler.log_command:Invoked command in '/home/robotdeveloper02/IsaacSim-ros_workspaces-main/humble_ws/build/isaac_tutorials' returned '0': CMAKE_PREFIX_PATH=${CMAKE_PREFIX_PATH}:/home/robotdeveloper02/IsaacSim-ros_workspaces-main/humble_ws/install/my_ros2_package:/home/robotdeveloper02/IsaacSim-ros_workspaces-main/humble_ws/install/jetbot_controller:/home/robotdeveloper02/IsaacSim-ros_workspaces-main/humble_ws/install/isaac_ros_navigation_goal:/home/robotdeveloper02/IsaacSim-ros_workspaces-main/humble_ws/install/error_subscriber:/home/robotdeveloper02/IsaacSim-ros_workspaces-main/humble_ws/install/cube_controller:/home/robotdeveloper02/IsaacSim-ros_workspaces-main/humble_ws/install/Jettbot_position:/opt/ros/humble /usr/bin/cmake --install /home/robotdeveloper02/IsaacSim-ros_workspaces-main/humble_ws/build/isaac_tutorials
[1.940s] Level 1:colcon.colcon_core.environment:checking '/home/robotdeveloper02/IsaacSim-ros_workspaces-main/humble_ws/install/isaac_tutorials' for CMake config files
[1.940s] Level 1:colcon.colcon_core.shell:create_environment_hook('isaac_tutorials', 'cmake_prefix_path')
[1.940s] INFO:colcon.colcon_core.shell:Creating environment hook '/home/robotdeveloper02/IsaacSim-ros_workspaces-main/humble_ws/install/isaac_tutorials/share/isaac_tutorials/hook/cmake_prefix_path.ps1'
[1.941s] INFO:colcon.colcon_core.shell:Creating environment descriptor '/home/robotdeveloper02/IsaacSim-ros_workspaces-main/humble_ws/install/isaac_tutorials/share/isaac_tutorials/hook/cmake_prefix_path.dsv'
[1.941s] INFO:colcon.colcon_core.shell:Creating environment hook '/home/robotdeveloper02/IsaacSim-ros_workspaces-main/humble_ws/install/isaac_tutorials/share/isaac_tutorials/hook/cmake_prefix_path.sh'
[1.942s] Level 1:colcon.colcon_core.environment:checking '/home/robotdeveloper02/IsaacSim-ros_workspaces-main/humble_ws/install/isaac_tutorials/lib'
[1.943s] Level 1:colcon.colcon_core.environment:checking '/home/robotdeveloper02/IsaacSim-ros_workspaces-main/humble_ws/install/isaac_tutorials/bin'
[1.943s] Level 1:colcon.colcon_core.environment:checking '/home/robotdeveloper02/IsaacSim-ros_workspaces-main/humble_ws/install/isaac_tutorials/lib/pkgconfig/isaac_tutorials.pc'
[1.943s] Level 1:colcon.colcon_core.environment:checking '/home/robotdeveloper02/IsaacSim-ros_workspaces-main/humble_ws/install/isaac_tutorials/lib/python3.10/site-packages'
[1.943s] Level 1:colcon.colcon_core.environment:checking '/home/robotdeveloper02/IsaacSim-ros_workspaces-main/humble_ws/install/isaac_tutorials/bin'
[1.944s] INFO:colcon.colcon_core.shell:Creating package script '/home/robotdeveloper02/IsaacSim-ros_workspaces-main/humble_ws/install/isaac_tutorials/share/isaac_tutorials/package.ps1'
[1.944s] INFO:colcon.colcon_core.shell:Creating package descriptor '/home/robotdeveloper02/IsaacSim-ros_workspaces-main/humble_ws/install/isaac_tutorials/share/isaac_tutorials/package.dsv'
[1.945s] INFO:colcon.colcon_core.shell:Creating package script '/home/robotdeveloper02/IsaacSim-ros_workspaces-main/humble_ws/install/isaac_tutorials/share/isaac_tutorials/package.sh'
[1.945s] INFO:colcon.colcon_core.shell:Creating package script '/home/robotdeveloper02/IsaacSim-ros_workspaces-main/humble_ws/install/isaac_tutorials/share/isaac_tutorials/package.bash'
[1.946s] INFO:colcon.colcon_core.shell:Creating package script '/home/robotdeveloper02/IsaacSim-ros_workspaces-main/humble_ws/install/isaac_tutorials/share/isaac_tutorials/package.zsh'
[1.946s] Level 1:colcon.colcon_core.environment:create_file_with_runtime_dependencies(/home/robotdeveloper02/IsaacSim-ros_workspaces-main/humble_ws/install/isaac_tutorials/share/colcon-core/packages/isaac_tutorials)
[1.948s] Level 1:colcon.colcon_core.environment:create_environment_scripts_only(isaacsim)
[1.949s] Level 1:colcon.colcon_core.environment:checking '/home/robotdeveloper02/IsaacSim-ros_workspaces-main/humble_ws/install/isaacsim' for CMake module files
[1.950s] DEBUG:colcon.colcon_core.event_handler.log_command:Invoked command in '/home/robotdeveloper02/IsaacSim-ros_workspaces-main/humble_ws/build/isaacsim' returned '0': CMAKE_PREFIX_PATH=${CMAKE_PREFIX_PATH}:/home/robotdeveloper02/IsaacSim-ros_workspaces-main/humble_ws/install/my_ros2_package:/home/robotdeveloper02/IsaacSim-ros_workspaces-main/humble_ws/install/jetbot_controller:/home/robotdeveloper02/IsaacSim-ros_workspaces-main/humble_ws/install/isaac_ros_navigation_goal:/home/robotdeveloper02/IsaacSim-ros_workspaces-main/humble_ws/install/error_subscriber:/home/robotdeveloper02/IsaacSim-ros_workspaces-main/humble_ws/install/cube_controller:/home/robotdeveloper02/IsaacSim-ros_workspaces-main/humble_ws/install/Jettbot_position:/opt/ros/humble /usr/bin/cmake --install /home/robotdeveloper02/IsaacSim-ros_workspaces-main/humble_ws/build/isaacsim
[1.950s] Level 1:colcon.colcon_core.environment:checking '/home/robotdeveloper02/IsaacSim-ros_workspaces-main/humble_ws/install/isaacsim' for CMake config files
[1.951s] Level 1:colcon.colcon_core.shell:create_environment_hook('isaacsim', 'cmake_prefix_path')
[1.951s] INFO:colcon.colcon_core.shell:Creating environment hook '/home/robotdeveloper02/IsaacSim-ros_workspaces-main/humble_ws/install/isaacsim/share/isaacsim/hook/cmake_prefix_path.ps1'
[1.952s] INFO:colcon.colcon_core.shell:Creating environment descriptor '/home/robotdeveloper02/IsaacSim-ros_workspaces-main/humble_ws/install/isaacsim/share/isaacsim/hook/cmake_prefix_path.dsv'
[1.952s] INFO:colcon.colcon_core.shell:Creating environment hook '/home/robotdeveloper02/IsaacSim-ros_workspaces-main/humble_ws/install/isaacsim/share/isaacsim/hook/cmake_prefix_path.sh'
[1.953s] Level 1:colcon.colcon_core.environment:checking '/home/robotdeveloper02/IsaacSim-ros_workspaces-main/humble_ws/install/isaacsim/lib'
[1.953s] Level 1:colcon.colcon_core.environment:checking '/home/robotdeveloper02/IsaacSim-ros_workspaces-main/humble_ws/install/isaacsim/bin'
[1.953s] Level 1:colcon.colcon_core.environment:checking '/home/robotdeveloper02/IsaacSim-ros_workspaces-main/humble_ws/install/isaacsim/lib/pkgconfig/isaacsim.pc'
[1.953s] Level 1:colcon.colcon_core.environment:checking '/home/robotdeveloper02/IsaacSim-ros_workspaces-main/humble_ws/install/isaacsim/lib/python3.10/site-packages'
[1.953s] Level 1:colcon.colcon_core.environment:checking '/home/robotdeveloper02/IsaacSim-ros_workspaces-main/humble_ws/install/isaacsim/bin'
[1.954s] INFO:colcon.colcon_core.shell:Creating package script '/home/robotdeveloper02/IsaacSim-ros_workspaces-main/humble_ws/install/isaacsim/share/isaacsim/package.ps1'
[1.955s] INFO:colcon.colcon_core.shell:Creating package descriptor '/home/robotdeveloper02/IsaacSim-ros_workspaces-main/humble_ws/install/isaacsim/share/isaacsim/package.dsv'
[1.955s] INFO:colcon.colcon_core.shell:Creating package script '/home/robotdeveloper02/IsaacSim-ros_workspaces-main/humble_ws/install/isaacsim/share/isaacsim/package.sh'
[1.955s] INFO:colcon.colcon_core.shell:Creating package script '/home/robotdeveloper02/IsaacSim-ros_workspaces-main/humble_ws/install/isaacsim/share/isaacsim/package.bash'
[1.956s] INFO:colcon.colcon_core.shell:Creating package script '/home/robotdeveloper02/IsaacSim-ros_workspaces-main/humble_ws/install/isaacsim/share/isaacsim/package.zsh'
[1.956s] Level 1:colcon.colcon_core.environment:create_file_with_runtime_dependencies(/home/robotdeveloper02/IsaacSim-ros_workspaces-main/humble_ws/install/isaacsim/share/colcon-core/packages/isaacsim)
[1.963s] Level 1:colcon.colcon_core.environment:create_environment_scripts_only(carter_navigation)
[1.964s] Level 1:colcon.colcon_core.environment:checking '/home/robotdeveloper02/IsaacSim-ros_workspaces-main/humble_ws/install/carter_navigation' for CMake module files
[1.964s] Level 1:colcon.colcon_core.environment:checking '/home/robotdeveloper02/IsaacSim-ros_workspaces-main/humble_ws/install/carter_navigation' for CMake config files
[1.964s] Level 1:colcon.colcon_core.shell:create_environment_hook('carter_navigation', 'cmake_prefix_path')
[1.965s] INFO:colcon.colcon_core.shell:Creating environment hook '/home/robotdeveloper02/IsaacSim-ros_workspaces-main/humble_ws/install/carter_navigation/share/carter_navigation/hook/cmake_prefix_path.ps1'
[1.965s] INFO:colcon.colcon_core.shell:Creating environment descriptor '/home/robotdeveloper02/IsaacSim-ros_workspaces-main/humble_ws/install/carter_navigation/share/carter_navigation/hook/cmake_prefix_path.dsv'
[1.966s] INFO:colcon.colcon_core.shell:Creating environment hook '/home/robotdeveloper02/IsaacSim-ros_workspaces-main/humble_ws/install/carter_navigation/share/carter_navigation/hook/cmake_prefix_path.sh'
[1.966s] Level 1:colcon.colcon_core.environment:checking '/home/robotdeveloper02/IsaacSim-ros_workspaces-main/humble_ws/install/carter_navigation/bin'
[1.966s] Level 1:colcon.colcon_core.environment:checking '/home/robotdeveloper02/IsaacSim-ros_workspaces-main/humble_ws/install/carter_navigation/lib/pkgconfig/carter_navigation.pc'
[1.967s] Level 1:colcon.colcon_core.environment:checking '/home/robotdeveloper02/IsaacSim-ros_workspaces-main/humble_ws/install/carter_navigation/lib/python3.10/site-packages'
[1.967s] Level 1:colcon.colcon_core.environment:checking '/home/robotdeveloper02/IsaacSim-ros_workspaces-main/humble_ws/install/carter_navigation/bin'
[1.968s] INFO:colcon.colcon_core.shell:Creating package script '/home/robotdeveloper02/IsaacSim-ros_workspaces-main/humble_ws/install/carter_navigation/share/carter_navigation/package.ps1'
[1.968s] INFO:colcon.colcon_core.shell:Creating package descriptor '/home/robotdeveloper02/IsaacSim-ros_workspaces-main/humble_ws/install/carter_navigation/share/carter_navigation/package.dsv'
[1.969s] INFO:colcon.colcon_core.shell:Creating package script '/home/robotdeveloper02/IsaacSim-ros_workspaces-main/humble_ws/install/carter_navigation/share/carter_navigation/package.sh'
[1.969s] INFO:colcon.colcon_core.shell:Creating package script '/home/robotdeveloper02/IsaacSim-ros_workspaces-main/humble_ws/install/carter_navigation/share/carter_navigation/package.bash'
[1.969s] INFO:colcon.colcon_core.shell:Creating package script '/home/robotdeveloper02/IsaacSim-ros_workspaces-main/humble_ws/install/carter_navigation/share/carter_navigation/package.zsh'
[1.970s] Level 1:colcon.colcon_core.environment:create_file_with_runtime_dependencies(/home/robotdeveloper02/IsaacSim-ros_workspaces-main/humble_ws/install/carter_navigation/share/colcon-core/packages/carter_navigation)
[1.975s] Level 1:colcon.colcon_core.environment:create_environment_scripts_only(isaac_tutorials)
[1.976s] Level 1:colcon.colcon_core.environment:checking '/home/robotdeveloper02/IsaacSim-ros_workspaces-main/humble_ws/install/isaac_tutorials' for CMake module files
[1.976s] Level 1:colcon.colcon_core.environment:checking '/home/robotdeveloper02/IsaacSim-ros_workspaces-main/humble_ws/install/isaac_tutorials' for CMake config files
[1.977s] Level 1:colcon.colcon_core.shell:create_environment_hook('isaac_tutorials', 'cmake_prefix_path')
[1.977s] INFO:colcon.colcon_core.shell:Creating environment hook '/home/robotdeveloper02/IsaacSim-ros_workspaces-main/humble_ws/install/isaac_tutorials/share/isaac_tutorials/hook/cmake_prefix_path.ps1'
[1.978s] INFO:colcon.colcon_core.shell:Creating environment descriptor '/home/robotdeveloper02/IsaacSim-ros_workspaces-main/humble_ws/install/isaac_tutorials/share/isaac_tutorials/hook/cmake_prefix_path.dsv'
[1.978s] INFO:colcon.colcon_core.shell:Creating environment hook '/home/robotdeveloper02/IsaacSim-ros_workspaces-main/humble_ws/install/isaac_tutorials/share/isaac_tutorials/hook/cmake_prefix_path.sh'
[1.979s] Level 1:colcon.colcon_core.environment:checking '/home/robotdeveloper02/IsaacSim-ros_workspaces-main/humble_ws/install/isaac_tutorials/lib'
[1.979s] Level 1:colcon.colcon_core.environment:checking '/home/robotdeveloper02/IsaacSim-ros_workspaces-main/humble_ws/install/isaac_tutorials/bin'
[1.979s] Level 1:colcon.colcon_core.environment:checking '/home/robotdeveloper02/IsaacSim-ros_workspaces-main/humble_ws/install/isaac_tutorials/lib/pkgconfig/isaac_tutorials.pc'
[1.979s] Level 1:colcon.colcon_core.environment:checking '/home/robotdeveloper02/IsaacSim-ros_workspaces-main/humble_ws/install/isaac_tutorials/lib/python3.10/site-packages'
[1.980s] Level 1:colcon.colcon_core.environment:checking '/home/robotdeveloper02/IsaacSim-ros_workspaces-main/humble_ws/install/isaac_tutorials/bin'
[1.980s] INFO:colcon.colcon_core.shell:Creating package script '/home/robotdeveloper02/IsaacSim-ros_workspaces-main/humble_ws/install/isaac_tutorials/share/isaac_tutorials/package.ps1'
[1.981s] INFO:colcon.colcon_core.shell:Creating package descriptor '/home/robotdeveloper02/IsaacSim-ros_workspaces-main/humble_ws/install/isaac_tutorials/share/isaac_tutorials/package.dsv'
[1.982s] INFO:colcon.colcon_core.shell:Creating package script '/home/robotdeveloper02/IsaacSim-ros_workspaces-main/humble_ws/install/isaac_tutorials/share/isaac_tutorials/package.sh'
[1.982s] INFO:colcon.colcon_core.shell:Creating package script '/home/robotdeveloper02/IsaacSim-ros_workspaces-main/humble_ws/install/isaac_tutorials/share/isaac_tutorials/package.bash'
[1.983s] INFO:colcon.colcon_core.shell:Creating package script '/home/robotdeveloper02/IsaacSim-ros_workspaces-main/humble_ws/install/isaac_tutorials/share/isaac_tutorials/package.zsh'
[1.983s] Level 1:colcon.colcon_core.environment:create_file_with_runtime_dependencies(/home/robotdeveloper02/IsaacSim-ros_workspaces-main/humble_ws/install/isaac_tutorials/share/colcon-core/packages/isaac_tutorials)
[1.989s] Level 1:colcon.colcon_core.environment:create_environment_scripts_only(isaacsim)
[1.989s] Level 1:colcon.colcon_core.environment:checking '/home/robotdeveloper02/IsaacSim-ros_workspaces-main/humble_ws/install/isaacsim' for CMake module files
[1.990s] Level 1:colcon.colcon_core.environment:checking '/home/robotdeveloper02/IsaacSim-ros_workspaces-main/humble_ws/install/isaacsim' for CMake config files
[1.990s] Level 1:colcon.colcon_core.shell:create_environment_hook('isaacsim', 'cmake_prefix_path')
[1.990s] INFO:colcon.colcon_core.shell:Creating environment hook '/home/robotdeveloper02/IsaacSim-ros_workspaces-main/humble_ws/install/isaacsim/share/isaacsim/hook/cmake_prefix_path.ps1'
[1.991s] INFO:colcon.colcon_core.shell:Creating environment descriptor '/home/robotdeveloper02/IsaacSim-ros_workspaces-main/humble_ws/install/isaacsim/share/isaacsim/hook/cmake_prefix_path.dsv'
[1.991s] INFO:colcon.colcon_core.shell:Creating environment hook '/home/robotdeveloper02/IsaacSim-ros_workspaces-main/humble_ws/install/isaacsim/share/isaacsim/hook/cmake_prefix_path.sh'
[1.992s] Level 1:colcon.colcon_core.environment:checking '/home/robotdeveloper02/IsaacSim-ros_workspaces-main/humble_ws/install/isaacsim/lib'
[1.992s] Level 1:colcon.colcon_core.environment:checking '/home/robotdeveloper02/IsaacSim-ros_workspaces-main/humble_ws/install/isaacsim/bin'
[1.992s] Level 1:colcon.colcon_core.environment:checking '/home/robotdeveloper02/IsaacSim-ros_workspaces-main/humble_ws/install/isaacsim/lib/pkgconfig/isaacsim.pc'
[1.993s] Level 1:colcon.colcon_core.environment:checking '/home/robotdeveloper02/IsaacSim-ros_workspaces-main/humble_ws/install/isaacsim/lib/python3.10/site-packages'
[1.993s] Level 1:colcon.colcon_core.environment:checking '/home/robotdeveloper02/IsaacSim-ros_workspaces-main/humble_ws/install/isaacsim/bin'
[1.994s] INFO:colcon.colcon_core.shell:Creating package script '/home/robotdeveloper02/IsaacSim-ros_workspaces-main/humble_ws/install/isaacsim/share/isaacsim/package.ps1'
[1.995s] INFO:colcon.colcon_core.shell:Creating package descriptor '/home/robotdeveloper02/IsaacSim-ros_workspaces-main/humble_ws/install/isaacsim/share/isaacsim/package.dsv'
[1.995s] INFO:colcon.colcon_core.shell:Creating package script '/home/robotdeveloper02/IsaacSim-ros_workspaces-main/humble_ws/install/isaacsim/share/isaacsim/package.sh'
[1.996s] INFO:colcon.colcon_core.shell:Creating package script '/home/robotdeveloper02/IsaacSim-ros_workspaces-main/humble_ws/install/isaacsim/share/isaacsim/package.bash'
[1.997s] INFO:colcon.colcon_core.shell:Creating package script '/home/robotdeveloper02/IsaacSim-ros_workspaces-main/humble_ws/install/isaacsim/share/isaacsim/package.zsh'
[1.997s] Level 1:colcon.colcon_core.environment:create_file_with_runtime_dependencies(/home/robotdeveloper02/IsaacSim-ros_workspaces-main/humble_ws/install/isaacsim/share/colcon-core/packages/isaacsim)
[2.012s] DEBUG:colcon.colcon_core.event_handler.log_command:Invoking command in '/home/robotdeveloper02/IsaacSim-ros_workspaces-main/humble_ws/build/custom_message': CMAKE_PREFIX_PATH=${CMAKE_PREFIX_PATH}:/home/robotdeveloper02/IsaacSim-ros_workspaces-main/humble_ws/install/my_ros2_package:/home/robotdeveloper02/IsaacSim-ros_workspaces-main/humble_ws/install/jetbot_controller:/home/robotdeveloper02/IsaacSim-ros_workspaces-main/humble_ws/install/isaac_ros_navigation_goal:/home/robotdeveloper02/IsaacSim-ros_workspaces-main/humble_ws/install/error_subscriber:/home/robotdeveloper02/IsaacSim-ros_workspaces-main/humble_ws/install/cube_controller:/home/robotdeveloper02/IsaacSim-ros_workspaces-main/humble_ws/install/Jettbot_position:/opt/ros/humble /usr/bin/cmake --install /home/robotdeveloper02/IsaacSim-ros_workspaces-main/humble_ws/build/custom_message
[2.042s] DEBUG:colcon.colcon_core.event_handler.log_command:Invoking command in '/home/robotdeveloper02/IsaacSim-ros_workspaces-main/humble_ws/build/isaac_ros2_messages': CMAKE_PREFIX_PATH=${CMAKE_PREFIX_PATH}:/home/robotdeveloper02/IsaacSim-ros_workspaces-main/humble_ws/install/my_ros2_package:/home/robotdeveloper02/IsaacSim-ros_workspaces-main/humble_ws/install/jetbot_controller:/home/robotdeveloper02/IsaacSim-ros_workspaces-main/humble_ws/install/isaac_ros_navigation_goal:/home/robotdeveloper02/IsaacSim-ros_workspaces-main/humble_ws/install/error_subscriber:/home/robotdeveloper02/IsaacSim-ros_workspaces-main/humble_ws/install/cube_controller:/home/robotdeveloper02/IsaacSim-ros_workspaces-main/humble_ws/install/Jettbot_position:/opt/ros/humble /usr/bin/cmake --install /home/robotdeveloper02/IsaacSim-ros_workspaces-main/humble_ws/build/isaac_ros2_messages
[2.080s] Level 1:colcon.colcon_core.environment:create_environment_scripts_only(custom_message)
[2.081s] Level 1:colcon.colcon_core.environment:checking '/home/robotdeveloper02/IsaacSim-ros_workspaces-main/humble_ws/install/custom_message' for CMake module files
[2.083s] DEBUG:colcon.colcon_core.event_handler.log_command:Invoked command in '/home/robotdeveloper02/IsaacSim-ros_workspaces-main/humble_ws/build/custom_message' returned '0': CMAKE_PREFIX_PATH=${CMAKE_PREFIX_PATH}:/home/robotdeveloper02/IsaacSim-ros_workspaces-main/humble_ws/install/my_ros2_package:/home/robotdeveloper02/IsaacSim-ros_workspaces-main/humble_ws/install/jetbot_controller:/home/robotdeveloper02/IsaacSim-ros_workspaces-main/humble_ws/install/isaac_ros_navigation_goal:/home/robotdeveloper02/IsaacSim-ros_workspaces-main/humble_ws/install/error_subscriber:/home/robotdeveloper02/IsaacSim-ros_workspaces-main/humble_ws/install/cube_controller:/home/robotdeveloper02/IsaacSim-ros_workspaces-main/humble_ws/install/Jettbot_position:/opt/ros/humble /usr/bin/cmake --install /home/robotdeveloper02/IsaacSim-ros_workspaces-main/humble_ws/build/custom_message
[2.083s] Level 1:colcon.colcon_core.environment:checking '/home/robotdeveloper02/IsaacSim-ros_workspaces-main/humble_ws/install/custom_message' for CMake config files
[2.084s] Level 1:colcon.colcon_core.shell:create_environment_hook('custom_message', 'cmake_prefix_path')
[2.084s] INFO:colcon.colcon_core.shell:Creating environment hook '/home/robotdeveloper02/IsaacSim-ros_workspaces-main/humble_ws/install/custom_message/share/custom_message/hook/cmake_prefix_path.ps1'
[2.085s] INFO:colcon.colcon_core.shell:Creating environment descriptor '/home/robotdeveloper02/IsaacSim-ros_workspaces-main/humble_ws/install/custom_message/share/custom_message/hook/cmake_prefix_path.dsv'
[2.085s] INFO:colcon.colcon_core.shell:Creating environment hook '/home/robotdeveloper02/IsaacSim-ros_workspaces-main/humble_ws/install/custom_message/share/custom_message/hook/cmake_prefix_path.sh'
[2.086s] Level 1:colcon.colcon_core.environment:checking '/home/robotdeveloper02/IsaacSim-ros_workspaces-main/humble_ws/install/custom_message/lib'
[2.086s] Level 1:colcon.colcon_core.shell:create_environment_hook('custom_message', 'ld_library_path_lib')
[2.086s] INFO:colcon.colcon_core.shell:Creating environment hook '/home/robotdeveloper02/IsaacSim-ros_workspaces-main/humble_ws/install/custom_message/share/custom_message/hook/ld_library_path_lib.ps1'
[2.087s] INFO:colcon.colcon_core.shell:Creating environment descriptor '/home/robotdeveloper02/IsaacSim-ros_workspaces-main/humble_ws/install/custom_message/share/custom_message/hook/ld_library_path_lib.dsv'
[2.087s] INFO:colcon.colcon_core.shell:Creating environment hook '/home/robotdeveloper02/IsaacSim-ros_workspaces-main/humble_ws/install/custom_message/share/custom_message/hook/ld_library_path_lib.sh'
[2.088s] Level 1:colcon.colcon_core.environment:checking '/home/robotdeveloper02/IsaacSim-ros_workspaces-main/humble_ws/install/custom_message/bin'
[2.088s] Level 1:colcon.colcon_core.environment:checking '/home/robotdeveloper02/IsaacSim-ros_workspaces-main/humble_ws/install/custom_message/lib/pkgconfig/custom_message.pc'
[2.088s] Level 1:colcon.colcon_core.environment:checking '/home/robotdeveloper02/IsaacSim-ros_workspaces-main/humble_ws/install/custom_message/lib/python3.10/site-packages'
[2.088s] Level 1:colcon.colcon_core.environment:checking '/home/robotdeveloper02/IsaacSim-ros_workspaces-main/humble_ws/install/custom_message/bin'
[2.089s] INFO:colcon.colcon_core.shell:Creating package script '/home/robotdeveloper02/IsaacSim-ros_workspaces-main/humble_ws/install/custom_message/share/custom_message/package.ps1'
[2.090s] INFO:colcon.colcon_core.shell:Creating package descriptor '/home/robotdeveloper02/IsaacSim-ros_workspaces-main/humble_ws/install/custom_message/share/custom_message/package.dsv'
[2.090s] INFO:colcon.colcon_core.shell:Creating package script '/home/robotdeveloper02/IsaacSim-ros_workspaces-main/humble_ws/install/custom_message/share/custom_message/package.sh'
[2.091s] INFO:colcon.colcon_core.shell:Creating package script '/home/robotdeveloper02/IsaacSim-ros_workspaces-main/humble_ws/install/custom_message/share/custom_message/package.bash'
[2.091s] INFO:colcon.colcon_core.shell:Creating package script '/home/robotdeveloper02/IsaacSim-ros_workspaces-main/humble_ws/install/custom_message/share/custom_message/package.zsh'
[2.092s] Level 1:colcon.colcon_core.environment:create_file_with_runtime_dependencies(/home/robotdeveloper02/IsaacSim-ros_workspaces-main/humble_ws/install/custom_message/share/colcon-core/packages/custom_message)
[2.117s] Level 1:colcon.colcon_core.environment:create_environment_scripts_only(isaac_ros2_messages)
[2.117s] Level 1:colcon.colcon_core.environment:checking '/home/robotdeveloper02/IsaacSim-ros_workspaces-main/humble_ws/install/isaac_ros2_messages' for CMake module files
[2.118s] DEBUG:colcon.colcon_core.event_handler.log_command:Invoked command in '/home/robotdeveloper02/IsaacSim-ros_workspaces-main/humble_ws/build/isaac_ros2_messages' returned '0': CMAKE_PREFIX_PATH=${CMAKE_PREFIX_PATH}:/home/robotdeveloper02/IsaacSim-ros_workspaces-main/humble_ws/install/my_ros2_package:/home/robotdeveloper02/IsaacSim-ros_workspaces-main/humble_ws/install/jetbot_controller:/home/robotdeveloper02/IsaacSim-ros_workspaces-main/humble_ws/install/isaac_ros_navigation_goal:/home/robotdeveloper02/IsaacSim-ros_workspaces-main/humble_ws/install/error_subscriber:/home/robotdeveloper02/IsaacSim-ros_workspaces-main/humble_ws/install/cube_controller:/home/robotdeveloper02/IsaacSim-ros_workspaces-main/humble_ws/install/Jettbot_position:/opt/ros/humble /usr/bin/cmake --install /home/robotdeveloper02/IsaacSim-ros_workspaces-main/humble_ws/build/isaac_ros2_messages
[2.119s] Level 1:colcon.colcon_core.environment:checking '/home/robotdeveloper02/IsaacSim-ros_workspaces-main/humble_ws/install/isaac_ros2_messages' for CMake config files
[2.119s] Level 1:colcon.colcon_core.shell:create_environment_hook('isaac_ros2_messages', 'cmake_prefix_path')
[2.120s] INFO:colcon.colcon_core.shell:Creating environment hook '/home/robotdeveloper02/IsaacSim-ros_workspaces-main/humble_ws/install/isaac_ros2_messages/share/isaac_ros2_messages/hook/cmake_prefix_path.ps1'
[2.120s] INFO:colcon.colcon_core.shell:Creating environment descriptor '/home/robotdeveloper02/IsaacSim-ros_workspaces-main/humble_ws/install/isaac_ros2_messages/share/isaac_ros2_messages/hook/cmake_prefix_path.dsv'
[2.121s] INFO:colcon.colcon_core.shell:Creating environment hook '/home/robotdeveloper02/IsaacSim-ros_workspaces-main/humble_ws/install/isaac_ros2_messages/share/isaac_ros2_messages/hook/cmake_prefix_path.sh'
[2.121s] Level 1:colcon.colcon_core.environment:checking '/home/robotdeveloper02/IsaacSim-ros_workspaces-main/humble_ws/install/isaac_ros2_messages/lib'
[2.122s] Level 1:colcon.colcon_core.shell:create_environment_hook('isaac_ros2_messages', 'ld_library_path_lib')
[2.122s] INFO:colcon.colcon_core.shell:Creating environment hook '/home/robotdeveloper02/IsaacSim-ros_workspaces-main/humble_ws/install/isaac_ros2_messages/share/isaac_ros2_messages/hook/ld_library_path_lib.ps1'
[2.122s] INFO:colcon.colcon_core.shell:Creating environment descriptor '/home/robotdeveloper02/IsaacSim-ros_workspaces-main/humble_ws/install/isaac_ros2_messages/share/isaac_ros2_messages/hook/ld_library_path_lib.dsv'
[2.123s] INFO:colcon.colcon_core.shell:Creating environment hook '/home/robotdeveloper02/IsaacSim-ros_workspaces-main/humble_ws/install/isaac_ros2_messages/share/isaac_ros2_messages/hook/ld_library_path_lib.sh'
[2.123s] Level 1:colcon.colcon_core.environment:checking '/home/robotdeveloper02/IsaacSim-ros_workspaces-main/humble_ws/install/isaac_ros2_messages/bin'
[2.123s] Level 1:colcon.colcon_core.environment:checking '/home/robotdeveloper02/IsaacSim-ros_workspaces-main/humble_ws/install/isaac_ros2_messages/lib/pkgconfig/isaac_ros2_messages.pc'
[2.124s] Level 1:colcon.colcon_core.environment:checking '/home/robotdeveloper02/IsaacSim-ros_workspaces-main/humble_ws/install/isaac_ros2_messages/lib/python3.10/site-packages'
[2.124s] Level 1:colcon.colcon_core.environment:checking '/home/robotdeveloper02/IsaacSim-ros_workspaces-main/humble_ws/install/isaac_ros2_messages/bin'
[2.124s] INFO:colcon.colcon_core.shell:Creating package script '/home/robotdeveloper02/IsaacSim-ros_workspaces-main/humble_ws/install/isaac_ros2_messages/share/isaac_ros2_messages/package.ps1'
[2.125s] INFO:colcon.colcon_core.shell:Creating package descriptor '/home/robotdeveloper02/IsaacSim-ros_workspaces-main/humble_ws/install/isaac_ros2_messages/share/isaac_ros2_messages/package.dsv'
[2.126s] INFO:colcon.colcon_core.shell:Creating package script '/home/robotdeveloper02/IsaacSim-ros_workspaces-main/humble_ws/install/isaac_ros2_messages/share/isaac_ros2_messages/package.sh'
[2.126s] INFO:colcon.colcon_core.shell:Creating package script '/home/robotdeveloper02/IsaacSim-ros_workspaces-main/humble_ws/install/isaac_ros2_messages/share/isaac_ros2_messages/package.bash'
[2.127s] INFO:colcon.colcon_core.shell:Creating package script '/home/robotdeveloper02/IsaacSim-ros_workspaces-main/humble_ws/install/isaac_ros2_messages/share/isaac_ros2_messages/package.zsh'
[2.127s] Level 1:colcon.colcon_core.environment:create_file_with_runtime_dependencies(/home/robotdeveloper02/IsaacSim-ros_workspaces-main/humble_ws/install/isaac_ros2_messages/share/colcon-core/packages/isaac_ros2_messages)
[2.261s] Level 1:colcon.colcon_core.environment:create_environment_scripts_only(custom_message)
[2.261s] Level 1:colcon.colcon_core.environment:checking '/home/robotdeveloper02/IsaacSim-ros_workspaces-main/humble_ws/install/custom_message' for CMake module files
[2.262s] Level 1:colcon.colcon_core.environment:checking '/home/robotdeveloper02/IsaacSim-ros_workspaces-main/humble_ws/install/custom_message' for CMake config files
[2.263s] Level 1:colcon.colcon_core.shell:create_environment_hook('custom_message', 'cmake_prefix_path')
[2.263s] INFO:colcon.colcon_core.shell:Creating environment hook '/home/robotdeveloper02/IsaacSim-ros_workspaces-main/humble_ws/install/custom_message/share/custom_message/hook/cmake_prefix_path.ps1'
[2.264s] INFO:colcon.colcon_core.shell:Creating environment descriptor '/home/robotdeveloper02/IsaacSim-ros_workspaces-main/humble_ws/install/custom_message/share/custom_message/hook/cmake_prefix_path.dsv'
[2.266s] INFO:colcon.colcon_core.shell:Creating environment hook '/home/robotdeveloper02/IsaacSim-ros_workspaces-main/humble_ws/install/custom_message/share/custom_message/hook/cmake_prefix_path.sh'
[2.267s] Level 1:colcon.colcon_core.environment:checking '/home/robotdeveloper02/IsaacSim-ros_workspaces-main/humble_ws/install/custom_message/lib'
[2.267s] Level 1:colcon.colcon_core.shell:create_environment_hook('custom_message', 'ld_library_path_lib')
[2.268s] INFO:colcon.colcon_core.shell:Creating environment hook '/home/robotdeveloper02/IsaacSim-ros_workspaces-main/humble_ws/install/custom_message/share/custom_message/hook/ld_library_path_lib.ps1'
[2.269s] INFO:colcon.colcon_core.shell:Creating environment descriptor '/home/robotdeveloper02/IsaacSim-ros_workspaces-main/humble_ws/install/custom_message/share/custom_message/hook/ld_library_path_lib.dsv'
[2.269s] INFO:colcon.colcon_core.shell:Creating environment hook '/home/robotdeveloper02/IsaacSim-ros_workspaces-main/humble_ws/install/custom_message/share/custom_message/hook/ld_library_path_lib.sh'
[2.270s] Level 1:colcon.colcon_core.environment:checking '/home/robotdeveloper02/IsaacSim-ros_workspaces-main/humble_ws/install/custom_message/bin'
[2.270s] Level 1:colcon.colcon_core.environment:checking '/home/robotdeveloper02/IsaacSim-ros_workspaces-main/humble_ws/install/custom_message/lib/pkgconfig/custom_message.pc'
[2.270s] Level 1:colcon.colcon_core.environment:checking '/home/robotdeveloper02/IsaacSim-ros_workspaces-main/humble_ws/install/custom_message/lib/python3.10/site-packages'
[2.270s] Level 1:colcon.colcon_core.environment:checking '/home/robotdeveloper02/IsaacSim-ros_workspaces-main/humble_ws/install/custom_message/bin'
[2.271s] INFO:colcon.colcon_core.shell:Creating package script '/home/robotdeveloper02/IsaacSim-ros_workspaces-main/humble_ws/install/custom_message/share/custom_message/package.ps1'
[2.272s] INFO:colcon.colcon_core.shell:Creating package descriptor '/home/robotdeveloper02/IsaacSim-ros_workspaces-main/humble_ws/install/custom_message/share/custom_message/package.dsv'
[2.272s] INFO:colcon.colcon_core.shell:Creating package script '/home/robotdeveloper02/IsaacSim-ros_workspaces-main/humble_ws/install/custom_message/share/custom_message/package.sh'
[2.273s] INFO:colcon.colcon_core.shell:Creating package script '/home/robotdeveloper02/IsaacSim-ros_workspaces-main/humble_ws/install/custom_message/share/custom_message/package.bash'
[2.274s] INFO:colcon.colcon_core.shell:Creating package script '/home/robotdeveloper02/IsaacSim-ros_workspaces-main/humble_ws/install/custom_message/share/custom_message/package.zsh'
[2.274s] Level 1:colcon.colcon_core.environment:create_file_with_runtime_dependencies(/home/robotdeveloper02/IsaacSim-ros_workspaces-main/humble_ws/install/custom_message/share/colcon-core/packages/custom_message)
[2.275s] INFO:colcon.colcon_ros.task.ament_cmake.build:Building ROS package in '/home/robotdeveloper02/IsaacSim-ros_workspaces-main/humble_ws/src/IMU_otamesi' with build type 'ament_cmake'
[2.275s] INFO:colcon.colcon_cmake.task.cmake.build:Building CMake package in '/home/robotdeveloper02/IsaacSim-ros_workspaces-main/humble_ws/src/IMU_otamesi'
[2.275s] INFO:colcon.colcon_core.shell:Skip shell extension 'powershell' for command environment: Not usable outside of PowerShell
[2.276s] DEBUG:colcon.colcon_core.shell:Skip shell extension 'dsv' for command environment
[2.282s] INFO:colcon.colcon_ros.task.ament_cmake.build:Building ROS package in '/home/robotdeveloper02/IsaacSim-ros_workspaces-main/humble_ws/src/calc_cpp' with build type 'ament_cmake'
[2.282s] INFO:colcon.colcon_cmake.task.cmake.build:Building CMake package in '/home/robotdeveloper02/IsaacSim-ros_workspaces-main/humble_ws/src/calc_cpp'
[2.283s] INFO:colcon.colcon_core.shell:Skip shell extension 'powershell' for command environment: Not usable outside of PowerShell
[2.283s] DEBUG:colcon.colcon_core.shell:Skip shell extension 'dsv' for command environment
[2.295s] DEBUG:colcon.colcon_core.event_handler.log_command:Invoking command in '/home/robotdeveloper02/IsaacSim-ros_workspaces-main/humble_ws/build/IMU_otamesi': CMAKE_PREFIX_PATH=/home/robotdeveloper02/IsaacSim-ros_workspaces-main/humble_ws/install/custom_message:/home/robotdeveloper02/IsaacSim-ros_workspaces-main/humble_ws/install/my_cpp_pose_subscriber:/home/robotdeveloper02/IsaacSim-ros_workspaces-main/humble_ws/install/isaacsim:/home/robotdeveloper02/IsaacSim-ros_workspaces-main/humble_ws/install/isaac_tutorials:/home/robotdeveloper02/IsaacSim-ros_workspaces-main/humble_ws/install/isaac_ros2_messages:/home/robotdeveloper02/IsaacSim-ros_workspaces-main/humble_ws/install/IMU_otamesi:/home/robotdeveloper02/IsaacSim-ros_workspaces-main/humble_ws/install/carter_navigation:/home/robotdeveloper02/IsaacSim-ros_workspaces-main/humble_ws/install/my_ros2_package:/home/robotdeveloper02/IsaacSim-ros_workspaces-main/humble_ws/install/jetbot_controller:/home/robotdeveloper02/IsaacSim-ros_workspaces-main/humble_ws/install/isaac_ros_navigation_goal:/home/robotdeveloper02/IsaacSim-ros_workspaces-main/humble_ws/install/error_subscriber:/home/robotdeveloper02/IsaacSim-ros_workspaces-main/humble_ws/install/cube_controller:/home/robotdeveloper02/IsaacSim-ros_workspaces-main/humble_ws/install/Jettbot_position:/opt/ros/humble LD_LIBRARY_PATH=/home/robotdeveloper02/IsaacSim-ros_workspaces-main/humble_ws/install/custom_message/lib:/home/robotdeveloper02/IsaacSim-ros_workspaces-main/humble_ws/install/isaac_ros2_messages/lib:/usr/lib/x86_64-linux-gnu/gazebo-11/plugins:/opt/ros/humble/opt/rviz_ogre_vendor/lib:/opt/ros/humble/lib/x86_64-linux-gnu:/opt/ros/humble/lib /usr/bin/cmake --build /home/robotdeveloper02/IsaacSim-ros_workspaces-main/humble_ws/build/IMU_otamesi -- -j16 -l16
[2.300s] DEBUG:colcon.colcon_core.event_handler.log_command:Invoking command in '/home/robotdeveloper02/IsaacSim-ros_workspaces-main/humble_ws/build/my_cpp_pose_subscriber': CMAKE_PREFIX_PATH=/home/robotdeveloper02/IsaacSim-ros_workspaces-main/humble_ws/install/custom_message:/home/robotdeveloper02/IsaacSim-ros_workspaces-main/humble_ws/install/my_cpp_pose_subscriber:/home/robotdeveloper02/IsaacSim-ros_workspaces-main/humble_ws/install/isaacsim:/home/robotdeveloper02/IsaacSim-ros_workspaces-main/humble_ws/install/isaac_tutorials:/home/robotdeveloper02/IsaacSim-ros_workspaces-main/humble_ws/install/isaac_ros2_messages:/home/robotdeveloper02/IsaacSim-ros_workspaces-main/humble_ws/install/IMU_otamesi:/home/robotdeveloper02/IsaacSim-ros_workspaces-main/humble_ws/install/carter_navigation:/home/robotdeveloper02/IsaacSim-ros_workspaces-main/humble_ws/install/my_ros2_package:/home/robotdeveloper02/IsaacSim-ros_workspaces-main/humble_ws/install/jetbot_controller:/home/robotdeveloper02/IsaacSim-ros_workspaces-main/humble_ws/install/isaac_ros_navigation_goal:/home/robotdeveloper02/IsaacSim-ros_workspaces-main/humble_ws/install/error_subscriber:/home/robotdeveloper02/IsaacSim-ros_workspaces-main/humble_ws/install/cube_controller:/home/robotdeveloper02/IsaacSim-ros_workspaces-main/humble_ws/install/Jettbot_position:/opt/ros/humble LD_LIBRARY_PATH=/home/robotdeveloper02/IsaacSim-ros_workspaces-main/humble_ws/install/custom_message/lib:/home/robotdeveloper02/IsaacSim-ros_workspaces-main/humble_ws/install/isaac_ros2_messages/lib:/usr/lib/x86_64-linux-gnu/gazebo-11/plugins:/opt/ros/humble/opt/rviz_ogre_vendor/lib:/opt/ros/humble/lib/x86_64-linux-gnu:/opt/ros/humble/lib /usr/bin/cmake --build /home/robotdeveloper02/IsaacSim-ros_workspaces-main/humble_ws/build/my_cpp_pose_subscriber -- -j16 -l16
[2.313s] Level 1:colcon.colcon_core.environment:create_environment_scripts_only(isaac_ros2_messages)
[2.314s] Level 1:colcon.colcon_core.environment:checking '/home/robotdeveloper02/IsaacSim-ros_workspaces-main/humble_ws/install/isaac_ros2_messages' for CMake module files
[2.315s] Level 1:colcon.colcon_core.environment:checking '/home/robotdeveloper02/IsaacSim-ros_workspaces-main/humble_ws/install/isaac_ros2_messages' for CMake config files
[2.315s] Level 1:colcon.colcon_core.shell:create_environment_hook('isaac_ros2_messages', 'cmake_prefix_path')
[2.316s] INFO:colcon.colcon_core.shell:Creating environment hook '/home/robotdeveloper02/IsaacSim-ros_workspaces-main/humble_ws/install/isaac_ros2_messages/share/isaac_ros2_messages/hook/cmake_prefix_path.ps1'
[2.316s] INFO:colcon.colcon_core.shell:Creating environment descriptor '/home/robotdeveloper02/IsaacSim-ros_workspaces-main/humble_ws/install/isaac_ros2_messages/share/isaac_ros2_messages/hook/cmake_prefix_path.dsv'
[2.317s] INFO:colcon.colcon_core.shell:Creating environment hook '/home/robotdeveloper02/IsaacSim-ros_workspaces-main/humble_ws/install/isaac_ros2_messages/share/isaac_ros2_messages/hook/cmake_prefix_path.sh'
[2.317s] Level 1:colcon.colcon_core.environment:checking '/home/robotdeveloper02/IsaacSim-ros_workspaces-main/humble_ws/install/isaac_ros2_messages/lib'
[2.317s] Level 1:colcon.colcon_core.shell:create_environment_hook('isaac_ros2_messages', 'ld_library_path_lib')
[2.318s] INFO:colcon.colcon_core.shell:Creating environment hook '/home/robotdeveloper02/IsaacSim-ros_workspaces-main/humble_ws/install/isaac_ros2_messages/share/isaac_ros2_messages/hook/ld_library_path_lib.ps1'
[2.318s] INFO:colcon.colcon_core.shell:Creating environment descriptor '/home/robotdeveloper02/IsaacSim-ros_workspaces-main/humble_ws/install/isaac_ros2_messages/share/isaac_ros2_messages/hook/ld_library_path_lib.dsv'
[2.319s] INFO:colcon.colcon_core.shell:Creating environment hook '/home/robotdeveloper02/IsaacSim-ros_workspaces-main/humble_ws/install/isaac_ros2_messages/share/isaac_ros2_messages/hook/ld_library_path_lib.sh'
[2.319s] Level 1:colcon.colcon_core.environment:checking '/home/robotdeveloper02/IsaacSim-ros_workspaces-main/humble_ws/install/isaac_ros2_messages/bin'
[2.319s] Level 1:colcon.colcon_core.environment:checking '/home/robotdeveloper02/IsaacSim-ros_workspaces-main/humble_ws/install/isaac_ros2_messages/lib/pkgconfig/isaac_ros2_messages.pc'
[2.320s] Level 1:colcon.colcon_core.environment:checking '/home/robotdeveloper02/IsaacSim-ros_workspaces-main/humble_ws/install/isaac_ros2_messages/lib/python3.10/site-packages'
[2.320s] Level 1:colcon.colcon_core.environment:checking '/home/robotdeveloper02/IsaacSim-ros_workspaces-main/humble_ws/install/isaac_ros2_messages/bin'
[2.321s] INFO:colcon.colcon_core.shell:Creating package script '/home/robotdeveloper02/IsaacSim-ros_workspaces-main/humble_ws/install/isaac_ros2_messages/share/isaac_ros2_messages/package.ps1'
[2.321s] INFO:colcon.colcon_core.shell:Creating package descriptor '/home/robotdeveloper02/IsaacSim-ros_workspaces-main/humble_ws/install/isaac_ros2_messages/share/isaac_ros2_messages/package.dsv'
[2.322s] INFO:colcon.colcon_core.shell:Creating package script '/home/robotdeveloper02/IsaacSim-ros_workspaces-main/humble_ws/install/isaac_ros2_messages/share/isaac_ros2_messages/package.sh'
[2.323s] INFO:colcon.colcon_core.shell:Creating package script '/home/robotdeveloper02/IsaacSim-ros_workspaces-main/humble_ws/install/isaac_ros2_messages/share/isaac_ros2_messages/package.bash'
[2.323s] INFO:colcon.colcon_core.shell:Creating package script '/home/robotdeveloper02/IsaacSim-ros_workspaces-main/humble_ws/install/isaac_ros2_messages/share/isaac_ros2_messages/package.zsh'
[2.323s] Level 1:colcon.colcon_core.environment:create_file_with_runtime_dependencies(/home/robotdeveloper02/IsaacSim-ros_workspaces-main/humble_ws/install/isaac_ros2_messages/share/colcon-core/packages/isaac_ros2_messages)
[2.398s] DEBUG:colcon.colcon_core.event_handler.log_command:Invoked command in '/home/robotdeveloper02/IsaacSim-ros_workspaces-main/humble_ws/build/IMU_otamesi' returned '0': CMAKE_PREFIX_PATH=/home/robotdeveloper02/IsaacSim-ros_workspaces-main/humble_ws/install/custom_message:/home/robotdeveloper02/IsaacSim-ros_workspaces-main/humble_ws/install/my_cpp_pose_subscriber:/home/robotdeveloper02/IsaacSim-ros_workspaces-main/humble_ws/install/isaacsim:/home/robotdeveloper02/IsaacSim-ros_workspaces-main/humble_ws/install/isaac_tutorials:/home/robotdeveloper02/IsaacSim-ros_workspaces-main/humble_ws/install/isaac_ros2_messages:/home/robotdeveloper02/IsaacSim-ros_workspaces-main/humble_ws/install/IMU_otamesi:/home/robotdeveloper02/IsaacSim-ros_workspaces-main/humble_ws/install/carter_navigation:/home/robotdeveloper02/IsaacSim-ros_workspaces-main/humble_ws/install/my_ros2_package:/home/robotdeveloper02/IsaacSim-ros_workspaces-main/humble_ws/install/jetbot_controller:/home/robotdeveloper02/IsaacSim-ros_workspaces-main/humble_ws/install/isaac_ros_navigation_goal:/home/robotdeveloper02/IsaacSim-ros_workspaces-main/humble_ws/install/error_subscriber:/home/robotdeveloper02/IsaacSim-ros_workspaces-main/humble_ws/install/cube_controller:/home/robotdeveloper02/IsaacSim-ros_workspaces-main/humble_ws/install/Jettbot_position:/opt/ros/humble LD_LIBRARY_PATH=/home/robotdeveloper02/IsaacSim-ros_workspaces-main/humble_ws/install/custom_message/lib:/home/robotdeveloper02/IsaacSim-ros_workspaces-main/humble_ws/install/isaac_ros2_messages/lib:/usr/lib/x86_64-linux-gnu/gazebo-11/plugins:/opt/ros/humble/opt/rviz_ogre_vendor/lib:/opt/ros/humble/lib/x86_64-linux-gnu:/opt/ros/humble/lib /usr/bin/cmake --build /home/robotdeveloper02/IsaacSim-ros_workspaces-main/humble_ws/build/IMU_otamesi -- -j16 -l16
[2.421s] DEBUG:colcon.colcon_core.event_handler.log_command:Invoking command in '/home/robotdeveloper02/IsaacSim-ros_workspaces-main/humble_ws/src/jetbot_controller': PYTHONPATH=/home/robotdeveloper02/IsaacSim-ros_workspaces-main/humble_ws/build/jetbot_controller/prefix_override:/usr/lib/python3/dist-packages/colcon_core/task/python/colcon_distutils_commands:/home/robotdeveloper02/IsaacSim-ros_workspaces-main/humble_ws/install/jetbot_controller/lib/python3.10/site-packages:${PYTHONPATH} /usr/bin/python3 -W ignore:setup.py install is deprecated setup.py egg_info --egg-base ../../build/jetbot_controller build --build-base /home/robotdeveloper02/IsaacSim-ros_workspaces-main/humble_ws/build/jetbot_controller/build install --record /home/robotdeveloper02/IsaacSim-ros_workspaces-main/humble_ws/build/jetbot_controller/install.log --single-version-externally-managed install_data
[2.445s] DEBUG:colcon.colcon_core.event_handler.log_command:Invoking command in '/home/robotdeveloper02/IsaacSim-ros_workspaces-main/humble_ws/build/IMU_otamesi': CMAKE_PREFIX_PATH=/home/robotdeveloper02/IsaacSim-ros_workspaces-main/humble_ws/install/custom_message:/home/robotdeveloper02/IsaacSim-ros_workspaces-main/humble_ws/install/my_cpp_pose_subscriber:/home/robotdeveloper02/IsaacSim-ros_workspaces-main/humble_ws/install/isaacsim:/home/robotdeveloper02/IsaacSim-ros_workspaces-main/humble_ws/install/isaac_tutorials:/home/robotdeveloper02/IsaacSim-ros_workspaces-main/humble_ws/install/isaac_ros2_messages:/home/robotdeveloper02/IsaacSim-ros_workspaces-main/humble_ws/install/IMU_otamesi:/home/robotdeveloper02/IsaacSim-ros_workspaces-main/humble_ws/install/carter_navigation:/home/robotdeveloper02/IsaacSim-ros_workspaces-main/humble_ws/install/my_ros2_package:/home/robotdeveloper02/IsaacSim-ros_workspaces-main/humble_ws/install/jetbot_controller:/home/robotdeveloper02/IsaacSim-ros_workspaces-main/humble_ws/install/isaac_ros_navigation_goal:/home/robotdeveloper02/IsaacSim-ros_workspaces-main/humble_ws/install/error_subscriber:/home/robotdeveloper02/IsaacSim-ros_workspaces-main/humble_ws/install/cube_controller:/home/robotdeveloper02/IsaacSim-ros_workspaces-main/humble_ws/install/Jettbot_position:/opt/ros/humble LD_LIBRARY_PATH=/home/robotdeveloper02/IsaacSim-ros_workspaces-main/humble_ws/install/custom_message/lib:/home/robotdeveloper02/IsaacSim-ros_workspaces-main/humble_ws/install/isaac_ros2_messages/lib:/usr/lib/x86_64-linux-gnu/gazebo-11/plugins:/opt/ros/humble/opt/rviz_ogre_vendor/lib:/opt/ros/humble/lib/x86_64-linux-gnu:/opt/ros/humble/lib /usr/bin/cmake --install /home/robotdeveloper02/IsaacSim-ros_workspaces-main/humble_ws/build/IMU_otamesi
[2.448s] DEBUG:colcon.colcon_core.event_handler.log_command:Invoking command in '/home/robotdeveloper02/IsaacSim-ros_workspaces-main/humble_ws/src/calc_py': PYTHONPATH=/home/robotdeveloper02/IsaacSim-ros_workspaces-main/humble_ws/build/my_ros2_package/prefix_override:/usr/lib/python3/dist-packages/colcon_core/task/python/colcon_distutils_commands:/home/robotdeveloper02/IsaacSim-ros_workspaces-main/humble_ws/install/my_ros2_package/lib/python3.10/site-packages:${PYTHONPATH} /usr/bin/python3 -W ignore:setup.py install is deprecated setup.py egg_info --egg-base ../../build/my_ros2_package build --build-base /home/robotdeveloper02/IsaacSim-ros_workspaces-main/humble_ws/build/my_ros2_package/build install --record /home/robotdeveloper02/IsaacSim-ros_workspaces-main/humble_ws/build/my_ros2_package/install.log --single-version-externally-managed install_data
[2.452s] Level 1:colcon.colcon_core.environment:create_environment_scripts_only(IMU_otamesi)
[2.452s] Level 1:colcon.colcon_core.environment:checking '/home/robotdeveloper02/IsaacSim-ros_workspaces-main/humble_ws/install/IMU_otamesi' for CMake module files
[2.453s] DEBUG:colcon.colcon_core.event_handler.log_command:Invoked command in '/home/robotdeveloper02/IsaacSim-ros_workspaces-main/humble_ws/build/IMU_otamesi' returned '0': CMAKE_PREFIX_PATH=/home/robotdeveloper02/IsaacSim-ros_workspaces-main/humble_ws/install/custom_message:/home/robotdeveloper02/IsaacSim-ros_workspaces-main/humble_ws/install/my_cpp_pose_subscriber:/home/robotdeveloper02/IsaacSim-ros_workspaces-main/humble_ws/install/isaacsim:/home/robotdeveloper02/IsaacSim-ros_workspaces-main/humble_ws/install/isaac_tutorials:/home/robotdeveloper02/IsaacSim-ros_workspaces-main/humble_ws/install/isaac_ros2_messages:/home/robotdeveloper02/IsaacSim-ros_workspaces-main/humble_ws/install/IMU_otamesi:/home/robotdeveloper02/IsaacSim-ros_workspaces-main/humble_ws/install/carter_navigation:/home/robotdeveloper02/IsaacSim-ros_workspaces-main/humble_ws/install/my_ros2_package:/home/robotdeveloper02/IsaacSim-ros_workspaces-main/humble_ws/install/jetbot_controller:/home/robotdeveloper02/IsaacSim-ros_workspaces-main/humble_ws/install/isaac_ros_navigation_goal:/home/robotdeveloper02/IsaacSim-ros_workspaces-main/humble_ws/install/error_subscriber:/home/robotdeveloper02/IsaacSim-ros_workspaces-main/humble_ws/install/cube_controller:/home/robotdeveloper02/IsaacSim-ros_workspaces-main/humble_ws/install/Jettbot_position:/opt/ros/humble LD_LIBRARY_PATH=/home/robotdeveloper02/IsaacSim-ros_workspaces-main/humble_ws/install/custom_message/lib:/home/robotdeveloper02/IsaacSim-ros_workspaces-main/humble_ws/install/isaac_ros2_messages/lib:/usr/lib/x86_64-linux-gnu/gazebo-11/plugins:/opt/ros/humble/opt/rviz_ogre_vendor/lib:/opt/ros/humble/lib/x86_64-linux-gnu:/opt/ros/humble/lib /usr/bin/cmake --install /home/robotdeveloper02/IsaacSim-ros_workspaces-main/humble_ws/build/IMU_otamesi
[2.454s] Level 1:colcon.colcon_core.environment:checking '/home/robotdeveloper02/IsaacSim-ros_workspaces-main/humble_ws/install/IMU_otamesi' for CMake config files
[2.454s] Level 1:colcon.colcon_core.shell:create_environment_hook('IMU_otamesi', 'cmake_prefix_path')
[2.454s] INFO:colcon.colcon_core.shell:Creating environment hook '/home/robotdeveloper02/IsaacSim-ros_workspaces-main/humble_ws/install/IMU_otamesi/share/IMU_otamesi/hook/cmake_prefix_path.ps1'
[2.455s] INFO:colcon.colcon_core.shell:Creating environment descriptor '/home/robotdeveloper02/IsaacSim-ros_workspaces-main/humble_ws/install/IMU_otamesi/share/IMU_otamesi/hook/cmake_prefix_path.dsv'
[2.455s] INFO:colcon.colcon_core.shell:Creating environment hook '/home/robotdeveloper02/IsaacSim-ros_workspaces-main/humble_ws/install/IMU_otamesi/share/IMU_otamesi/hook/cmake_prefix_path.sh'
[2.456s] Level 1:colcon.colcon_core.environment:checking '/home/robotdeveloper02/IsaacSim-ros_workspaces-main/humble_ws/install/IMU_otamesi/lib'
[2.456s] Level 1:colcon.colcon_core.environment:checking '/home/robotdeveloper02/IsaacSim-ros_workspaces-main/humble_ws/install/IMU_otamesi/bin'
[2.456s] Level 1:colcon.colcon_core.environment:checking '/home/robotdeveloper02/IsaacSim-ros_workspaces-main/humble_ws/install/IMU_otamesi/lib/pkgconfig/IMU_otamesi.pc'
[2.457s] Level 1:colcon.colcon_core.environment:checking '/home/robotdeveloper02/IsaacSim-ros_workspaces-main/humble_ws/install/IMU_otamesi/lib/python3.10/site-packages'
[2.457s] Level 1:colcon.colcon_core.environment:checking '/home/robotdeveloper02/IsaacSim-ros_workspaces-main/humble_ws/install/IMU_otamesi/bin'
[2.457s] INFO:colcon.colcon_core.shell:Creating package script '/home/robotdeveloper02/IsaacSim-ros_workspaces-main/humble_ws/install/IMU_otamesi/share/IMU_otamesi/package.ps1'
[2.458s] INFO:colcon.colcon_core.shell:Creating package descriptor '/home/robotdeveloper02/IsaacSim-ros_workspaces-main/humble_ws/install/IMU_otamesi/share/IMU_otamesi/package.dsv'
[2.458s] INFO:colcon.colcon_core.shell:Creating package script '/home/robotdeveloper02/IsaacSim-ros_workspaces-main/humble_ws/install/IMU_otamesi/share/IMU_otamesi/package.sh'
[2.459s] INFO:colcon.colcon_core.shell:Creating package script '/home/robotdeveloper02/IsaacSim-ros_workspaces-main/humble_ws/install/IMU_otamesi/share/IMU_otamesi/package.bash'
[2.459s] INFO:colcon.colcon_core.shell:Creating package script '/home/robotdeveloper02/IsaacSim-ros_workspaces-main/humble_ws/install/IMU_otamesi/share/IMU_otamesi/package.zsh'
[2.459s] Level 1:colcon.colcon_core.environment:create_file_with_runtime_dependencies(/home/robotdeveloper02/IsaacSim-ros_workspaces-main/humble_ws/install/IMU_otamesi/share/colcon-core/packages/IMU_otamesi)
[2.467s] DEBUG:colcon.colcon_core.event_handler.log_command:Invoking command in '/home/robotdeveloper02/IsaacSim-ros_workspaces-main/humble_ws/src/Jettbot_position': PYTHONPATH=/home/robotdeveloper02/IsaacSim-ros_workspaces-main/humble_ws/build/Jettbot_position/prefix_override:/usr/lib/python3/dist-packages/colcon_core/task/python/colcon_distutils_commands:/home/robotdeveloper02/IsaacSim-ros_workspaces-main/humble_ws/install/Jettbot_position/lib/python3.10/site-packages:${PYTHONPATH} /usr/bin/python3 -W ignore:setup.py install is deprecated setup.py egg_info --egg-base ../../build/Jettbot_position build --build-base /home/robotdeveloper02/IsaacSim-ros_workspaces-main/humble_ws/build/Jettbot_position/build install --record /home/robotdeveloper02/IsaacSim-ros_workspaces-main/humble_ws/build/Jettbot_position/install.log --single-version-externally-managed install_data
[2.467s] DEBUG:colcon.colcon_core.event_handler.log_command:Invoking command in '/home/robotdeveloper02/IsaacSim-ros_workspaces-main/humble_ws/src/navigation/isaac_ros_navigation_goal': PYTHONPATH=/home/robotdeveloper02/IsaacSim-ros_workspaces-main/humble_ws/build/isaac_ros_navigation_goal/prefix_override:/usr/lib/python3/dist-packages/colcon_core/task/python/colcon_distutils_commands:/home/robotdeveloper02/IsaacSim-ros_workspaces-main/humble_ws/install/isaac_ros_navigation_goal/lib/python3.10/site-packages:${PYTHONPATH} /usr/bin/python3 -W ignore:setup.py install is deprecated setup.py egg_info --egg-base ../../../build/isaac_ros_navigation_goal build --build-base /home/robotdeveloper02/IsaacSim-ros_workspaces-main/humble_ws/build/isaac_ros_navigation_goal/build install --record /home/robotdeveloper02/IsaacSim-ros_workspaces-main/humble_ws/build/isaac_ros_navigation_goal/install.log --single-version-externally-managed install_data
[2.472s] DEBUG:colcon.colcon_core.event_handler.log_command:Invoking command in '/home/robotdeveloper02/IsaacSim-ros_workspaces-main/humble_ws/src/cube_controller': PYTHONPATH=/home/robotdeveloper02/IsaacSim-ros_workspaces-main/humble_ws/build/cube_controller/prefix_override:/usr/lib/python3/dist-packages/colcon_core/task/python/colcon_distutils_commands:/home/robotdeveloper02/IsaacSim-ros_workspaces-main/humble_ws/install/cube_controller/lib/python3.10/site-packages:${PYTHONPATH} /usr/bin/python3 -W ignore:setup.py install is deprecated setup.py egg_info --egg-base ../../build/cube_controller build --build-base /home/robotdeveloper02/IsaacSim-ros_workspaces-main/humble_ws/build/cube_controller/build install --record /home/robotdeveloper02/IsaacSim-ros_workspaces-main/humble_ws/build/cube_controller/install.log --single-version-externally-managed install_data
[2.492s] Level 1:colcon.colcon_core.environment:create_environment_scripts_only(IMU_otamesi)
[2.493s] Level 1:colcon.colcon_core.environment:checking '/home/robotdeveloper02/IsaacSim-ros_workspaces-main/humble_ws/install/IMU_otamesi' for CMake module files
[2.493s] Level 1:colcon.colcon_core.environment:checking '/home/robotdeveloper02/IsaacSim-ros_workspaces-main/humble_ws/install/IMU_otamesi' for CMake config files
[2.493s] Level 1:colcon.colcon_core.shell:create_environment_hook('IMU_otamesi', 'cmake_prefix_path')
[2.493s] INFO:colcon.colcon_core.shell:Creating environment hook '/home/robotdeveloper02/IsaacSim-ros_workspaces-main/humble_ws/install/IMU_otamesi/share/IMU_otamesi/hook/cmake_prefix_path.ps1'
[2.494s] INFO:colcon.colcon_core.shell:Creating environment descriptor '/home/robotdeveloper02/IsaacSim-ros_workspaces-main/humble_ws/install/IMU_otamesi/share/IMU_otamesi/hook/cmake_prefix_path.dsv'
[2.494s] INFO:colcon.colcon_core.shell:Creating environment hook '/home/robotdeveloper02/IsaacSim-ros_workspaces-main/humble_ws/install/IMU_otamesi/share/IMU_otamesi/hook/cmake_prefix_path.sh'
[2.495s] Level 1:colcon.colcon_core.environment:checking '/home/robotdeveloper02/IsaacSim-ros_workspaces-main/humble_ws/install/IMU_otamesi/lib'
[2.495s] Level 1:colcon.colcon_core.environment:checking '/home/robotdeveloper02/IsaacSim-ros_workspaces-main/humble_ws/install/IMU_otamesi/bin'
[2.495s] Level 1:colcon.colcon_core.environment:checking '/home/robotdeveloper02/IsaacSim-ros_workspaces-main/humble_ws/install/IMU_otamesi/lib/pkgconfig/IMU_otamesi.pc'
[2.495s] Level 1:colcon.colcon_core.environment:checking '/home/robotdeveloper02/IsaacSim-ros_workspaces-main/humble_ws/install/IMU_otamesi/lib/python3.10/site-packages'
[2.495s] Level 1:colcon.colcon_core.environment:checking '/home/robotdeveloper02/IsaacSim-ros_workspaces-main/humble_ws/install/IMU_otamesi/bin'
[2.496s] INFO:colcon.colcon_core.shell:Creating package script '/home/robotdeveloper02/IsaacSim-ros_workspaces-main/humble_ws/install/IMU_otamesi/share/IMU_otamesi/package.ps1'
[2.496s] INFO:colcon.colcon_core.shell:Creating package descriptor '/home/robotdeveloper02/IsaacSim-ros_workspaces-main/humble_ws/install/IMU_otamesi/share/IMU_otamesi/package.dsv'
[2.497s] INFO:colcon.colcon_core.shell:Creating package script '/home/robotdeveloper02/IsaacSim-ros_workspaces-main/humble_ws/install/IMU_otamesi/share/IMU_otamesi/package.sh'
[2.497s] INFO:colcon.colcon_core.shell:Creating package script '/home/robotdeveloper02/IsaacSim-ros_workspaces-main/humble_ws/install/IMU_otamesi/share/IMU_otamesi/package.bash'
[2.498s] INFO:colcon.colcon_core.shell:Creating package script '/home/robotdeveloper02/IsaacSim-ros_workspaces-main/humble_ws/install/IMU_otamesi/share/IMU_otamesi/package.zsh'
[2.498s] Level 1:colcon.colcon_core.environment:create_file_with_runtime_dependencies(/home/robotdeveloper02/IsaacSim-ros_workspaces-main/humble_ws/install/IMU_otamesi/share/colcon-core/packages/IMU_otamesi)
[2.795s] Level 1:colcon.colcon_core.environment:checking '/home/robotdeveloper02/IsaacSim-ros_workspaces-main/humble_ws/install/jetbot_controller' for CMake module files
[2.796s] DEBUG:colcon.colcon_core.event_handler.log_command:Invoked command in '/home/robotdeveloper02/IsaacSim-ros_workspaces-main/humble_ws/src/jetbot_controller' returned '0': PYTHONPATH=/home/robotdeveloper02/IsaacSim-ros_workspaces-main/humble_ws/build/jetbot_controller/prefix_override:/usr/lib/python3/dist-packages/colcon_core/task/python/colcon_distutils_commands:/home/robotdeveloper02/IsaacSim-ros_workspaces-main/humble_ws/install/jetbot_controller/lib/python3.10/site-packages:${PYTHONPATH} /usr/bin/python3 -W ignore:setup.py install is deprecated setup.py egg_info --egg-base ../../build/jetbot_controller build --build-base /home/robotdeveloper02/IsaacSim-ros_workspaces-main/humble_ws/build/jetbot_controller/build install --record /home/robotdeveloper02/IsaacSim-ros_workspaces-main/humble_ws/build/jetbot_controller/install.log --single-version-externally-managed install_data
[2.796s] Level 1:colcon.colcon_core.environment:checking '/home/robotdeveloper02/IsaacSim-ros_workspaces-main/humble_ws/install/jetbot_controller' for CMake config files
[2.797s] Level 1:colcon.colcon_core.environment:checking '/home/robotdeveloper02/IsaacSim-ros_workspaces-main/humble_ws/install/jetbot_controller/lib'
[2.797s] Level 1:colcon.colcon_core.environment:checking '/home/robotdeveloper02/IsaacSim-ros_workspaces-main/humble_ws/install/jetbot_controller/bin'
[2.797s] Level 1:colcon.colcon_core.environment:checking '/home/robotdeveloper02/IsaacSim-ros_workspaces-main/humble_ws/install/jetbot_controller/lib/pkgconfig/jetbot_controller.pc'
[2.797s] Level 1:colcon.colcon_core.environment:checking '/home/robotdeveloper02/IsaacSim-ros_workspaces-main/humble_ws/install/jetbot_controller/lib/python3.10/site-packages'
[2.797s] Level 1:colcon.colcon_core.shell:create_environment_hook('jetbot_controller', 'pythonpath')
[2.797s] INFO:colcon.colcon_core.shell:Creating environment hook '/home/robotdeveloper02/IsaacSim-ros_workspaces-main/humble_ws/install/jetbot_controller/share/jetbot_controller/hook/pythonpath.ps1'
[2.798s] INFO:colcon.colcon_core.shell:Creating environment descriptor '/home/robotdeveloper02/IsaacSim-ros_workspaces-main/humble_ws/install/jetbot_controller/share/jetbot_controller/hook/pythonpath.dsv'
[2.798s] INFO:colcon.colcon_core.shell:Creating environment hook '/home/robotdeveloper02/IsaacSim-ros_workspaces-main/humble_ws/install/jetbot_controller/share/jetbot_controller/hook/pythonpath.sh'
[2.799s] Level 1:colcon.colcon_core.environment:checking '/home/robotdeveloper02/IsaacSim-ros_workspaces-main/humble_ws/install/jetbot_controller/bin'
[2.799s] Level 1:colcon.colcon_core.environment:create_environment_scripts_only(jetbot_controller)
[2.799s] INFO:colcon.colcon_core.shell:Creating package script '/home/robotdeveloper02/IsaacSim-ros_workspaces-main/humble_ws/install/jetbot_controller/share/jetbot_controller/package.ps1'
[2.800s] INFO:colcon.colcon_core.shell:Creating package descriptor '/home/robotdeveloper02/IsaacSim-ros_workspaces-main/humble_ws/install/jetbot_controller/share/jetbot_controller/package.dsv'
[2.801s] INFO:colcon.colcon_core.shell:Creating package script '/home/robotdeveloper02/IsaacSim-ros_workspaces-main/humble_ws/install/jetbot_controller/share/jetbot_controller/package.sh'
[2.801s] INFO:colcon.colcon_core.shell:Creating package script '/home/robotdeveloper02/IsaacSim-ros_workspaces-main/humble_ws/install/jetbot_controller/share/jetbot_controller/package.bash'
[2.802s] INFO:colcon.colcon_core.shell:Creating package script '/home/robotdeveloper02/IsaacSim-ros_workspaces-main/humble_ws/install/jetbot_controller/share/jetbot_controller/package.zsh'
[2.802s] Level 1:colcon.colcon_core.environment:create_file_with_runtime_dependencies(/home/robotdeveloper02/IsaacSim-ros_workspaces-main/humble_ws/install/jetbot_controller/share/colcon-core/packages/jetbot_controller)
[2.829s] Level 1:colcon.colcon_core.environment:checking '/home/robotdeveloper02/IsaacSim-ros_workspaces-main/humble_ws/install/cube_controller' for CMake module files
[2.830s] DEBUG:colcon.colcon_core.event_handler.log_command:Invoked command in '/home/robotdeveloper02/IsaacSim-ros_workspaces-main/humble_ws/src/cube_controller' returned '0': PYTHONPATH=/home/robotdeveloper02/IsaacSim-ros_workspaces-main/humble_ws/build/cube_controller/prefix_override:/usr/lib/python3/dist-packages/colcon_core/task/python/colcon_distutils_commands:/home/robotdeveloper02/IsaacSim-ros_workspaces-main/humble_ws/install/cube_controller/lib/python3.10/site-packages:${PYTHONPATH} /usr/bin/python3 -W ignore:setup.py install is deprecated setup.py egg_info --egg-base ../../build/cube_controller build --build-base /home/robotdeveloper02/IsaacSim-ros_workspaces-main/humble_ws/build/cube_controller/build install --record /home/robotdeveloper02/IsaacSim-ros_workspaces-main/humble_ws/build/cube_controller/install.log --single-version-externally-managed install_data
[2.830s] Level 1:colcon.colcon_core.environment:checking '/home/robotdeveloper02/IsaacSim-ros_workspaces-main/humble_ws/install/cube_controller' for CMake config files
[2.831s] Level 1:colcon.colcon_core.environment:checking '/home/robotdeveloper02/IsaacSim-ros_workspaces-main/humble_ws/install/cube_controller/lib'
[2.831s] Level 1:colcon.colcon_core.environment:checking '/home/robotdeveloper02/IsaacSim-ros_workspaces-main/humble_ws/install/cube_controller/bin'
[2.831s] Level 1:colcon.colcon_core.environment:checking '/home/robotdeveloper02/IsaacSim-ros_workspaces-main/humble_ws/install/cube_controller/lib/pkgconfig/cube_controller.pc'
[2.831s] Level 1:colcon.colcon_core.environment:checking '/home/robotdeveloper02/IsaacSim-ros_workspaces-main/humble_ws/install/cube_controller/lib/python3.10/site-packages'
[2.831s] Level 1:colcon.colcon_core.shell:create_environment_hook('cube_controller', 'pythonpath')
[2.832s] INFO:colcon.colcon_core.shell:Creating environment hook '/home/robotdeveloper02/IsaacSim-ros_workspaces-main/humble_ws/install/cube_controller/share/cube_controller/hook/pythonpath.ps1'
[2.832s] INFO:colcon.colcon_core.shell:Creating environment descriptor '/home/robotdeveloper02/IsaacSim-ros_workspaces-main/humble_ws/install/cube_controller/share/cube_controller/hook/pythonpath.dsv'
[2.833s] INFO:colcon.colcon_core.shell:Creating environment hook '/home/robotdeveloper02/IsaacSim-ros_workspaces-main/humble_ws/install/cube_controller/share/cube_controller/hook/pythonpath.sh'
[2.833s] Level 1:colcon.colcon_core.environment:checking '/home/robotdeveloper02/IsaacSim-ros_workspaces-main/humble_ws/install/cube_controller/bin'
[2.833s] Level 1:colcon.colcon_core.environment:create_environment_scripts_only(cube_controller)
[2.834s] INFO:colcon.colcon_core.shell:Creating package script '/home/robotdeveloper02/IsaacSim-ros_workspaces-main/humble_ws/install/cube_controller/share/cube_controller/package.ps1'
[2.834s] INFO:colcon.colcon_core.shell:Creating package descriptor '/home/robotdeveloper02/IsaacSim-ros_workspaces-main/humble_ws/install/cube_controller/share/cube_controller/package.dsv'
[2.834s] INFO:colcon.colcon_core.shell:Creating package script '/home/robotdeveloper02/IsaacSim-ros_workspaces-main/humble_ws/install/cube_controller/share/cube_controller/package.sh'
[2.835s] INFO:colcon.colcon_core.shell:Creating package script '/home/robotdeveloper02/IsaacSim-ros_workspaces-main/humble_ws/install/cube_controller/share/cube_controller/package.bash'
[2.835s] INFO:colcon.colcon_core.shell:Creating package script '/home/robotdeveloper02/IsaacSim-ros_workspaces-main/humble_ws/install/cube_controller/share/cube_controller/package.zsh'
[2.835s] Level 1:colcon.colcon_core.environment:create_file_with_runtime_dependencies(/home/robotdeveloper02/IsaacSim-ros_workspaces-main/humble_ws/install/cube_controller/share/colcon-core/packages/cube_controller)
[2.844s] Level 1:colcon.colcon_core.environment:checking '/home/robotdeveloper02/IsaacSim-ros_workspaces-main/humble_ws/install/Jettbot_position' for CMake module files
[2.845s] DEBUG:colcon.colcon_core.event_handler.log_command:Invoked command in '/home/robotdeveloper02/IsaacSim-ros_workspaces-main/humble_ws/src/Jettbot_position' returned '0': PYTHONPATH=/home/robotdeveloper02/IsaacSim-ros_workspaces-main/humble_ws/build/Jettbot_position/prefix_override:/usr/lib/python3/dist-packages/colcon_core/task/python/colcon_distutils_commands:/home/robotdeveloper02/IsaacSim-ros_workspaces-main/humble_ws/install/Jettbot_position/lib/python3.10/site-packages:${PYTHONPATH} /usr/bin/python3 -W ignore:setup.py install is deprecated setup.py egg_info --egg-base ../../build/Jettbot_position build --build-base /home/robotdeveloper02/IsaacSim-ros_workspaces-main/humble_ws/build/Jettbot_position/build install --record /home/robotdeveloper02/IsaacSim-ros_workspaces-main/humble_ws/build/Jettbot_position/install.log --single-version-externally-managed install_data
[2.846s] Level 1:colcon.colcon_core.environment:checking '/home/robotdeveloper02/IsaacSim-ros_workspaces-main/humble_ws/install/Jettbot_position' for CMake config files
[2.846s] Level 1:colcon.colcon_core.environment:checking '/home/robotdeveloper02/IsaacSim-ros_workspaces-main/humble_ws/install/Jettbot_position/lib'
[2.846s] Level 1:colcon.colcon_core.environment:checking '/home/robotdeveloper02/IsaacSim-ros_workspaces-main/humble_ws/install/Jettbot_position/bin'
[2.846s] Level 1:colcon.colcon_core.environment:checking '/home/robotdeveloper02/IsaacSim-ros_workspaces-main/humble_ws/install/Jettbot_position/lib/pkgconfig/Jettbot_position.pc'
[2.847s] Level 1:colcon.colcon_core.environment:checking '/home/robotdeveloper02/IsaacSim-ros_workspaces-main/humble_ws/install/Jettbot_position/lib/python3.10/site-packages'
[2.847s] Level 1:colcon.colcon_core.shell:create_environment_hook('Jettbot_position', 'pythonpath')
[2.847s] INFO:colcon.colcon_core.shell:Creating environment hook '/home/robotdeveloper02/IsaacSim-ros_workspaces-main/humble_ws/install/Jettbot_position/share/Jettbot_position/hook/pythonpath.ps1'
[2.847s] INFO:colcon.colcon_core.shell:Creating environment descriptor '/home/robotdeveloper02/IsaacSim-ros_workspaces-main/humble_ws/install/Jettbot_position/share/Jettbot_position/hook/pythonpath.dsv'
[2.848s] INFO:colcon.colcon_core.shell:Creating environment hook '/home/robotdeveloper02/IsaacSim-ros_workspaces-main/humble_ws/install/Jettbot_position/share/Jettbot_position/hook/pythonpath.sh'
[2.848s] Level 1:colcon.colcon_core.environment:checking '/home/robotdeveloper02/IsaacSim-ros_workspaces-main/humble_ws/install/Jettbot_position/bin'
[2.848s] Level 1:colcon.colcon_core.environment:create_environment_scripts_only(Jettbot_position)
[2.849s] INFO:colcon.colcon_core.shell:Creating package script '/home/robotdeveloper02/IsaacSim-ros_workspaces-main/humble_ws/install/Jettbot_position/share/Jettbot_position/package.ps1'
[2.849s] INFO:colcon.colcon_core.shell:Creating package descriptor '/home/robotdeveloper02/IsaacSim-ros_workspaces-main/humble_ws/install/Jettbot_position/share/Jettbot_position/package.dsv'
[2.849s] INFO:colcon.colcon_core.shell:Creating package script '/home/robotdeveloper02/IsaacSim-ros_workspaces-main/humble_ws/install/Jettbot_position/share/Jettbot_position/package.sh'
[2.850s] INFO:colcon.colcon_core.shell:Creating package script '/home/robotdeveloper02/IsaacSim-ros_workspaces-main/humble_ws/install/Jettbot_position/share/Jettbot_position/package.bash'
[2.850s] INFO:colcon.colcon_core.shell:Creating package script '/home/robotdeveloper02/IsaacSim-ros_workspaces-main/humble_ws/install/Jettbot_position/share/Jettbot_position/package.zsh'
[2.850s] Level 1:colcon.colcon_core.environment:create_file_with_runtime_dependencies(/home/robotdeveloper02/IsaacSim-ros_workspaces-main/humble_ws/install/Jettbot_position/share/colcon-core/packages/Jettbot_position)
[2.852s] Level 1:colcon.colcon_core.environment:checking '/home/robotdeveloper02/IsaacSim-ros_workspaces-main/humble_ws/install/my_ros2_package' for CMake module files
[2.852s] Level 1:colcon.colcon_core.environment:checking '/home/robotdeveloper02/IsaacSim-ros_workspaces-main/humble_ws/install/my_ros2_package' for CMake config files
[2.852s] Level 1:colcon.colcon_core.environment:checking '/home/robotdeveloper02/IsaacSim-ros_workspaces-main/humble_ws/install/my_ros2_package/lib'
[2.853s] Level 1:colcon.colcon_core.environment:checking '/home/robotdeveloper02/IsaacSim-ros_workspaces-main/humble_ws/install/my_ros2_package/bin'
[2.853s] Level 1:colcon.colcon_core.environment:checking '/home/robotdeveloper02/IsaacSim-ros_workspaces-main/humble_ws/install/my_ros2_package/lib/pkgconfig/my_ros2_package.pc'
[2.853s] Level 1:colcon.colcon_core.environment:checking '/home/robotdeveloper02/IsaacSim-ros_workspaces-main/humble_ws/install/my_ros2_package/lib/python3.10/site-packages'
[2.853s] Level 1:colcon.colcon_core.shell:create_environment_hook('my_ros2_package', 'pythonpath')
[2.853s] INFO:colcon.colcon_core.shell:Creating environment hook '/home/robotdeveloper02/IsaacSim-ros_workspaces-main/humble_ws/install/my_ros2_package/share/my_ros2_package/hook/pythonpath.ps1'
[2.854s] INFO:colcon.colcon_core.shell:Creating environment descriptor '/home/robotdeveloper02/IsaacSim-ros_workspaces-main/humble_ws/install/my_ros2_package/share/my_ros2_package/hook/pythonpath.dsv'
[2.855s] DEBUG:colcon.colcon_core.event_handler.log_command:Invoked command in '/home/robotdeveloper02/IsaacSim-ros_workspaces-main/humble_ws/src/calc_py' returned '0': PYTHONPATH=/home/robotdeveloper02/IsaacSim-ros_workspaces-main/humble_ws/build/my_ros2_package/prefix_override:/usr/lib/python3/dist-packages/colcon_core/task/python/colcon_distutils_commands:/home/robotdeveloper02/IsaacSim-ros_workspaces-main/humble_ws/install/my_ros2_package/lib/python3.10/site-packages:${PYTHONPATH} /usr/bin/python3 -W ignore:setup.py install is deprecated setup.py egg_info --egg-base ../../build/my_ros2_package build --build-base /home/robotdeveloper02/IsaacSim-ros_workspaces-main/humble_ws/build/my_ros2_package/build install --record /home/robotdeveloper02/IsaacSim-ros_workspaces-main/humble_ws/build/my_ros2_package/install.log --single-version-externally-managed install_data
[2.855s] INFO:colcon.colcon_core.shell:Creating environment hook '/home/robotdeveloper02/IsaacSim-ros_workspaces-main/humble_ws/install/my_ros2_package/share/my_ros2_package/hook/pythonpath.sh'
[2.856s] Level 1:colcon.colcon_core.environment:checking '/home/robotdeveloper02/IsaacSim-ros_workspaces-main/humble_ws/install/my_ros2_package/bin'
[2.856s] Level 1:colcon.colcon_core.environment:create_environment_scripts_only(my_ros2_package)
[2.856s] INFO:colcon.colcon_core.shell:Creating package script '/home/robotdeveloper02/IsaacSim-ros_workspaces-main/humble_ws/install/my_ros2_package/share/my_ros2_package/package.ps1'
[2.857s] INFO:colcon.colcon_core.shell:Creating package descriptor '/home/robotdeveloper02/IsaacSim-ros_workspaces-main/humble_ws/install/my_ros2_package/share/my_ros2_package/package.dsv'
[2.857s] INFO:colcon.colcon_core.shell:Creating package script '/home/robotdeveloper02/IsaacSim-ros_workspaces-main/humble_ws/install/my_ros2_package/share/my_ros2_package/package.sh'
[2.858s] INFO:colcon.colcon_core.shell:Creating package script '/home/robotdeveloper02/IsaacSim-ros_workspaces-main/humble_ws/install/my_ros2_package/share/my_ros2_package/package.bash'
[2.858s] INFO:colcon.colcon_core.shell:Creating package script '/home/robotdeveloper02/IsaacSim-ros_workspaces-main/humble_ws/install/my_ros2_package/share/my_ros2_package/package.zsh'
[2.858s] Level 1:colcon.colcon_core.environment:create_file_with_runtime_dependencies(/home/robotdeveloper02/IsaacSim-ros_workspaces-main/humble_ws/install/my_ros2_package/share/colcon-core/packages/my_ros2_package)
[2.859s] Level 1:colcon.colcon_core.environment:checking '/home/robotdeveloper02/IsaacSim-ros_workspaces-main/humble_ws/install/isaac_ros_navigation_goal' for CMake module files
[2.860s] DEBUG:colcon.colcon_core.event_handler.log_command:Invoked command in '/home/robotdeveloper02/IsaacSim-ros_workspaces-main/humble_ws/src/navigation/isaac_ros_navigation_goal' returned '0': PYTHONPATH=/home/robotdeveloper02/IsaacSim-ros_workspaces-main/humble_ws/build/isaac_ros_navigation_goal/prefix_override:/usr/lib/python3/dist-packages/colcon_core/task/python/colcon_distutils_commands:/home/robotdeveloper02/IsaacSim-ros_workspaces-main/humble_ws/install/isaac_ros_navigation_goal/lib/python3.10/site-packages:${PYTHONPATH} /usr/bin/python3 -W ignore:setup.py install is deprecated setup.py egg_info --egg-base ../../../build/isaac_ros_navigation_goal build --build-base /home/robotdeveloper02/IsaacSim-ros_workspaces-main/humble_ws/build/isaac_ros_navigation_goal/build install --record /home/robotdeveloper02/IsaacSim-ros_workspaces-main/humble_ws/build/isaac_ros_navigation_goal/install.log --single-version-externally-managed install_data
[2.860s] Level 1:colcon.colcon_core.environment:checking '/home/robotdeveloper02/IsaacSim-ros_workspaces-main/humble_ws/install/isaac_ros_navigation_goal' for CMake config files
[2.861s] Level 1:colcon.colcon_core.environment:checking '/home/robotdeveloper02/IsaacSim-ros_workspaces-main/humble_ws/install/isaac_ros_navigation_goal/lib'
[2.861s] Level 1:colcon.colcon_core.environment:checking '/home/robotdeveloper02/IsaacSim-ros_workspaces-main/humble_ws/install/isaac_ros_navigation_goal/bin'
[2.861s] Level 1:colcon.colcon_core.environment:checking '/home/robotdeveloper02/IsaacSim-ros_workspaces-main/humble_ws/install/isaac_ros_navigation_goal/lib/pkgconfig/isaac_ros_navigation_goal.pc'
[2.861s] Level 1:colcon.colcon_core.environment:checking '/home/robotdeveloper02/IsaacSim-ros_workspaces-main/humble_ws/install/isaac_ros_navigation_goal/lib/python3.10/site-packages'
[2.861s] Level 1:colcon.colcon_core.shell:create_environment_hook('isaac_ros_navigation_goal', 'pythonpath')
[2.861s] INFO:colcon.colcon_core.shell:Creating environment hook '/home/robotdeveloper02/IsaacSim-ros_workspaces-main/humble_ws/install/isaac_ros_navigation_goal/share/isaac_ros_navigation_goal/hook/pythonpath.ps1'
[2.862s] INFO:colcon.colcon_core.shell:Creating environment descriptor '/home/robotdeveloper02/IsaacSim-ros_workspaces-main/humble_ws/install/isaac_ros_navigation_goal/share/isaac_ros_navigation_goal/hook/pythonpath.dsv'
[2.862s] INFO:colcon.colcon_core.shell:Creating environment hook '/home/robotdeveloper02/IsaacSim-ros_workspaces-main/humble_ws/install/isaac_ros_navigation_goal/share/isaac_ros_navigation_goal/hook/pythonpath.sh'
[2.862s] Level 1:colcon.colcon_core.environment:checking '/home/robotdeveloper02/IsaacSim-ros_workspaces-main/humble_ws/install/isaac_ros_navigation_goal/bin'
[2.862s] Level 1:colcon.colcon_core.environment:create_environment_scripts_only(isaac_ros_navigation_goal)
[2.863s] INFO:colcon.colcon_core.shell:Creating package script '/home/robotdeveloper02/IsaacSim-ros_workspaces-main/humble_ws/install/isaac_ros_navigation_goal/share/isaac_ros_navigation_goal/package.ps1'
[2.863s] INFO:colcon.colcon_core.shell:Creating package descriptor '/home/robotdeveloper02/IsaacSim-ros_workspaces-main/humble_ws/install/isaac_ros_navigation_goal/share/isaac_ros_navigation_goal/package.dsv'
[2.863s] INFO:colcon.colcon_core.shell:Creating package script '/home/robotdeveloper02/IsaacSim-ros_workspaces-main/humble_ws/install/isaac_ros_navigation_goal/share/isaac_ros_navigation_goal/package.sh'
[2.864s] INFO:colcon.colcon_core.shell:Creating package script '/home/robotdeveloper02/IsaacSim-ros_workspaces-main/humble_ws/install/isaac_ros_navigation_goal/share/isaac_ros_navigation_goal/package.bash'
[2.864s] INFO:colcon.colcon_core.shell:Creating package script '/home/robotdeveloper02/IsaacSim-ros_workspaces-main/humble_ws/install/isaac_ros_navigation_goal/share/isaac_ros_navigation_goal/package.zsh'
[2.864s] Level 1:colcon.colcon_core.environment:create_file_with_runtime_dependencies(/home/robotdeveloper02/IsaacSim-ros_workspaces-main/humble_ws/install/isaac_ros_navigation_goal/share/colcon-core/packages/isaac_ros_navigation_goal)
[11.615s] DEBUG:colcon.colcon_core.event_handler.log_command:Invoked command in '/home/robotdeveloper02/IsaacSim-ros_workspaces-main/humble_ws/build/my_cpp_pose_subscriber' returned '2': CMAKE_PREFIX_PATH=/home/robotdeveloper02/IsaacSim-ros_workspaces-main/humble_ws/install/custom_message:/home/robotdeveloper02/IsaacSim-ros_workspaces-main/humble_ws/install/my_cpp_pose_subscriber:/home/robotdeveloper02/IsaacSim-ros_workspaces-main/humble_ws/install/isaacsim:/home/robotdeveloper02/IsaacSim-ros_workspaces-main/humble_ws/install/isaac_tutorials:/home/robotdeveloper02/IsaacSim-ros_workspaces-main/humble_ws/install/isaac_ros2_messages:/home/robotdeveloper02/IsaacSim-ros_workspaces-main/humble_ws/install/IMU_otamesi:/home/robotdeveloper02/IsaacSim-ros_workspaces-main/humble_ws/install/carter_navigation:/home/robotdeveloper02/IsaacSim-ros_workspaces-main/humble_ws/install/my_ros2_package:/home/robotdeveloper02/IsaacSim-ros_workspaces-main/humble_ws/install/jetbot_controller:/home/robotdeveloper02/IsaacSim-ros_workspaces-main/humble_ws/install/isaac_ros_navigation_goal:/home/robotdeveloper02/IsaacSim-ros_workspaces-main/humble_ws/install/error_subscriber:/home/robotdeveloper02/IsaacSim-ros_workspaces-main/humble_ws/install/cube_controller:/home/robotdeveloper02/IsaacSim-ros_workspaces-main/humble_ws/install/Jettbot_position:/opt/ros/humble LD_LIBRARY_PATH=/home/robotdeveloper02/IsaacSim-ros_workspaces-main/humble_ws/install/custom_message/lib:/home/robotdeveloper02/IsaacSim-ros_workspaces-main/humble_ws/install/isaac_ros2_messages/lib:/usr/lib/x86_64-linux-gnu/gazebo-11/plugins:/opt/ros/humble/opt/rviz_ogre_vendor/lib:/opt/ros/humble/lib/x86_64-linux-gnu:/opt/ros/humble/lib /usr/bin/cmake --build /home/robotdeveloper02/IsaacSim-ros_workspaces-main/humble_ws/build/my_cpp_pose_subscriber -- -j16 -l16
[11.638s] Level 1:colcon.colcon_core.environment:create_environment_scripts_only(my_cpp_pose_subscriber)
[11.638s] Level 1:colcon.colcon_core.environment:checking '/home/robotdeveloper02/IsaacSim-ros_workspaces-main/humble_ws/install/my_cpp_pose_subscriber' for CMake module files
[11.638s] Level 1:colcon.colcon_core.environment:checking '/home/robotdeveloper02/IsaacSim-ros_workspaces-main/humble_ws/install/my_cpp_pose_subscriber' for CMake config files
[11.639s] Level 1:colcon.colcon_core.shell:create_environment_hook('my_cpp_pose_subscriber', 'cmake_prefix_path')
[11.639s] INFO:colcon.colcon_core.shell:Creating environment hook '/home/robotdeveloper02/IsaacSim-ros_workspaces-main/humble_ws/install/my_cpp_pose_subscriber/share/my_cpp_pose_subscriber/hook/cmake_prefix_path.ps1'
[11.639s] INFO:colcon.colcon_core.shell:Creating environment descriptor '/home/robotdeveloper02/IsaacSim-ros_workspaces-main/humble_ws/install/my_cpp_pose_subscriber/share/my_cpp_pose_subscriber/hook/cmake_prefix_path.dsv'
[11.639s] INFO:colcon.colcon_core.shell:Creating environment hook '/home/robotdeveloper02/IsaacSim-ros_workspaces-main/humble_ws/install/my_cpp_pose_subscriber/share/my_cpp_pose_subscriber/hook/cmake_prefix_path.sh'
[11.640s] Level 1:colcon.colcon_core.environment:checking '/home/robotdeveloper02/IsaacSim-ros_workspaces-main/humble_ws/install/my_cpp_pose_subscriber/lib'
[11.640s] Level 1:colcon.colcon_core.environment:checking '/home/robotdeveloper02/IsaacSim-ros_workspaces-main/humble_ws/install/my_cpp_pose_subscriber/bin'
[11.640s] Level 1:colcon.colcon_core.environment:checking '/home/robotdeveloper02/IsaacSim-ros_workspaces-main/humble_ws/install/my_cpp_pose_subscriber/lib/pkgconfig/my_cpp_pose_subscriber.pc'
[11.640s] Level 1:colcon.colcon_core.environment:checking '/home/robotdeveloper02/IsaacSim-ros_workspaces-main/humble_ws/install/my_cpp_pose_subscriber/lib/python3.10/site-packages'
[11.640s] Level 1:colcon.colcon_core.environment:checking '/home/robotdeveloper02/IsaacSim-ros_workspaces-main/humble_ws/install/my_cpp_pose_subscriber/bin'
[11.640s] INFO:colcon.colcon_core.shell:Creating package script '/home/robotdeveloper02/IsaacSim-ros_workspaces-main/humble_ws/install/my_cpp_pose_subscriber/share/my_cpp_pose_subscriber/package.ps1'
[11.641s] INFO:colcon.colcon_core.shell:Creating package descriptor '/home/robotdeveloper02/IsaacSim-ros_workspaces-main/humble_ws/install/my_cpp_pose_subscriber/share/my_cpp_pose_subscriber/package.dsv'
[11.641s] INFO:colcon.colcon_core.shell:Creating package script '/home/robotdeveloper02/IsaacSim-ros_workspaces-main/humble_ws/install/my_cpp_pose_subscriber/share/my_cpp_pose_subscriber/package.sh'
[11.642s] INFO:colcon.colcon_core.shell:Creating package script '/home/robotdeveloper02/IsaacSim-ros_workspaces-main/humble_ws/install/my_cpp_pose_subscriber/share/my_cpp_pose_subscriber/package.bash'
[11.642s] INFO:colcon.colcon_core.shell:Creating package script '/home/robotdeveloper02/IsaacSim-ros_workspaces-main/humble_ws/install/my_cpp_pose_subscriber/share/my_cpp_pose_subscriber/package.zsh'
[11.642s] Level 1:colcon.colcon_core.environment:create_file_with_runtime_dependencies(/home/robotdeveloper02/IsaacSim-ros_workspaces-main/humble_ws/install/my_cpp_pose_subscriber/share/colcon-core/packages/my_cpp_pose_subscriber)
[11.652s] DEBUG:colcon.colcon_parallel_executor.executor.parallel:closing loop
[11.653s] DEBUG:colcon.colcon_parallel_executor.executor.parallel:loop closed
[11.653s] DEBUG:colcon.colcon_parallel_executor.executor.parallel:run_until_complete finished with '2'
[11.653s] DEBUG:colcon.colcon_core.event_reactor:joining thread
[11.658s] INFO:colcon.colcon_core.plugin_system:Skipping extension 'colcon_notification.desktop_notification.terminal_notifier': Not used on non-Darwin systems
[11.658s] INFO:colcon.colcon_core.plugin_system:Skipping extension 'colcon_notification.desktop_notification.win32': Not used on non-Windows systems
[11.658s] INFO:colcon.colcon_notification.desktop_notification:Sending desktop notification using 'notify2'
[11.672s] DEBUG:colcon.colcon_core.event_reactor:joined thread
[11.673s] INFO:colcon.colcon_core.shell:Creating prefix script '/home/robotdeveloper02/IsaacSim-ros_workspaces-main/humble_ws/install/local_setup.ps1'
[11.673s] INFO:colcon.colcon_core.shell:Creating prefix util module '/home/robotdeveloper02/IsaacSim-ros_workspaces-main/humble_ws/install/_local_setup_util_ps1.py'
[11.674s] INFO:colcon.colcon_core.shell:Creating prefix chain script '/home/robotdeveloper02/IsaacSim-ros_workspaces-main/humble_ws/install/setup.ps1'
[11.675s] INFO:colcon.colcon_core.shell:Creating prefix script '/home/robotdeveloper02/IsaacSim-ros_workspaces-main/humble_ws/install/local_setup.sh'
[11.676s] INFO:colcon.colcon_core.shell:Creating prefix util module '/home/robotdeveloper02/IsaacSim-ros_workspaces-main/humble_ws/install/_local_setup_util_sh.py'
[11.676s] INFO:colcon.colcon_core.shell:Creating prefix chain script '/home/robotdeveloper02/IsaacSim-ros_workspaces-main/humble_ws/install/setup.sh'
[11.677s] INFO:colcon.colcon_core.shell:Creating prefix script '/home/robotdeveloper02/IsaacSim-ros_workspaces-main/humble_ws/install/local_setup.bash'
[11.678s] INFO:colcon.colcon_core.shell:Creating prefix chain script '/home/robotdeveloper02/IsaacSim-ros_workspaces-main/humble_ws/install/setup.bash'
[11.679s] INFO:colcon.colcon_core.shell:Creating prefix script '/home/robotdeveloper02/IsaacSim-ros_workspaces-main/humble_ws/install/local_setup.zsh'
[11.679s] INFO:colcon.colcon_core.shell:Creating prefix chain script '/home/robotdeveloper02/IsaacSim-ros_workspaces-main/humble_ws/install/setup.zsh'
