[0.071s] DEBUG:colcon:Command line arguments: ['/usr/bin/colcon', 'build']
[0.071s] DEBUG:colcon:Parsed command line arguments: Namespace(log_base=None, log_level=None, verb_name='build', build_base='build', install_base='install', merge_install=False, symlink_install=False, test_result_base=None, continue_on_error=False, executor='parallel', parallel_workers=16, event_handlers=None, ignore_user_meta=False, metas=['./colcon.meta'], base_paths=['.'], packages_ignore=None, packages_ignore_regex=None, paths=None, packages_up_to=None, packages_up_to_regex=None, packages_above=None, packages_above_and_dependencies=None, packages_above_depth=None, packages_select_by_dep=None, packages_skip_by_dep=None, packages_skip_up_to=None, packages_select_build_failed=False, packages_skip_build_finished=False, packages_select_test_failures=False, packages_skip_test_passed=False, packages_select=None, packages_skip=None, packages_select_regex=None, packages_skip_regex=None, packages_start=None, packages_end=None, allow_overriding=[], cmake_args=None, cmake_target=None, cmake_target_skip_unavailable=False, cmake_clean_cache=False, cmake_clean_first=False, cmake_force_configure=False, ament_cmake_args=None, catkin_cmake_args=None, catkin_skip_building_tests=False, verb_parser=<colcon_defaults.argument_parser.defaults.DefaultArgumentsDecorator object at 0x7fc65c605390>, verb_extension=<colcon_core.verb.build.BuildVerb object at 0x7fc65c7728f0>, main=<bound method BuildVerb.main of <colcon_core.verb.build.BuildVerb object at 0x7fc65c7728f0>>)
[0.190s] Level 1:colcon.colcon_core.package_discovery:discover_packages(colcon_meta) check parameters
[0.190s] Level 1:colcon.colcon_core.package_discovery:discover_packages(recursive) check parameters
[0.190s] Level 1:colcon.colcon_core.package_discovery:discover_packages(ignore) check parameters
[0.190s] Level 1:colcon.colcon_core.package_discovery:discover_packages(path) check parameters
[0.190s] Level 1:colcon.colcon_core.package_discovery:discover_packages(colcon_meta) discover
[0.190s] Level 1:colcon.colcon_core.package_discovery:discover_packages(recursive) discover
[0.190s] INFO:colcon.colcon_core.package_discovery:Crawling recursively for packages in '/home/robotdeveloper02/IsaacSim-ros_workspaces-main/humble_ws'
[0.190s] Level 1:colcon.colcon_core.package_identification:_identify(.) by extensions ['ignore', 'ignore_ament_install']
[0.190s] Level 1:colcon.colcon_core.package_identification:_identify(.) by extension 'ignore'
[0.190s] Level 1:colcon.colcon_core.package_identification:_identify(.) by extension 'ignore_ament_install'
[0.190s] Level 1:colcon.colcon_core.package_identification:_identify(.) by extensions ['colcon_pkg']
[0.190s] Level 1:colcon.colcon_core.package_identification:_identify(.) by extension 'colcon_pkg'
[0.190s] Level 1:colcon.colcon_core.package_identification:_identify(.) by extensions ['colcon_meta']
[0.190s] Level 1:colcon.colcon_core.package_identification:_identify(.) by extension 'colcon_meta'
[0.190s] Level 1:colcon.colcon_core.package_identification:_identify(.) by extensions ['ros']
[0.190s] Level 1:colcon.colcon_core.package_identification:_identify(.) by extension 'ros'
[0.198s] Level 1:colcon.colcon_core.package_identification:_identify(.) by extensions ['cmake', 'python']
[0.198s] Level 1:colcon.colcon_core.package_identification:_identify(.) by extension 'cmake'
[0.198s] Level 1:colcon.colcon_core.package_identification:_identify(.) by extension 'python'
[0.199s] Level 1:colcon.colcon_core.package_identification:_identify(.) by extensions ['python_setup_py']
[0.199s] Level 1:colcon.colcon_core.package_identification:_identify(.) by extension 'python_setup_py'
[0.199s] Level 1:colcon.colcon_core.package_identification:_identify(Kit) by extensions ['ignore', 'ignore_ament_install']
[0.199s] Level 1:colcon.colcon_core.package_identification:_identify(Kit) by extension 'ignore'
[0.199s] Level 1:colcon.colcon_core.package_identification:_identify(Kit) by extension 'ignore_ament_install'
[0.199s] Level 1:colcon.colcon_core.package_identification:_identify(Kit) by extensions ['colcon_pkg']
[0.199s] Level 1:colcon.colcon_core.package_identification:_identify(Kit) by extension 'colcon_pkg'
[0.199s] Level 1:colcon.colcon_core.package_identification:_identify(Kit) by extensions ['colcon_meta']
[0.199s] Level 1:colcon.colcon_core.package_identification:_identify(Kit) by extension 'colcon_meta'
[0.199s] Level 1:colcon.colcon_core.package_identification:_identify(Kit) by extensions ['ros']
[0.199s] Level 1:colcon.colcon_core.package_identification:_identify(Kit) by extension 'ros'
[0.199s] Level 1:colcon.colcon_core.package_identification:_identify(Kit) by extensions ['cmake', 'python']
[0.199s] Level 1:colcon.colcon_core.package_identification:_identify(Kit) by extension 'cmake'
[0.199s] Level 1:colcon.colcon_core.package_identification:_identify(Kit) by extension 'python'
[0.199s] Level 1:colcon.colcon_core.package_identification:_identify(Kit) by extensions ['python_setup_py']
[0.199s] Level 1:colcon.colcon_core.package_identification:_identify(Kit) by extension 'python_setup_py'
[0.199s] Level 1:colcon.colcon_core.package_identification:_identify(Kit/Isaac-Sim) by extensions ['ignore', 'ignore_ament_install']
[0.199s] Level 1:colcon.colcon_core.package_identification:_identify(Kit/Isaac-Sim) by extension 'ignore'
[0.199s] Level 1:colcon.colcon_core.package_identification:_identify(Kit/Isaac-Sim) by extension 'ignore_ament_install'
[0.199s] Level 1:colcon.colcon_core.package_identification:_identify(Kit/Isaac-Sim) by extensions ['colcon_pkg']
[0.199s] Level 1:colcon.colcon_core.package_identification:_identify(Kit/Isaac-Sim) by extension 'colcon_pkg'
[0.199s] Level 1:colcon.colcon_core.package_identification:_identify(Kit/Isaac-Sim) by extensions ['colcon_meta']
[0.199s] Level 1:colcon.colcon_core.package_identification:_identify(Kit/Isaac-Sim) by extension 'colcon_meta'
[0.199s] Level 1:colcon.colcon_core.package_identification:_identify(Kit/Isaac-Sim) by extensions ['ros']
[0.199s] Level 1:colcon.colcon_core.package_identification:_identify(Kit/Isaac-Sim) by extension 'ros'
[0.199s] Level 1:colcon.colcon_core.package_identification:_identify(Kit/Isaac-Sim) by extensions ['cmake', 'python']
[0.199s] Level 1:colcon.colcon_core.package_identification:_identify(Kit/Isaac-Sim) by extension 'cmake'
[0.199s] Level 1:colcon.colcon_core.package_identification:_identify(Kit/Isaac-Sim) by extension 'python'
[0.199s] Level 1:colcon.colcon_core.package_identification:_identify(Kit/Isaac-Sim) by extensions ['python_setup_py']
[0.199s] Level 1:colcon.colcon_core.package_identification:_identify(Kit/Isaac-Sim) by extension 'python_setup_py'
[0.200s] Level 1:colcon.colcon_core.package_identification:_identify(Kit/Isaac-Sim/4.1) by extensions ['ignore', 'ignore_ament_install']
[0.200s] Level 1:colcon.colcon_core.package_identification:_identify(Kit/Isaac-Sim/4.1) by extension 'ignore'
[0.200s] Level 1:colcon.colcon_core.package_identification:_identify(Kit/Isaac-Sim/4.1) by extension 'ignore_ament_install'
[0.200s] Level 1:colcon.colcon_core.package_identification:_identify(Kit/Isaac-Sim/4.1) by extensions ['colcon_pkg']
[0.200s] Level 1:colcon.colcon_core.package_identification:_identify(Kit/Isaac-Sim/4.1) by extension 'colcon_pkg'
[0.200s] Level 1:colcon.colcon_core.package_identification:_identify(Kit/Isaac-Sim/4.1) by extensions ['colcon_meta']
[0.200s] Level 1:colcon.colcon_core.package_identification:_identify(Kit/Isaac-Sim/4.1) by extension 'colcon_meta'
[0.200s] Level 1:colcon.colcon_core.package_identification:_identify(Kit/Isaac-Sim/4.1) by extensions ['ros']
[0.200s] Level 1:colcon.colcon_core.package_identification:_identify(Kit/Isaac-Sim/4.1) by extension 'ros'
[0.200s] Level 1:colcon.colcon_core.package_identification:_identify(Kit/Isaac-Sim/4.1) by extensions ['cmake', 'python']
[0.200s] Level 1:colcon.colcon_core.package_identification:_identify(Kit/Isaac-Sim/4.1) by extension 'cmake'
[0.200s] Level 1:colcon.colcon_core.package_identification:_identify(Kit/Isaac-Sim/4.1) by extension 'python'
[0.200s] Level 1:colcon.colcon_core.package_identification:_identify(Kit/Isaac-Sim/4.1) by extensions ['python_setup_py']
[0.200s] Level 1:colcon.colcon_core.package_identification:_identify(Kit/Isaac-Sim/4.1) by extension 'python_setup_py'
[0.200s] Level 1:colcon.colcon_core.package_identification:_identify(Kit/Isaac-Sim/4.1/exts) by extensions ['ignore', 'ignore_ament_install']
[0.200s] Level 1:colcon.colcon_core.package_identification:_identify(Kit/Isaac-Sim/4.1/exts) by extension 'ignore'
[0.200s] Level 1:colcon.colcon_core.package_identification:_identify(Kit/Isaac-Sim/4.1/exts) by extension 'ignore_ament_install'
[0.200s] Level 1:colcon.colcon_core.package_identification:_identify(Kit/Isaac-Sim/4.1/exts) by extensions ['colcon_pkg']
[0.200s] Level 1:colcon.colcon_core.package_identification:_identify(Kit/Isaac-Sim/4.1/exts) by extension 'colcon_pkg'
[0.200s] Level 1:colcon.colcon_core.package_identification:_identify(Kit/Isaac-Sim/4.1/exts) by extensions ['colcon_meta']
[0.200s] Level 1:colcon.colcon_core.package_identification:_identify(Kit/Isaac-Sim/4.1/exts) by extension 'colcon_meta'
[0.200s] Level 1:colcon.colcon_core.package_identification:_identify(Kit/Isaac-Sim/4.1/exts) by extensions ['ros']
[0.200s] Level 1:colcon.colcon_core.package_identification:_identify(Kit/Isaac-Sim/4.1/exts) by extension 'ros'
[0.200s] Level 1:colcon.colcon_core.package_identification:_identify(Kit/Isaac-Sim/4.1/exts) by extensions ['cmake', 'python']
[0.200s] Level 1:colcon.colcon_core.package_identification:_identify(Kit/Isaac-Sim/4.1/exts) by extension 'cmake'
[0.200s] Level 1:colcon.colcon_core.package_identification:_identify(Kit/Isaac-Sim/4.1/exts) by extension 'python'
[0.200s] Level 1:colcon.colcon_core.package_identification:_identify(Kit/Isaac-Sim/4.1/exts) by extensions ['python_setup_py']
[0.200s] Level 1:colcon.colcon_core.package_identification:_identify(Kit/Isaac-Sim/4.1/exts) by extension 'python_setup_py'
[0.200s] Level 1:colcon.colcon_core.package_identification:_identify(Kit/Isaac-Sim/4.1/exts/3) by extensions ['ignore', 'ignore_ament_install']
[0.201s] Level 1:colcon.colcon_core.package_identification:_identify(Kit/Isaac-Sim/4.1/exts/3) by extension 'ignore'
[0.201s] Level 1:colcon.colcon_core.package_identification:_identify(Kit/Isaac-Sim/4.1/exts/3) by extension 'ignore_ament_install'
[0.201s] Level 1:colcon.colcon_core.package_identification:_identify(Kit/Isaac-Sim/4.1/exts/3) by extensions ['colcon_pkg']
[0.201s] Level 1:colcon.colcon_core.package_identification:_identify(Kit/Isaac-Sim/4.1/exts/3) by extension 'colcon_pkg'
[0.201s] Level 1:colcon.colcon_core.package_identification:_identify(Kit/Isaac-Sim/4.1/exts/3) by extensions ['colcon_meta']
[0.201s] Level 1:colcon.colcon_core.package_identification:_identify(Kit/Isaac-Sim/4.1/exts/3) by extension 'colcon_meta'
[0.201s] Level 1:colcon.colcon_core.package_identification:_identify(Kit/Isaac-Sim/4.1/exts/3) by extensions ['ros']
[0.201s] Level 1:colcon.colcon_core.package_identification:_identify(Kit/Isaac-Sim/4.1/exts/3) by extension 'ros'
[0.201s] Level 1:colcon.colcon_core.package_identification:_identify(Kit/Isaac-Sim/4.1/exts/3) by extensions ['cmake', 'python']
[0.201s] Level 1:colcon.colcon_core.package_identification:_identify(Kit/Isaac-Sim/4.1/exts/3) by extension 'cmake'
[0.201s] Level 1:colcon.colcon_core.package_identification:_identify(Kit/Isaac-Sim/4.1/exts/3) by extension 'python'
[0.201s] Level 1:colcon.colcon_core.package_identification:_identify(Kit/Isaac-Sim/4.1/exts/3) by extensions ['python_setup_py']
[0.201s] Level 1:colcon.colcon_core.package_identification:_identify(Kit/Isaac-Sim/4.1/exts/3) by extension 'python_setup_py'
[0.201s] Level 1:colcon.colcon_core.package_identification:_identify(Kit/Isaac-Sim/4.1/pip3-envs) by extensions ['ignore', 'ignore_ament_install']
[0.201s] Level 1:colcon.colcon_core.package_identification:_identify(Kit/Isaac-Sim/4.1/pip3-envs) by extension 'ignore'
[0.201s] Level 1:colcon.colcon_core.package_identification:_identify(Kit/Isaac-Sim/4.1/pip3-envs) by extension 'ignore_ament_install'
[0.201s] Level 1:colcon.colcon_core.package_identification:_identify(Kit/Isaac-Sim/4.1/pip3-envs) by extensions ['colcon_pkg']
[0.201s] Level 1:colcon.colcon_core.package_identification:_identify(Kit/Isaac-Sim/4.1/pip3-envs) by extension 'colcon_pkg'
[0.201s] Level 1:colcon.colcon_core.package_identification:_identify(Kit/Isaac-Sim/4.1/pip3-envs) by extensions ['colcon_meta']
[0.201s] Level 1:colcon.colcon_core.package_identification:_identify(Kit/Isaac-Sim/4.1/pip3-envs) by extension 'colcon_meta'
[0.201s] Level 1:colcon.colcon_core.package_identification:_identify(Kit/Isaac-Sim/4.1/pip3-envs) by extensions ['ros']
[0.201s] Level 1:colcon.colcon_core.package_identification:_identify(Kit/Isaac-Sim/4.1/pip3-envs) by extension 'ros'
[0.201s] Level 1:colcon.colcon_core.package_identification:_identify(Kit/Isaac-Sim/4.1/pip3-envs) by extensions ['cmake', 'python']
[0.201s] Level 1:colcon.colcon_core.package_identification:_identify(Kit/Isaac-Sim/4.1/pip3-envs) by extension 'cmake'
[0.201s] Level 1:colcon.colcon_core.package_identification:_identify(Kit/Isaac-Sim/4.1/pip3-envs) by extension 'python'
[0.201s] Level 1:colcon.colcon_core.package_identification:_identify(Kit/Isaac-Sim/4.1/pip3-envs) by extensions ['python_setup_py']
[0.201s] Level 1:colcon.colcon_core.package_identification:_identify(Kit/Isaac-Sim/4.1/pip3-envs) by extension 'python_setup_py'
[0.201s] Level 1:colcon.colcon_core.package_identification:_identify(Kit/Isaac-Sim/4.1/pip3-envs/default) by extensions ['ignore', 'ignore_ament_install']
[0.201s] Level 1:colcon.colcon_core.package_identification:_identify(Kit/Isaac-Sim/4.1/pip3-envs/default) by extension 'ignore'
[0.201s] Level 1:colcon.colcon_core.package_identification:_identify(Kit/Isaac-Sim/4.1/pip3-envs/default) by extension 'ignore_ament_install'
[0.201s] Level 1:colcon.colcon_core.package_identification:_identify(Kit/Isaac-Sim/4.1/pip3-envs/default) by extensions ['colcon_pkg']
[0.201s] Level 1:colcon.colcon_core.package_identification:_identify(Kit/Isaac-Sim/4.1/pip3-envs/default) by extension 'colcon_pkg'
[0.201s] Level 1:colcon.colcon_core.package_identification:_identify(Kit/Isaac-Sim/4.1/pip3-envs/default) by extensions ['colcon_meta']
[0.202s] Level 1:colcon.colcon_core.package_identification:_identify(Kit/Isaac-Sim/4.1/pip3-envs/default) by extension 'colcon_meta'
[0.202s] Level 1:colcon.colcon_core.package_identification:_identify(Kit/Isaac-Sim/4.1/pip3-envs/default) by extensions ['ros']
[0.202s] Level 1:colcon.colcon_core.package_identification:_identify(Kit/Isaac-Sim/4.1/pip3-envs/default) by extension 'ros'
[0.202s] Level 1:colcon.colcon_core.package_identification:_identify(Kit/Isaac-Sim/4.1/pip3-envs/default) by extensions ['cmake', 'python']
[0.202s] Level 1:colcon.colcon_core.package_identification:_identify(Kit/Isaac-Sim/4.1/pip3-envs/default) by extension 'cmake'
[0.202s] Level 1:colcon.colcon_core.package_identification:_identify(Kit/Isaac-Sim/4.1/pip3-envs/default) by extension 'python'
[0.202s] Level 1:colcon.colcon_core.package_identification:_identify(Kit/Isaac-Sim/4.1/pip3-envs/default) by extensions ['python_setup_py']
[0.202s] Level 1:colcon.colcon_core.package_identification:_identify(Kit/Isaac-Sim/4.1/pip3-envs/default) by extension 'python_setup_py'
[0.202s] Level 1:colcon.colcon_core.package_identification:_identify(Kit/Isaac-Sim_App_Selector) by extensions ['ignore', 'ignore_ament_install']
[0.202s] Level 1:colcon.colcon_core.package_identification:_identify(Kit/Isaac-Sim_App_Selector) by extension 'ignore'
[0.202s] Level 1:colcon.colcon_core.package_identification:_identify(Kit/Isaac-Sim_App_Selector) by extension 'ignore_ament_install'
[0.202s] Level 1:colcon.colcon_core.package_identification:_identify(Kit/Isaac-Sim_App_Selector) by extensions ['colcon_pkg']
[0.202s] Level 1:colcon.colcon_core.package_identification:_identify(Kit/Isaac-Sim_App_Selector) by extension 'colcon_pkg'
[0.202s] Level 1:colcon.colcon_core.package_identification:_identify(Kit/Isaac-Sim_App_Selector) by extensions ['colcon_meta']
[0.202s] Level 1:colcon.colcon_core.package_identification:_identify(Kit/Isaac-Sim_App_Selector) by extension 'colcon_meta'
[0.202s] Level 1:colcon.colcon_core.package_identification:_identify(Kit/Isaac-Sim_App_Selector) by extensions ['ros']
[0.202s] Level 1:colcon.colcon_core.package_identification:_identify(Kit/Isaac-Sim_App_Selector) by extension 'ros'
[0.202s] Level 1:colcon.colcon_core.package_identification:_identify(Kit/Isaac-Sim_App_Selector) by extensions ['cmake', 'python']
[0.202s] Level 1:colcon.colcon_core.package_identification:_identify(Kit/Isaac-Sim_App_Selector) by extension 'cmake'
[0.202s] Level 1:colcon.colcon_core.package_identification:_identify(Kit/Isaac-Sim_App_Selector) by extension 'python'
[0.202s] Level 1:colcon.colcon_core.package_identification:_identify(Kit/Isaac-Sim_App_Selector) by extensions ['python_setup_py']
[0.202s] Level 1:colcon.colcon_core.package_identification:_identify(Kit/Isaac-Sim_App_Selector) by extension 'python_setup_py'
[0.202s] Level 1:colcon.colcon_core.package_identification:_identify(Kit/Isaac-Sim_App_Selector/4.1) by extensions ['ignore', 'ignore_ament_install']
[0.202s] Level 1:colcon.colcon_core.package_identification:_identify(Kit/Isaac-Sim_App_Selector/4.1) by extension 'ignore'
[0.202s] Level 1:colcon.colcon_core.package_identification:_identify(Kit/Isaac-Sim_App_Selector/4.1) by extension 'ignore_ament_install'
[0.202s] Level 1:colcon.colcon_core.package_identification:_identify(Kit/Isaac-Sim_App_Selector/4.1) by extensions ['colcon_pkg']
[0.202s] Level 1:colcon.colcon_core.package_identification:_identify(Kit/Isaac-Sim_App_Selector/4.1) by extension 'colcon_pkg'
[0.202s] Level 1:colcon.colcon_core.package_identification:_identify(Kit/Isaac-Sim_App_Selector/4.1) by extensions ['colcon_meta']
[0.202s] Level 1:colcon.colcon_core.package_identification:_identify(Kit/Isaac-Sim_App_Selector/4.1) by extension 'colcon_meta'
[0.202s] Level 1:colcon.colcon_core.package_identification:_identify(Kit/Isaac-Sim_App_Selector/4.1) by extensions ['ros']
[0.202s] Level 1:colcon.colcon_core.package_identification:_identify(Kit/Isaac-Sim_App_Selector/4.1) by extension 'ros'
[0.203s] Level 1:colcon.colcon_core.package_identification:_identify(Kit/Isaac-Sim_App_Selector/4.1) by extensions ['cmake', 'python']
[0.203s] Level 1:colcon.colcon_core.package_identification:_identify(Kit/Isaac-Sim_App_Selector/4.1) by extension 'cmake'
[0.203s] Level 1:colcon.colcon_core.package_identification:_identify(Kit/Isaac-Sim_App_Selector/4.1) by extension 'python'
[0.203s] Level 1:colcon.colcon_core.package_identification:_identify(Kit/Isaac-Sim_App_Selector/4.1) by extensions ['python_setup_py']
[0.203s] Level 1:colcon.colcon_core.package_identification:_identify(Kit/Isaac-Sim_App_Selector/4.1) by extension 'python_setup_py'
[0.203s] Level 1:colcon.colcon_core.package_identification:_identify(Kit/Isaac-Sim_App_Selector/4.1/exts) by extensions ['ignore', 'ignore_ament_install']
[0.203s] Level 1:colcon.colcon_core.package_identification:_identify(Kit/Isaac-Sim_App_Selector/4.1/exts) by extension 'ignore'
[0.203s] Level 1:colcon.colcon_core.package_identification:_identify(Kit/Isaac-Sim_App_Selector/4.1/exts) by extension 'ignore_ament_install'
[0.203s] Level 1:colcon.colcon_core.package_identification:_identify(Kit/Isaac-Sim_App_Selector/4.1/exts) by extensions ['colcon_pkg']
[0.203s] Level 1:colcon.colcon_core.package_identification:_identify(Kit/Isaac-Sim_App_Selector/4.1/exts) by extension 'colcon_pkg'
[0.203s] Level 1:colcon.colcon_core.package_identification:_identify(Kit/Isaac-Sim_App_Selector/4.1/exts) by extensions ['colcon_meta']
[0.203s] Level 1:colcon.colcon_core.package_identification:_identify(Kit/Isaac-Sim_App_Selector/4.1/exts) by extension 'colcon_meta'
[0.203s] Level 1:colcon.colcon_core.package_identification:_identify(Kit/Isaac-Sim_App_Selector/4.1/exts) by extensions ['ros']
[0.203s] Level 1:colcon.colcon_core.package_identification:_identify(Kit/Isaac-Sim_App_Selector/4.1/exts) by extension 'ros'
[0.203s] Level 1:colcon.colcon_core.package_identification:_identify(Kit/Isaac-Sim_App_Selector/4.1/exts) by extensions ['cmake', 'python']
[0.203s] Level 1:colcon.colcon_core.package_identification:_identify(Kit/Isaac-Sim_App_Selector/4.1/exts) by extension 'cmake'
[0.203s] Level 1:colcon.colcon_core.package_identification:_identify(Kit/Isaac-Sim_App_Selector/4.1/exts) by extension 'python'
[0.203s] Level 1:colcon.colcon_core.package_identification:_identify(Kit/Isaac-Sim_App_Selector/4.1/exts) by extensions ['python_setup_py']
[0.203s] Level 1:colcon.colcon_core.package_identification:_identify(Kit/Isaac-Sim_App_Selector/4.1/exts) by extension 'python_setup_py'
[0.203s] Level 1:colcon.colcon_core.package_identification:_identify(Kit/Isaac-Sim_App_Selector/4.1/exts/3) by extensions ['ignore', 'ignore_ament_install']
[0.203s] Level 1:colcon.colcon_core.package_identification:_identify(Kit/Isaac-Sim_App_Selector/4.1/exts/3) by extension 'ignore'
[0.203s] Level 1:colcon.colcon_core.package_identification:_identify(Kit/Isaac-Sim_App_Selector/4.1/exts/3) by extension 'ignore_ament_install'
[0.203s] Level 1:colcon.colcon_core.package_identification:_identify(Kit/Isaac-Sim_App_Selector/4.1/exts/3) by extensions ['colcon_pkg']
[0.203s] Level 1:colcon.colcon_core.package_identification:_identify(Kit/Isaac-Sim_App_Selector/4.1/exts/3) by extension 'colcon_pkg'
[0.203s] Level 1:colcon.colcon_core.package_identification:_identify(Kit/Isaac-Sim_App_Selector/4.1/exts/3) by extensions ['colcon_meta']
[0.203s] Level 1:colcon.colcon_core.package_identification:_identify(Kit/Isaac-Sim_App_Selector/4.1/exts/3) by extension 'colcon_meta'
[0.203s] Level 1:colcon.colcon_core.package_identification:_identify(Kit/Isaac-Sim_App_Selector/4.1/exts/3) by extensions ['ros']
[0.203s] Level 1:colcon.colcon_core.package_identification:_identify(Kit/Isaac-Sim_App_Selector/4.1/exts/3) by extension 'ros'
[0.203s] Level 1:colcon.colcon_core.package_identification:_identify(Kit/Isaac-Sim_App_Selector/4.1/exts/3) by extensions ['cmake', 'python']
[0.203s] Level 1:colcon.colcon_core.package_identification:_identify(Kit/Isaac-Sim_App_Selector/4.1/exts/3) by extension 'cmake'
[0.203s] Level 1:colcon.colcon_core.package_identification:_identify(Kit/Isaac-Sim_App_Selector/4.1/exts/3) by extension 'python'
[0.203s] Level 1:colcon.colcon_core.package_identification:_identify(Kit/Isaac-Sim_App_Selector/4.1/exts/3) by extensions ['python_setup_py']
[0.203s] Level 1:colcon.colcon_core.package_identification:_identify(Kit/Isaac-Sim_App_Selector/4.1/exts/3) by extension 'python_setup_py'
[0.204s] Level 1:colcon.colcon_core.package_identification:_identify(build) by extensions ['ignore', 'ignore_ament_install']
[0.204s] Level 1:colcon.colcon_core.package_identification:_identify(build) by extension 'ignore'
[0.204s] Level 1:colcon.colcon_core.package_identification:_identify(build) ignored
[0.204s] Level 1:colcon.colcon_core.package_identification:_identify(install) by extensions ['ignore', 'ignore_ament_install']
[0.204s] Level 1:colcon.colcon_core.package_identification:_identify(install) by extension 'ignore'
[0.204s] Level 1:colcon.colcon_core.package_identification:_identify(install) ignored
[0.204s] Level 1:colcon.colcon_core.package_identification:_identify(log) by extensions ['ignore', 'ignore_ament_install']
[0.204s] Level 1:colcon.colcon_core.package_identification:_identify(log) by extension 'ignore'
[0.204s] Level 1:colcon.colcon_core.package_identification:_identify(log) ignored
[0.204s] Level 1:colcon.colcon_core.package_identification:_identify(src) by extensions ['ignore', 'ignore_ament_install']
[0.204s] Level 1:colcon.colcon_core.package_identification:_identify(src) by extension 'ignore'
[0.204s] Level 1:colcon.colcon_core.package_identification:_identify(src) by extension 'ignore_ament_install'
[0.204s] Level 1:colcon.colcon_core.package_identification:_identify(src) by extensions ['colcon_pkg']
[0.204s] Level 1:colcon.colcon_core.package_identification:_identify(src) by extension 'colcon_pkg'
[0.204s] Level 1:colcon.colcon_core.package_identification:_identify(src) by extensions ['colcon_meta']
[0.204s] Level 1:colcon.colcon_core.package_identification:_identify(src) by extension 'colcon_meta'
[0.204s] Level 1:colcon.colcon_core.package_identification:_identify(src) by extensions ['ros']
[0.204s] Level 1:colcon.colcon_core.package_identification:_identify(src) by extension 'ros'
[0.204s] Level 1:colcon.colcon_core.package_identification:_identify(src) by extensions ['cmake', 'python']
[0.204s] Level 1:colcon.colcon_core.package_identification:_identify(src) by extension 'cmake'
[0.204s] Level 1:colcon.colcon_core.package_identification:_identify(src) by extension 'python'
[0.204s] Level 1:colcon.colcon_core.package_identification:_identify(src) by extensions ['python_setup_py']
[0.204s] Level 1:colcon.colcon_core.package_identification:_identify(src) by extension 'python_setup_py'
[0.204s] Level 1:colcon.colcon_core.package_identification:_identify(src/IMU_otamesi) by extensions ['ignore', 'ignore_ament_install']
[0.204s] Level 1:colcon.colcon_core.package_identification:_identify(src/IMU_otamesi) by extension 'ignore'
[0.205s] Level 1:colcon.colcon_core.package_identification:_identify(src/IMU_otamesi) by extension 'ignore_ament_install'
[0.205s] Level 1:colcon.colcon_core.package_identification:_identify(src/IMU_otamesi) by extensions ['colcon_pkg']
[0.205s] Level 1:colcon.colcon_core.package_identification:_identify(src/IMU_otamesi) by extension 'colcon_pkg'
[0.205s] Level 1:colcon.colcon_core.package_identification:_identify(src/IMU_otamesi) by extensions ['colcon_meta']
[0.205s] Level 1:colcon.colcon_core.package_identification:_identify(src/IMU_otamesi) by extension 'colcon_meta'
[0.205s] Level 1:colcon.colcon_core.package_identification:_identify(src/IMU_otamesi) by extensions ['ros']
[0.205s] Level 1:colcon.colcon_core.package_identification:_identify(src/IMU_otamesi) by extension 'ros'
[0.207s] DEBUG:colcon.colcon_core.package_identification:Package 'src/IMU_otamesi' with type 'ros.ament_cmake' and name 'IMU_otamesi'
[0.207s] Level 1:colcon.colcon_core.package_identification:_identify(src/Jettbot_position) by extensions ['ignore', 'ignore_ament_install']
[0.207s] Level 1:colcon.colcon_core.package_identification:_identify(src/Jettbot_position) by extension 'ignore'
[0.207s] Level 1:colcon.colcon_core.package_identification:_identify(src/Jettbot_position) by extension 'ignore_ament_install'
[0.207s] Level 1:colcon.colcon_core.package_identification:_identify(src/Jettbot_position) by extensions ['colcon_pkg']
[0.207s] Level 1:colcon.colcon_core.package_identification:_identify(src/Jettbot_position) by extension 'colcon_pkg'
[0.207s] Level 1:colcon.colcon_core.package_identification:_identify(src/Jettbot_position) by extensions ['colcon_meta']
[0.207s] Level 1:colcon.colcon_core.package_identification:_identify(src/Jettbot_position) by extension 'colcon_meta'
[0.207s] Level 1:colcon.colcon_core.package_identification:_identify(src/Jettbot_position) by extensions ['ros']
[0.207s] Level 1:colcon.colcon_core.package_identification:_identify(src/Jettbot_position) by extension 'ros'
[0.207s] DEBUG:colcon.colcon_core.package_identification:Package 'src/Jettbot_position' with type 'ros.ament_python' and name 'Jettbot_position'
[0.208s] Level 1:colcon.colcon_core.package_identification:_identify(src/build) by extensions ['ignore', 'ignore_ament_install']
[0.208s] Level 1:colcon.colcon_core.package_identification:_identify(src/build) by extension 'ignore'
[0.208s] Level 1:colcon.colcon_core.package_identification:_identify(src/build) ignored
[0.208s] Level 1:colcon.colcon_core.package_identification:_identify(src/calc_cpp) by extensions ['ignore', 'ignore_ament_install']
[0.208s] Level 1:colcon.colcon_core.package_identification:_identify(src/calc_cpp) by extension 'ignore'
[0.208s] Level 1:colcon.colcon_core.package_identification:_identify(src/calc_cpp) by extension 'ignore_ament_install'
[0.208s] Level 1:colcon.colcon_core.package_identification:_identify(src/calc_cpp) by extensions ['colcon_pkg']
[0.208s] Level 1:colcon.colcon_core.package_identification:_identify(src/calc_cpp) by extension 'colcon_pkg'
[0.208s] Level 1:colcon.colcon_core.package_identification:_identify(src/calc_cpp) by extensions ['colcon_meta']
[0.208s] Level 1:colcon.colcon_core.package_identification:_identify(src/calc_cpp) by extension 'colcon_meta'
[0.208s] Level 1:colcon.colcon_core.package_identification:_identify(src/calc_cpp) by extensions ['ros']
[0.208s] Level 1:colcon.colcon_core.package_identification:_identify(src/calc_cpp) by extension 'ros'
[0.209s] DEBUG:colcon.colcon_core.package_identification:Package 'src/calc_cpp' with type 'ros.ament_cmake' and name 'my_cpp_pose_subscriber'
[0.209s] Level 1:colcon.colcon_core.package_identification:_identify(src/calc_py) by extensions ['ignore', 'ignore_ament_install']
[0.209s] Level 1:colcon.colcon_core.package_identification:_identify(src/calc_py) by extension 'ignore'
[0.209s] Level 1:colcon.colcon_core.package_identification:_identify(src/calc_py) by extension 'ignore_ament_install'
[0.209s] Level 1:colcon.colcon_core.package_identification:_identify(src/calc_py) by extensions ['colcon_pkg']
[0.209s] Level 1:colcon.colcon_core.package_identification:_identify(src/calc_py) by extension 'colcon_pkg'
[0.209s] Level 1:colcon.colcon_core.package_identification:_identify(src/calc_py) by extensions ['colcon_meta']
[0.209s] Level 1:colcon.colcon_core.package_identification:_identify(src/calc_py) by extension 'colcon_meta'
[0.209s] Level 1:colcon.colcon_core.package_identification:_identify(src/calc_py) by extensions ['ros']
[0.209s] Level 1:colcon.colcon_core.package_identification:_identify(src/calc_py) by extension 'ros'
[0.209s] DEBUG:colcon.colcon_core.package_identification:Package 'src/calc_py' with type 'ros.ament_python' and name 'my_ros2_package'
[0.209s] Level 1:colcon.colcon_core.package_identification:_identify(src/cube_controller) by extensions ['ignore', 'ignore_ament_install']
[0.209s] Level 1:colcon.colcon_core.package_identification:_identify(src/cube_controller) by extension 'ignore'
[0.210s] Level 1:colcon.colcon_core.package_identification:_identify(src/cube_controller) by extension 'ignore_ament_install'
[0.210s] Level 1:colcon.colcon_core.package_identification:_identify(src/cube_controller) by extensions ['colcon_pkg']
[0.210s] Level 1:colcon.colcon_core.package_identification:_identify(src/cube_controller) by extension 'colcon_pkg'
[0.210s] Level 1:colcon.colcon_core.package_identification:_identify(src/cube_controller) by extensions ['colcon_meta']
[0.210s] Level 1:colcon.colcon_core.package_identification:_identify(src/cube_controller) by extension 'colcon_meta'
[0.210s] Level 1:colcon.colcon_core.package_identification:_identify(src/cube_controller) by extensions ['ros']
[0.210s] Level 1:colcon.colcon_core.package_identification:_identify(src/cube_controller) by extension 'ros'
[0.210s] DEBUG:colcon.colcon_core.package_identification:Package 'src/cube_controller' with type 'ros.ament_python' and name 'cube_controller'
[0.210s] Level 1:colcon.colcon_core.package_identification:_identify(src/custom_message) by extensions ['ignore', 'ignore_ament_install']
[0.210s] Level 1:colcon.colcon_core.package_identification:_identify(src/custom_message) by extension 'ignore'
[0.210s] Level 1:colcon.colcon_core.package_identification:_identify(src/custom_message) by extension 'ignore_ament_install'
[0.210s] Level 1:colcon.colcon_core.package_identification:_identify(src/custom_message) by extensions ['colcon_pkg']
[0.210s] Level 1:colcon.colcon_core.package_identification:_identify(src/custom_message) by extension 'colcon_pkg'
[0.210s] Level 1:colcon.colcon_core.package_identification:_identify(src/custom_message) by extensions ['colcon_meta']
[0.210s] Level 1:colcon.colcon_core.package_identification:_identify(src/custom_message) by extension 'colcon_meta'
[0.210s] Level 1:colcon.colcon_core.package_identification:_identify(src/custom_message) by extensions ['ros']
[0.210s] Level 1:colcon.colcon_core.package_identification:_identify(src/custom_message) by extension 'ros'
[0.211s] DEBUG:colcon.colcon_core.package_identification:Package 'src/custom_message' with type 'ros.ament_cmake' and name 'custom_message'
[0.211s] Level 1:colcon.colcon_core.package_identification:_identify(src/install) by extensions ['ignore', 'ignore_ament_install']
[0.211s] Level 1:colcon.colcon_core.package_identification:_identify(src/install) by extension 'ignore'
[0.211s] Level 1:colcon.colcon_core.package_identification:_identify(src/install) ignored
[0.211s] Level 1:colcon.colcon_core.package_identification:_identify(src/isaac_ros2_messages) by extensions ['ignore', 'ignore_ament_install']
[0.211s] Level 1:colcon.colcon_core.package_identification:_identify(src/isaac_ros2_messages) by extension 'ignore'
[0.211s] Level 1:colcon.colcon_core.package_identification:_identify(src/isaac_ros2_messages) by extension 'ignore_ament_install'
[0.211s] Level 1:colcon.colcon_core.package_identification:_identify(src/isaac_ros2_messages) by extensions ['colcon_pkg']
[0.211s] Level 1:colcon.colcon_core.package_identification:_identify(src/isaac_ros2_messages) by extension 'colcon_pkg'
[0.211s] Level 1:colcon.colcon_core.package_identification:_identify(src/isaac_ros2_messages) by extensions ['colcon_meta']
[0.211s] Level 1:colcon.colcon_core.package_identification:_identify(src/isaac_ros2_messages) by extension 'colcon_meta'
[0.211s] Level 1:colcon.colcon_core.package_identification:_identify(src/isaac_ros2_messages) by extensions ['ros']
[0.211s] Level 1:colcon.colcon_core.package_identification:_identify(src/isaac_ros2_messages) by extension 'ros'
[0.212s] DEBUG:colcon.colcon_core.package_identification:Package 'src/isaac_ros2_messages' with type 'ros.ament_cmake' and name 'isaac_ros2_messages'
[0.212s] Level 1:colcon.colcon_core.package_identification:_identify(src/isaac_tutorials) by extensions ['ignore', 'ignore_ament_install']
[0.212s] Level 1:colcon.colcon_core.package_identification:_identify(src/isaac_tutorials) by extension 'ignore'
[0.212s] Level 1:colcon.colcon_core.package_identification:_identify(src/isaac_tutorials) by extension 'ignore_ament_install'
[0.212s] Level 1:colcon.colcon_core.package_identification:_identify(src/isaac_tutorials) by extensions ['colcon_pkg']
[0.212s] Level 1:colcon.colcon_core.package_identification:_identify(src/isaac_tutorials) by extension 'colcon_pkg'
[0.212s] Level 1:colcon.colcon_core.package_identification:_identify(src/isaac_tutorials) by extensions ['colcon_meta']
[0.212s] Level 1:colcon.colcon_core.package_identification:_identify(src/isaac_tutorials) by extension 'colcon_meta'
[0.212s] Level 1:colcon.colcon_core.package_identification:_identify(src/isaac_tutorials) by extensions ['ros']
[0.212s] Level 1:colcon.colcon_core.package_identification:_identify(src/isaac_tutorials) by extension 'ros'
[0.212s] DEBUG:colcon.colcon_core.package_identification:Package 'src/isaac_tutorials' with type 'ros.ament_cmake' and name 'isaac_tutorials'
[0.213s] Level 1:colcon.colcon_core.package_identification:_identify(src/isaacsim) by extensions ['ignore', 'ignore_ament_install']
[0.213s] Level 1:colcon.colcon_core.package_identification:_identify(src/isaacsim) by extension 'ignore'
[0.213s] Level 1:colcon.colcon_core.package_identification:_identify(src/isaacsim) by extension 'ignore_ament_install'
[0.213s] Level 1:colcon.colcon_core.package_identification:_identify(src/isaacsim) by extensions ['colcon_pkg']
[0.213s] Level 1:colcon.colcon_core.package_identification:_identify(src/isaacsim) by extension 'colcon_pkg'
[0.213s] Level 1:colcon.colcon_core.package_identification:_identify(src/isaacsim) by extensions ['colcon_meta']
[0.213s] Level 1:colcon.colcon_core.package_identification:_identify(src/isaacsim) by extension 'colcon_meta'
[0.213s] Level 1:colcon.colcon_core.package_identification:_identify(src/isaacsim) by extensions ['ros']
[0.213s] Level 1:colcon.colcon_core.package_identification:_identify(src/isaacsim) by extension 'ros'
[0.213s] DEBUG:colcon.colcon_core.package_identification:Package 'src/isaacsim' with type 'ros.ament_cmake' and name 'isaacsim'
[0.213s] Level 1:colcon.colcon_core.package_identification:_identify(src/jetbot_controller) by extensions ['ignore', 'ignore_ament_install']
[0.213s] Level 1:colcon.colcon_core.package_identification:_identify(src/jetbot_controller) by extension 'ignore'
[0.213s] Level 1:colcon.colcon_core.package_identification:_identify(src/jetbot_controller) by extension 'ignore_ament_install'
[0.213s] Level 1:colcon.colcon_core.package_identification:_identify(src/jetbot_controller) by extensions ['colcon_pkg']
[0.213s] Level 1:colcon.colcon_core.package_identification:_identify(src/jetbot_controller) by extension 'colcon_pkg'
[0.213s] Level 1:colcon.colcon_core.package_identification:_identify(src/jetbot_controller) by extensions ['colcon_meta']
[0.213s] Level 1:colcon.colcon_core.package_identification:_identify(src/jetbot_controller) by extension 'colcon_meta'
[0.214s] Level 1:colcon.colcon_core.package_identification:_identify(src/jetbot_controller) by extensions ['ros']
[0.214s] Level 1:colcon.colcon_core.package_identification:_identify(src/jetbot_controller) by extension 'ros'
[0.214s] DEBUG:colcon.colcon_core.package_identification:Package 'src/jetbot_controller' with type 'ros.ament_python' and name 'jetbot_controller'
[0.214s] Level 1:colcon.colcon_core.package_identification:_identify(src/log) by extensions ['ignore', 'ignore_ament_install']
[0.214s] Level 1:colcon.colcon_core.package_identification:_identify(src/log) by extension 'ignore'
[0.214s] Level 1:colcon.colcon_core.package_identification:_identify(src/log) ignored
[0.214s] Level 1:colcon.colcon_core.package_identification:_identify(src/navigation) by extensions ['ignore', 'ignore_ament_install']
[0.214s] Level 1:colcon.colcon_core.package_identification:_identify(src/navigation) by extension 'ignore'
[0.214s] Level 1:colcon.colcon_core.package_identification:_identify(src/navigation) by extension 'ignore_ament_install'
[0.214s] Level 1:colcon.colcon_core.package_identification:_identify(src/navigation) by extensions ['colcon_pkg']
[0.214s] Level 1:colcon.colcon_core.package_identification:_identify(src/navigation) by extension 'colcon_pkg'
[0.214s] Level 1:colcon.colcon_core.package_identification:_identify(src/navigation) by extensions ['colcon_meta']
[0.214s] Level 1:colcon.colcon_core.package_identification:_identify(src/navigation) by extension 'colcon_meta'
[0.214s] Level 1:colcon.colcon_core.package_identification:_identify(src/navigation) by extensions ['ros']
[0.214s] Level 1:colcon.colcon_core.package_identification:_identify(src/navigation) by extension 'ros'
[0.214s] Level 1:colcon.colcon_core.package_identification:_identify(src/navigation) by extensions ['cmake', 'python']
[0.215s] Level 1:colcon.colcon_core.package_identification:_identify(src/navigation) by extension 'cmake'
[0.215s] Level 1:colcon.colcon_core.package_identification:_identify(src/navigation) by extension 'python'
[0.215s] Level 1:colcon.colcon_core.package_identification:_identify(src/navigation) by extensions ['python_setup_py']
[0.215s] Level 1:colcon.colcon_core.package_identification:_identify(src/navigation) by extension 'python_setup_py'
[0.215s] Level 1:colcon.colcon_core.package_identification:_identify(src/navigation/carter_navigation) by extensions ['ignore', 'ignore_ament_install']
[0.215s] Level 1:colcon.colcon_core.package_identification:_identify(src/navigation/carter_navigation) by extension 'ignore'
[0.215s] Level 1:colcon.colcon_core.package_identification:_identify(src/navigation/carter_navigation) by extension 'ignore_ament_install'
[0.215s] Level 1:colcon.colcon_core.package_identification:_identify(src/navigation/carter_navigation) by extensions ['colcon_pkg']
[0.215s] Level 1:colcon.colcon_core.package_identification:_identify(src/navigation/carter_navigation) by extension 'colcon_pkg'
[0.215s] Level 1:colcon.colcon_core.package_identification:_identify(src/navigation/carter_navigation) by extensions ['colcon_meta']
[0.215s] Level 1:colcon.colcon_core.package_identification:_identify(src/navigation/carter_navigation) by extension 'colcon_meta'
[0.215s] Level 1:colcon.colcon_core.package_identification:_identify(src/navigation/carter_navigation) by extensions ['ros']
[0.215s] Level 1:colcon.colcon_core.package_identification:_identify(src/navigation/carter_navigation) by extension 'ros'
[0.215s] DEBUG:colcon.colcon_core.package_identification:Package 'src/navigation/carter_navigation' with type 'ros.ament_cmake' and name 'carter_navigation'
[0.216s] Level 1:colcon.colcon_core.package_identification:_identify(src/navigation/isaac_ros_navigation_goal) by extensions ['ignore', 'ignore_ament_install']
[0.216s] Level 1:colcon.colcon_core.package_identification:_identify(src/navigation/isaac_ros_navigation_goal) by extension 'ignore'
[0.216s] Level 1:colcon.colcon_core.package_identification:_identify(src/navigation/isaac_ros_navigation_goal) by extension 'ignore_ament_install'
[0.216s] Level 1:colcon.colcon_core.package_identification:_identify(src/navigation/isaac_ros_navigation_goal) by extensions ['colcon_pkg']
[0.216s] Level 1:colcon.colcon_core.package_identification:_identify(src/navigation/isaac_ros_navigation_goal) by extension 'colcon_pkg'
[0.216s] Level 1:colcon.colcon_core.package_identification:_identify(src/navigation/isaac_ros_navigation_goal) by extensions ['colcon_meta']
[0.216s] Level 1:colcon.colcon_core.package_identification:_identify(src/navigation/isaac_ros_navigation_goal) by extension 'colcon_meta'
[0.216s] Level 1:colcon.colcon_core.package_identification:_identify(src/navigation/isaac_ros_navigation_goal) by extensions ['ros']
[0.216s] Level 1:colcon.colcon_core.package_identification:_identify(src/navigation/isaac_ros_navigation_goal) by extension 'ros'
[0.216s] DEBUG:colcon.colcon_core.package_identification:Package 'src/navigation/isaac_ros_navigation_goal' with type 'ros.ament_python' and name 'isaac_ros_navigation_goal'
[0.216s] Level 1:colcon.colcon_core.package_discovery:discover_packages(recursive) using defaults
[0.216s] Level 1:colcon.colcon_core.package_discovery:discover_packages(ignore) discover
[0.216s] Level 1:colcon.colcon_core.package_discovery:discover_packages(ignore) using defaults
[0.216s] Level 1:colcon.colcon_core.package_discovery:discover_packages(path) discover
[0.216s] Level 1:colcon.colcon_core.package_discovery:discover_packages(path) using defaults
[0.240s] Level 1:colcon.colcon_core.package_discovery:discover_packages(prefix_path) check parameters
[0.240s] Level 1:colcon.colcon_core.package_discovery:discover_packages(prefix_path) discover
[0.242s] DEBUG:colcon.colcon_installed_package_information.package_discovery:Found 381 installed packages in /opt/ros/humble
[0.243s] Level 1:colcon.colcon_core.package_discovery:discover_packages(prefix_path) using defaults
[0.274s] Level 5:colcon.colcon_core.verb:set package 'Jettbot_position' build argument 'cmake_args' from command line to 'None'
[0.275s] Level 5:colcon.colcon_core.verb:set package 'Jettbot_position' build argument 'cmake_target' from command line to 'None'
[0.275s] Level 5:colcon.colcon_core.verb:set package 'Jettbot_position' build argument 'cmake_target_skip_unavailable' from command line to 'False'
[0.275s] Level 5:colcon.colcon_core.verb:set package 'Jettbot_position' build argument 'cmake_clean_cache' from command line to 'False'
[0.275s] Level 5:colcon.colcon_core.verb:set package 'Jettbot_position' build argument 'cmake_clean_first' from command line to 'False'
[0.275s] Level 5:colcon.colcon_core.verb:set package 'Jettbot_position' build argument 'cmake_force_configure' from command line to 'False'
[0.275s] Level 5:colcon.colcon_core.verb:set package 'Jettbot_position' build argument 'ament_cmake_args' from command line to 'None'
[0.275s] Level 5:colcon.colcon_core.verb:set package 'Jettbot_position' build argument 'catkin_cmake_args' from command line to 'None'
[0.275s] Level 5:colcon.colcon_core.verb:set package 'Jettbot_position' build argument 'catkin_skip_building_tests' from command line to 'False'
[0.275s] DEBUG:colcon.colcon_core.verb:Building package 'Jettbot_position' with the following arguments: {'ament_cmake_args': None, 'build_base': '/home/robotdeveloper02/IsaacSim-ros_workspaces-main/humble_ws/build/Jettbot_position', 'catkin_cmake_args': None, 'catkin_skip_building_tests': False, 'cmake_args': None, 'cmake_clean_cache': False, 'cmake_clean_first': False, 'cmake_force_configure': False, 'cmake_target': None, 'cmake_target_skip_unavailable': False, 'install_base': '/home/robotdeveloper02/IsaacSim-ros_workspaces-main/humble_ws/install/Jettbot_position', 'merge_install': False, 'path': '/home/robotdeveloper02/IsaacSim-ros_workspaces-main/humble_ws/src/Jettbot_position', 'symlink_install': False, 'test_result_base': None}
[0.275s] Level 5:colcon.colcon_core.verb:set package 'carter_navigation' build argument 'cmake_args' from command line to 'None'
[0.275s] Level 5:colcon.colcon_core.verb:set package 'carter_navigation' build argument 'cmake_target' from command line to 'None'
[0.275s] Level 5:colcon.colcon_core.verb:set package 'carter_navigation' build argument 'cmake_target_skip_unavailable' from command line to 'False'
[0.275s] Level 5:colcon.colcon_core.verb:set package 'carter_navigation' build argument 'cmake_clean_cache' from command line to 'False'
[0.275s] Level 5:colcon.colcon_core.verb:set package 'carter_navigation' build argument 'cmake_clean_first' from command line to 'False'
[0.275s] Level 5:colcon.colcon_core.verb:set package 'carter_navigation' build argument 'cmake_force_configure' from command line to 'False'
[0.275s] Level 5:colcon.colcon_core.verb:set package 'carter_navigation' build argument 'ament_cmake_args' from command line to 'None'
[0.275s] Level 5:colcon.colcon_core.verb:set package 'carter_navigation' build argument 'catkin_cmake_args' from command line to 'None'
[0.275s] Level 5:colcon.colcon_core.verb:set package 'carter_navigation' build argument 'catkin_skip_building_tests' from command line to 'False'
[0.275s] DEBUG:colcon.colcon_core.verb:Building package 'carter_navigation' with the following arguments: {'ament_cmake_args': None, 'build_base': '/home/robotdeveloper02/IsaacSim-ros_workspaces-main/humble_ws/build/carter_navigation', 'catkin_cmake_args': None, 'catkin_skip_building_tests': False, 'cmake_args': None, 'cmake_clean_cache': False, 'cmake_clean_first': False, 'cmake_force_configure': False, 'cmake_target': None, 'cmake_target_skip_unavailable': False, 'install_base': '/home/robotdeveloper02/IsaacSim-ros_workspaces-main/humble_ws/install/carter_navigation', 'merge_install': False, 'path': '/home/robotdeveloper02/IsaacSim-ros_workspaces-main/humble_ws/src/navigation/carter_navigation', 'symlink_install': False, 'test_result_base': None}
[0.275s] Level 5:colcon.colcon_core.verb:set package 'cube_controller' build argument 'cmake_args' from command line to 'None'
[0.275s] Level 5:colcon.colcon_core.verb:set package 'cube_controller' build argument 'cmake_target' from command line to 'None'
[0.275s] Level 5:colcon.colcon_core.verb:set package 'cube_controller' build argument 'cmake_target_skip_unavailable' from command line to 'False'
[0.275s] Level 5:colcon.colcon_core.verb:set package 'cube_controller' build argument 'cmake_clean_cache' from command line to 'False'
[0.275s] Level 5:colcon.colcon_core.verb:set package 'cube_controller' build argument 'cmake_clean_first' from command line to 'False'
[0.275s] Level 5:colcon.colcon_core.verb:set package 'cube_controller' build argument 'cmake_force_configure' from command line to 'False'
[0.275s] Level 5:colcon.colcon_core.verb:set package 'cube_controller' build argument 'ament_cmake_args' from command line to 'None'
[0.275s] Level 5:colcon.colcon_core.verb:set package 'cube_controller' build argument 'catkin_cmake_args' from command line to 'None'
[0.276s] Level 5:colcon.colcon_core.verb:set package 'cube_controller' build argument 'catkin_skip_building_tests' from command line to 'False'
[0.276s] DEBUG:colcon.colcon_core.verb:Building package 'cube_controller' with the following arguments: {'ament_cmake_args': None, 'build_base': '/home/robotdeveloper02/IsaacSim-ros_workspaces-main/humble_ws/build/cube_controller', 'catkin_cmake_args': None, 'catkin_skip_building_tests': False, 'cmake_args': None, 'cmake_clean_cache': False, 'cmake_clean_first': False, 'cmake_force_configure': False, 'cmake_target': None, 'cmake_target_skip_unavailable': False, 'install_base': '/home/robotdeveloper02/IsaacSim-ros_workspaces-main/humble_ws/install/cube_controller', 'merge_install': False, 'path': '/home/robotdeveloper02/IsaacSim-ros_workspaces-main/humble_ws/src/cube_controller', 'symlink_install': False, 'test_result_base': None}
[0.276s] Level 5:colcon.colcon_core.verb:set package 'custom_message' build argument 'cmake_args' from command line to 'None'
[0.276s] Level 5:colcon.colcon_core.verb:set package 'custom_message' build argument 'cmake_target' from command line to 'None'
[0.276s] Level 5:colcon.colcon_core.verb:set package 'custom_message' build argument 'cmake_target_skip_unavailable' from command line to 'False'
[0.276s] Level 5:colcon.colcon_core.verb:set package 'custom_message' build argument 'cmake_clean_cache' from command line to 'False'
[0.276s] Level 5:colcon.colcon_core.verb:set package 'custom_message' build argument 'cmake_clean_first' from command line to 'False'
[0.276s] Level 5:colcon.colcon_core.verb:set package 'custom_message' build argument 'cmake_force_configure' from command line to 'False'
[0.276s] Level 5:colcon.colcon_core.verb:set package 'custom_message' build argument 'ament_cmake_args' from command line to 'None'
[0.276s] Level 5:colcon.colcon_core.verb:set package 'custom_message' build argument 'catkin_cmake_args' from command line to 'None'
[0.276s] Level 5:colcon.colcon_core.verb:set package 'custom_message' build argument 'catkin_skip_building_tests' from command line to 'False'
[0.276s] DEBUG:colcon.colcon_core.verb:Building package 'custom_message' with the following arguments: {'ament_cmake_args': None, 'build_base': '/home/robotdeveloper02/IsaacSim-ros_workspaces-main/humble_ws/build/custom_message', 'catkin_cmake_args': None, 'catkin_skip_building_tests': False, 'cmake_args': None, 'cmake_clean_cache': False, 'cmake_clean_first': False, 'cmake_force_configure': False, 'cmake_target': None, 'cmake_target_skip_unavailable': False, 'install_base': '/home/robotdeveloper02/IsaacSim-ros_workspaces-main/humble_ws/install/custom_message', 'merge_install': False, 'path': '/home/robotdeveloper02/IsaacSim-ros_workspaces-main/humble_ws/src/custom_message', 'symlink_install': False, 'test_result_base': None}
[0.276s] Level 5:colcon.colcon_core.verb:set package 'isaac_ros2_messages' build argument 'cmake_args' from command line to 'None'
[0.276s] Level 5:colcon.colcon_core.verb:set package 'isaac_ros2_messages' build argument 'cmake_target' from command line to 'None'
[0.276s] Level 5:colcon.colcon_core.verb:set package 'isaac_ros2_messages' build argument 'cmake_target_skip_unavailable' from command line to 'False'
[0.276s] Level 5:colcon.colcon_core.verb:set package 'isaac_ros2_messages' build argument 'cmake_clean_cache' from command line to 'False'
[0.276s] Level 5:colcon.colcon_core.verb:set package 'isaac_ros2_messages' build argument 'cmake_clean_first' from command line to 'False'
[0.276s] Level 5:colcon.colcon_core.verb:set package 'isaac_ros2_messages' build argument 'cmake_force_configure' from command line to 'False'
[0.276s] Level 5:colcon.colcon_core.verb:set package 'isaac_ros2_messages' build argument 'ament_cmake_args' from command line to 'None'
[0.276s] Level 5:colcon.colcon_core.verb:set package 'isaac_ros2_messages' build argument 'catkin_cmake_args' from command line to 'None'
[0.276s] Level 5:colcon.colcon_core.verb:set package 'isaac_ros2_messages' build argument 'catkin_skip_building_tests' from command line to 'False'
[0.276s] DEBUG:colcon.colcon_core.verb:Building package 'isaac_ros2_messages' with the following arguments: {'ament_cmake_args': None, 'build_base': '/home/robotdeveloper02/IsaacSim-ros_workspaces-main/humble_ws/build/isaac_ros2_messages', 'catkin_cmake_args': None, 'catkin_skip_building_tests': False, 'cmake_args': None, 'cmake_clean_cache': False, 'cmake_clean_first': False, 'cmake_force_configure': False, 'cmake_target': None, 'cmake_target_skip_unavailable': False, 'install_base': '/home/robotdeveloper02/IsaacSim-ros_workspaces-main/humble_ws/install/isaac_ros2_messages', 'merge_install': False, 'path': '/home/robotdeveloper02/IsaacSim-ros_workspaces-main/humble_ws/src/isaac_ros2_messages', 'symlink_install': False, 'test_result_base': None}
[0.276s] Level 5:colcon.colcon_core.verb:set package 'isaac_ros_navigation_goal' build argument 'cmake_args' from command line to 'None'
[0.276s] Level 5:colcon.colcon_core.verb:set package 'isaac_ros_navigation_goal' build argument 'cmake_target' from command line to 'None'
[0.276s] Level 5:colcon.colcon_core.verb:set package 'isaac_ros_navigation_goal' build argument 'cmake_target_skip_unavailable' from command line to 'False'
[0.276s] Level 5:colcon.colcon_core.verb:set package 'isaac_ros_navigation_goal' build argument 'cmake_clean_cache' from command line to 'False'
[0.276s] Level 5:colcon.colcon_core.verb:set package 'isaac_ros_navigation_goal' build argument 'cmake_clean_first' from command line to 'False'
[0.277s] Level 5:colcon.colcon_core.verb:set package 'isaac_ros_navigation_goal' build argument 'cmake_force_configure' from command line to 'False'
[0.277s] Level 5:colcon.colcon_core.verb:set package 'isaac_ros_navigation_goal' build argument 'ament_cmake_args' from command line to 'None'
[0.277s] Level 5:colcon.colcon_core.verb:set package 'isaac_ros_navigation_goal' build argument 'catkin_cmake_args' from command line to 'None'
[0.277s] Level 5:colcon.colcon_core.verb:set package 'isaac_ros_navigation_goal' build argument 'catkin_skip_building_tests' from command line to 'False'
[0.277s] DEBUG:colcon.colcon_core.verb:Building package 'isaac_ros_navigation_goal' with the following arguments: {'ament_cmake_args': None, 'build_base': '/home/robotdeveloper02/IsaacSim-ros_workspaces-main/humble_ws/build/isaac_ros_navigation_goal', 'catkin_cmake_args': None, 'catkin_skip_building_tests': False, 'cmake_args': None, 'cmake_clean_cache': False, 'cmake_clean_first': False, 'cmake_force_configure': False, 'cmake_target': None, 'cmake_target_skip_unavailable': False, 'install_base': '/home/robotdeveloper02/IsaacSim-ros_workspaces-main/humble_ws/install/isaac_ros_navigation_goal', 'merge_install': False, 'path': '/home/robotdeveloper02/IsaacSim-ros_workspaces-main/humble_ws/src/navigation/isaac_ros_navigation_goal', 'symlink_install': False, 'test_result_base': None}
[0.277s] Level 5:colcon.colcon_core.verb:set package 'isaac_tutorials' build argument 'cmake_args' from command line to 'None'
[0.277s] Level 5:colcon.colcon_core.verb:set package 'isaac_tutorials' build argument 'cmake_target' from command line to 'None'
[0.277s] Level 5:colcon.colcon_core.verb:set package 'isaac_tutorials' build argument 'cmake_target_skip_unavailable' from command line to 'False'
[0.277s] Level 5:colcon.colcon_core.verb:set package 'isaac_tutorials' build argument 'cmake_clean_cache' from command line to 'False'
[0.277s] Level 5:colcon.colcon_core.verb:set package 'isaac_tutorials' build argument 'cmake_clean_first' from command line to 'False'
[0.277s] Level 5:colcon.colcon_core.verb:set package 'isaac_tutorials' build argument 'cmake_force_configure' from command line to 'False'
[0.277s] Level 5:colcon.colcon_core.verb:set package 'isaac_tutorials' build argument 'ament_cmake_args' from command line to 'None'
[0.277s] Level 5:colcon.colcon_core.verb:set package 'isaac_tutorials' build argument 'catkin_cmake_args' from command line to 'None'
[0.277s] Level 5:colcon.colcon_core.verb:set package 'isaac_tutorials' build argument 'catkin_skip_building_tests' from command line to 'False'
[0.277s] DEBUG:colcon.colcon_core.verb:Building package 'isaac_tutorials' with the following arguments: {'ament_cmake_args': None, 'build_base': '/home/robotdeveloper02/IsaacSim-ros_workspaces-main/humble_ws/build/isaac_tutorials', 'catkin_cmake_args': None, 'catkin_skip_building_tests': False, 'cmake_args': None, 'cmake_clean_cache': False, 'cmake_clean_first': False, 'cmake_force_configure': False, 'cmake_target': None, 'cmake_target_skip_unavailable': False, 'install_base': '/home/robotdeveloper02/IsaacSim-ros_workspaces-main/humble_ws/install/isaac_tutorials', 'merge_install': False, 'path': '/home/robotdeveloper02/IsaacSim-ros_workspaces-main/humble_ws/src/isaac_tutorials', 'symlink_install': False, 'test_result_base': None}
[0.277s] Level 5:colcon.colcon_core.verb:set package 'isaacsim' build argument 'cmake_args' from command line to 'None'
[0.277s] Level 5:colcon.colcon_core.verb:set package 'isaacsim' build argument 'cmake_target' from command line to 'None'
[0.277s] Level 5:colcon.colcon_core.verb:set package 'isaacsim' build argument 'cmake_target_skip_unavailable' from command line to 'False'
[0.277s] Level 5:colcon.colcon_core.verb:set package 'isaacsim' build argument 'cmake_clean_cache' from command line to 'False'
[0.277s] Level 5:colcon.colcon_core.verb:set package 'isaacsim' build argument 'cmake_clean_first' from command line to 'False'
[0.277s] Level 5:colcon.colcon_core.verb:set package 'isaacsim' build argument 'cmake_force_configure' from command line to 'False'
[0.277s] Level 5:colcon.colcon_core.verb:set package 'isaacsim' build argument 'ament_cmake_args' from command line to 'None'
[0.277s] Level 5:colcon.colcon_core.verb:set package 'isaacsim' build argument 'catkin_cmake_args' from command line to 'None'
[0.277s] Level 5:colcon.colcon_core.verb:set package 'isaacsim' build argument 'catkin_skip_building_tests' from command line to 'False'
[0.277s] DEBUG:colcon.colcon_core.verb:Building package 'isaacsim' with the following arguments: {'ament_cmake_args': None, 'build_base': '/home/robotdeveloper02/IsaacSim-ros_workspaces-main/humble_ws/build/isaacsim', 'catkin_cmake_args': None, 'catkin_skip_building_tests': False, 'cmake_args': None, 'cmake_clean_cache': False, 'cmake_clean_first': False, 'cmake_force_configure': False, 'cmake_target': None, 'cmake_target_skip_unavailable': False, 'install_base': '/home/robotdeveloper02/IsaacSim-ros_workspaces-main/humble_ws/install/isaacsim', 'merge_install': False, 'path': '/home/robotdeveloper02/IsaacSim-ros_workspaces-main/humble_ws/src/isaacsim', 'symlink_install': False, 'test_result_base': None}
[0.277s] Level 5:colcon.colcon_core.verb:set package 'jetbot_controller' build argument 'cmake_args' from command line to 'None'
[0.277s] Level 5:colcon.colcon_core.verb:set package 'jetbot_controller' build argument 'cmake_target' from command line to 'None'
[0.277s] Level 5:colcon.colcon_core.verb:set package 'jetbot_controller' build argument 'cmake_target_skip_unavailable' from command line to 'False'
[0.277s] Level 5:colcon.colcon_core.verb:set package 'jetbot_controller' build argument 'cmake_clean_cache' from command line to 'False'
[0.277s] Level 5:colcon.colcon_core.verb:set package 'jetbot_controller' build argument 'cmake_clean_first' from command line to 'False'
[0.278s] Level 5:colcon.colcon_core.verb:set package 'jetbot_controller' build argument 'cmake_force_configure' from command line to 'False'
[0.278s] Level 5:colcon.colcon_core.verb:set package 'jetbot_controller' build argument 'ament_cmake_args' from command line to 'None'
[0.278s] Level 5:colcon.colcon_core.verb:set package 'jetbot_controller' build argument 'catkin_cmake_args' from command line to 'None'
[0.278s] Level 5:colcon.colcon_core.verb:set package 'jetbot_controller' build argument 'catkin_skip_building_tests' from command line to 'False'
[0.278s] DEBUG:colcon.colcon_core.verb:Building package 'jetbot_controller' with the following arguments: {'ament_cmake_args': None, 'build_base': '/home/robotdeveloper02/IsaacSim-ros_workspaces-main/humble_ws/build/jetbot_controller', 'catkin_cmake_args': None, 'catkin_skip_building_tests': False, 'cmake_args': None, 'cmake_clean_cache': False, 'cmake_clean_first': False, 'cmake_force_configure': False, 'cmake_target': None, 'cmake_target_skip_unavailable': False, 'install_base': '/home/robotdeveloper02/IsaacSim-ros_workspaces-main/humble_ws/install/jetbot_controller', 'merge_install': False, 'path': '/home/robotdeveloper02/IsaacSim-ros_workspaces-main/humble_ws/src/jetbot_controller', 'symlink_install': False, 'test_result_base': None}
[0.278s] Level 5:colcon.colcon_core.verb:set package 'my_ros2_package' build argument 'cmake_args' from command line to 'None'
[0.278s] Level 5:colcon.colcon_core.verb:set package 'my_ros2_package' build argument 'cmake_target' from command line to 'None'
[0.278s] Level 5:colcon.colcon_core.verb:set package 'my_ros2_package' build argument 'cmake_target_skip_unavailable' from command line to 'False'
[0.278s] Level 5:colcon.colcon_core.verb:set package 'my_ros2_package' build argument 'cmake_clean_cache' from command line to 'False'
[0.278s] Level 5:colcon.colcon_core.verb:set package 'my_ros2_package' build argument 'cmake_clean_first' from command line to 'False'
[0.278s] Level 5:colcon.colcon_core.verb:set package 'my_ros2_package' build argument 'cmake_force_configure' from command line to 'False'
[0.278s] Level 5:colcon.colcon_core.verb:set package 'my_ros2_package' build argument 'ament_cmake_args' from command line to 'None'
[0.278s] Level 5:colcon.colcon_core.verb:set package 'my_ros2_package' build argument 'catkin_cmake_args' from command line to 'None'
[0.278s] Level 5:colcon.colcon_core.verb:set package 'my_ros2_package' build argument 'catkin_skip_building_tests' from command line to 'False'
[0.278s] DEBUG:colcon.colcon_core.verb:Building package 'my_ros2_package' with the following arguments: {'ament_cmake_args': None, 'build_base': '/home/robotdeveloper02/IsaacSim-ros_workspaces-main/humble_ws/build/my_ros2_package', 'catkin_cmake_args': None, 'catkin_skip_building_tests': False, 'cmake_args': None, 'cmake_clean_cache': False, 'cmake_clean_first': False, 'cmake_force_configure': False, 'cmake_target': None, 'cmake_target_skip_unavailable': False, 'install_base': '/home/robotdeveloper02/IsaacSim-ros_workspaces-main/humble_ws/install/my_ros2_package', 'merge_install': False, 'path': '/home/robotdeveloper02/IsaacSim-ros_workspaces-main/humble_ws/src/calc_py', 'symlink_install': False, 'test_result_base': None}
[0.278s] Level 5:colcon.colcon_core.verb:set package 'IMU_otamesi' build argument 'cmake_args' from command line to 'None'
[0.278s] Level 5:colcon.colcon_core.verb:set package 'IMU_otamesi' build argument 'cmake_target' from command line to 'None'
[0.278s] Level 5:colcon.colcon_core.verb:set package 'IMU_otamesi' build argument 'cmake_target_skip_unavailable' from command line to 'False'
[0.278s] Level 5:colcon.colcon_core.verb:set package 'IMU_otamesi' build argument 'cmake_clean_cache' from command line to 'False'
[0.278s] Level 5:colcon.colcon_core.verb:set package 'IMU_otamesi' build argument 'cmake_clean_first' from command line to 'False'
[0.278s] Level 5:colcon.colcon_core.verb:set package 'IMU_otamesi' build argument 'cmake_force_configure' from command line to 'False'
[0.278s] Level 5:colcon.colcon_core.verb:set package 'IMU_otamesi' build argument 'ament_cmake_args' from command line to 'None'
[0.278s] Level 5:colcon.colcon_core.verb:set package 'IMU_otamesi' build argument 'catkin_cmake_args' from command line to 'None'
[0.278s] Level 5:colcon.colcon_core.verb:set package 'IMU_otamesi' build argument 'catkin_skip_building_tests' from command line to 'False'
[0.278s] DEBUG:colcon.colcon_core.verb:Building package 'IMU_otamesi' with the following arguments: {'ament_cmake_args': None, 'build_base': '/home/robotdeveloper02/IsaacSim-ros_workspaces-main/humble_ws/build/IMU_otamesi', 'catkin_cmake_args': None, 'catkin_skip_building_tests': False, 'cmake_args': None, 'cmake_clean_cache': False, 'cmake_clean_first': False, 'cmake_force_configure': False, 'cmake_target': None, 'cmake_target_skip_unavailable': False, 'install_base': '/home/robotdeveloper02/IsaacSim-ros_workspaces-main/humble_ws/install/IMU_otamesi', 'merge_install': False, 'path': '/home/robotdeveloper02/IsaacSim-ros_workspaces-main/humble_ws/src/IMU_otamesi', 'symlink_install': False, 'test_result_base': None}
[0.278s] Level 5:colcon.colcon_core.verb:set package 'my_cpp_pose_subscriber' build argument 'cmake_args' from command line to 'None'
[0.278s] Level 5:colcon.colcon_core.verb:set package 'my_cpp_pose_subscriber' build argument 'cmake_target' from command line to 'None'
[0.278s] Level 5:colcon.colcon_core.verb:set package 'my_cpp_pose_subscriber' build argument 'cmake_target_skip_unavailable' from command line to 'False'
[0.278s] Level 5:colcon.colcon_core.verb:set package 'my_cpp_pose_subscriber' build argument 'cmake_clean_cache' from command line to 'False'
[0.279s] Level 5:colcon.colcon_core.verb:set package 'my_cpp_pose_subscriber' build argument 'cmake_clean_first' from command line to 'False'
[0.279s] Level 5:colcon.colcon_core.verb:set package 'my_cpp_pose_subscriber' build argument 'cmake_force_configure' from command line to 'False'
[0.279s] Level 5:colcon.colcon_core.verb:set package 'my_cpp_pose_subscriber' build argument 'ament_cmake_args' from command line to 'None'
[0.279s] Level 5:colcon.colcon_core.verb:set package 'my_cpp_pose_subscriber' build argument 'catkin_cmake_args' from command line to 'None'
[0.279s] Level 5:colcon.colcon_core.verb:set package 'my_cpp_pose_subscriber' build argument 'catkin_skip_building_tests' from command line to 'False'
[0.279s] DEBUG:colcon.colcon_core.verb:Building package 'my_cpp_pose_subscriber' with the following arguments: {'ament_cmake_args': None, 'build_base': '/home/robotdeveloper02/IsaacSim-ros_workspaces-main/humble_ws/build/my_cpp_pose_subscriber', 'catkin_cmake_args': None, 'catkin_skip_building_tests': False, 'cmake_args': None, 'cmake_clean_cache': False, 'cmake_clean_first': False, 'cmake_force_configure': False, 'cmake_target': None, 'cmake_target_skip_unavailable': False, 'install_base': '/home/robotdeveloper02/IsaacSim-ros_workspaces-main/humble_ws/install/my_cpp_pose_subscriber', 'merge_install': False, 'path': '/home/robotdeveloper02/IsaacSim-ros_workspaces-main/humble_ws/src/calc_cpp', 'symlink_install': False, 'test_result_base': None}
[0.279s] INFO:colcon.colcon_core.executor:Executing jobs using 'parallel' executor
[0.279s] DEBUG:colcon.colcon_parallel_executor.executor.parallel:run_until_complete
[0.280s] INFO:colcon.colcon_ros.task.ament_cmake.build:Building ROS package in '/home/robotdeveloper02/IsaacSim-ros_workspaces-main/humble_ws/src/custom_message' with build type 'ament_cmake'
[0.280s] INFO:colcon.colcon_cmake.task.cmake.build:Building CMake package in '/home/robotdeveloper02/IsaacSim-ros_workspaces-main/humble_ws/src/custom_message'
[0.281s] INFO:colcon.colcon_core.plugin_system:Skipping extension 'colcon_core.shell.bat': Not used on non-Windows systems
[0.281s] INFO:colcon.colcon_core.shell:Skip shell extension 'powershell' for command environment: Not usable outside of PowerShell
[0.281s] DEBUG:colcon.colcon_core.shell:Skip shell extension 'dsv' for command environment
[0.283s] INFO:colcon.colcon_ros.task.ament_python.build:Building ROS package in '/home/robotdeveloper02/IsaacSim-ros_workspaces-main/humble_ws/src/Jettbot_position' with build type 'ament_python'
[0.283s] Level 1:colcon.colcon_core.shell:create_environment_hook('Jettbot_position', 'ament_prefix_path')
[0.283s] INFO:colcon.colcon_core.shell:Creating environment hook '/home/robotdeveloper02/IsaacSim-ros_workspaces-main/humble_ws/install/Jettbot_position/share/Jettbot_position/hook/ament_prefix_path.ps1'
[0.284s] INFO:colcon.colcon_core.shell:Creating environment descriptor '/home/robotdeveloper02/IsaacSim-ros_workspaces-main/humble_ws/install/Jettbot_position/share/Jettbot_position/hook/ament_prefix_path.dsv'
[0.284s] INFO:colcon.colcon_core.shell:Creating environment hook '/home/robotdeveloper02/IsaacSim-ros_workspaces-main/humble_ws/install/Jettbot_position/share/Jettbot_position/hook/ament_prefix_path.sh'
[0.285s] INFO:colcon.colcon_core.shell:Skip shell extension 'powershell' for command environment: Not usable outside of PowerShell
[0.285s] DEBUG:colcon.colcon_core.shell:Skip shell extension 'dsv' for command environment
[0.287s] INFO:colcon.colcon_ros.task.ament_cmake.build:Building ROS package in '/home/robotdeveloper02/IsaacSim-ros_workspaces-main/humble_ws/src/navigation/carter_navigation' with build type 'ament_cmake'
[0.288s] INFO:colcon.colcon_cmake.task.cmake.build:Building CMake package in '/home/robotdeveloper02/IsaacSim-ros_workspaces-main/humble_ws/src/navigation/carter_navigation'
[0.288s] INFO:colcon.colcon_core.shell:Skip shell extension 'powershell' for command environment: Not usable outside of PowerShell
[0.288s] DEBUG:colcon.colcon_core.shell:Skip shell extension 'dsv' for command environment
[0.290s] INFO:colcon.colcon_ros.task.ament_python.build:Building ROS package in '/home/robotdeveloper02/IsaacSim-ros_workspaces-main/humble_ws/src/cube_controller' with build type 'ament_python'
[0.290s] Level 1:colcon.colcon_core.shell:create_environment_hook('cube_controller', 'ament_prefix_path')
[0.290s] INFO:colcon.colcon_core.shell:Creating environment hook '/home/robotdeveloper02/IsaacSim-ros_workspaces-main/humble_ws/install/cube_controller/share/cube_controller/hook/ament_prefix_path.ps1'
[0.291s] INFO:colcon.colcon_core.shell:Creating environment descriptor '/home/robotdeveloper02/IsaacSim-ros_workspaces-main/humble_ws/install/cube_controller/share/cube_controller/hook/ament_prefix_path.dsv'
[0.291s] INFO:colcon.colcon_core.shell:Creating environment hook '/home/robotdeveloper02/IsaacSim-ros_workspaces-main/humble_ws/install/cube_controller/share/cube_controller/hook/ament_prefix_path.sh'
[0.291s] INFO:colcon.colcon_core.shell:Skip shell extension 'powershell' for command environment: Not usable outside of PowerShell
[0.291s] DEBUG:colcon.colcon_core.shell:Skip shell extension 'dsv' for command environment
[0.293s] INFO:colcon.colcon_ros.task.ament_cmake.build:Building ROS package in '/home/robotdeveloper02/IsaacSim-ros_workspaces-main/humble_ws/src/isaac_ros2_messages' with build type 'ament_cmake'
[0.293s] INFO:colcon.colcon_cmake.task.cmake.build:Building CMake package in '/home/robotdeveloper02/IsaacSim-ros_workspaces-main/humble_ws/src/isaac_ros2_messages'
[0.293s] INFO:colcon.colcon_core.shell:Skip shell extension 'powershell' for command environment: Not usable outside of PowerShell
[0.293s] DEBUG:colcon.colcon_core.shell:Skip shell extension 'dsv' for command environment
[0.296s] INFO:colcon.colcon_ros.task.ament_python.build:Building ROS package in '/home/robotdeveloper02/IsaacSim-ros_workspaces-main/humble_ws/src/navigation/isaac_ros_navigation_goal' with build type 'ament_python'
[0.296s] Level 1:colcon.colcon_core.shell:create_environment_hook('isaac_ros_navigation_goal', 'ament_prefix_path')
[0.296s] INFO:colcon.colcon_core.shell:Creating environment hook '/home/robotdeveloper02/IsaacSim-ros_workspaces-main/humble_ws/install/isaac_ros_navigation_goal/share/isaac_ros_navigation_goal/hook/ament_prefix_path.ps1'
[0.296s] INFO:colcon.colcon_core.shell:Creating environment descriptor '/home/robotdeveloper02/IsaacSim-ros_workspaces-main/humble_ws/install/isaac_ros_navigation_goal/share/isaac_ros_navigation_goal/hook/ament_prefix_path.dsv'
[0.297s] INFO:colcon.colcon_core.shell:Creating environment hook '/home/robotdeveloper02/IsaacSim-ros_workspaces-main/humble_ws/install/isaac_ros_navigation_goal/share/isaac_ros_navigation_goal/hook/ament_prefix_path.sh'
[0.297s] INFO:colcon.colcon_core.shell:Skip shell extension 'powershell' for command environment: Not usable outside of PowerShell
[0.297s] DEBUG:colcon.colcon_core.shell:Skip shell extension 'dsv' for command environment
[0.298s] INFO:colcon.colcon_ros.task.ament_cmake.build:Building ROS package in '/home/robotdeveloper02/IsaacSim-ros_workspaces-main/humble_ws/src/isaac_tutorials' with build type 'ament_cmake'
[0.299s] INFO:colcon.colcon_cmake.task.cmake.build:Building CMake package in '/home/robotdeveloper02/IsaacSim-ros_workspaces-main/humble_ws/src/isaac_tutorials'
[0.299s] INFO:colcon.colcon_core.shell:Skip shell extension 'powershell' for command environment: Not usable outside of PowerShell
[0.299s] DEBUG:colcon.colcon_core.shell:Skip shell extension 'dsv' for command environment
[0.300s] INFO:colcon.colcon_ros.task.ament_cmake.build:Building ROS package in '/home/robotdeveloper02/IsaacSim-ros_workspaces-main/humble_ws/src/isaacsim' with build type 'ament_cmake'
[0.301s] INFO:colcon.colcon_cmake.task.cmake.build:Building CMake package in '/home/robotdeveloper02/IsaacSim-ros_workspaces-main/humble_ws/src/isaacsim'
[0.301s] INFO:colcon.colcon_core.shell:Skip shell extension 'powershell' for command environment: Not usable outside of PowerShell
[0.301s] DEBUG:colcon.colcon_core.shell:Skip shell extension 'dsv' for command environment
[0.302s] INFO:colcon.colcon_ros.task.ament_python.build:Building ROS package in '/home/robotdeveloper02/IsaacSim-ros_workspaces-main/humble_ws/src/jetbot_controller' with build type 'ament_python'
[0.303s] Level 1:colcon.colcon_core.shell:create_environment_hook('jetbot_controller', 'ament_prefix_path')
[0.303s] INFO:colcon.colcon_core.shell:Creating environment hook '/home/robotdeveloper02/IsaacSim-ros_workspaces-main/humble_ws/install/jetbot_controller/share/jetbot_controller/hook/ament_prefix_path.ps1'
[0.303s] INFO:colcon.colcon_core.shell:Creating environment descriptor '/home/robotdeveloper02/IsaacSim-ros_workspaces-main/humble_ws/install/jetbot_controller/share/jetbot_controller/hook/ament_prefix_path.dsv'
[0.304s] INFO:colcon.colcon_core.shell:Creating environment hook '/home/robotdeveloper02/IsaacSim-ros_workspaces-main/humble_ws/install/jetbot_controller/share/jetbot_controller/hook/ament_prefix_path.sh'
[0.304s] INFO:colcon.colcon_core.shell:Skip shell extension 'powershell' for command environment: Not usable outside of PowerShell
[0.304s] DEBUG:colcon.colcon_core.shell:Skip shell extension 'dsv' for command environment
[0.306s] INFO:colcon.colcon_ros.task.ament_python.build:Building ROS package in '/home/robotdeveloper02/IsaacSim-ros_workspaces-main/humble_ws/src/calc_py' with build type 'ament_python'
[0.306s] Level 1:colcon.colcon_core.shell:create_environment_hook('my_ros2_package', 'ament_prefix_path')
[0.306s] INFO:colcon.colcon_core.shell:Creating environment hook '/home/robotdeveloper02/IsaacSim-ros_workspaces-main/humble_ws/install/my_ros2_package/share/my_ros2_package/hook/ament_prefix_path.ps1'
[0.307s] INFO:colcon.colcon_core.shell:Creating environment descriptor '/home/robotdeveloper02/IsaacSim-ros_workspaces-main/humble_ws/install/my_ros2_package/share/my_ros2_package/hook/ament_prefix_path.dsv'
[0.307s] INFO:colcon.colcon_core.shell:Creating environment hook '/home/robotdeveloper02/IsaacSim-ros_workspaces-main/humble_ws/install/my_ros2_package/share/my_ros2_package/hook/ament_prefix_path.sh'
[0.307s] INFO:colcon.colcon_core.shell:Skip shell extension 'powershell' for command environment: Not usable outside of PowerShell
[0.307s] DEBUG:colcon.colcon_core.shell:Skip shell extension 'dsv' for command environment
[0.314s] DEBUG:colcon.colcon_core.event_handler.log_command:Invoking command in '/home/robotdeveloper02/IsaacSim-ros_workspaces-main/humble_ws/build/custom_message': CMAKE_PREFIX_PATH=/opt/ros/humble /usr/bin/cmake --build /home/robotdeveloper02/IsaacSim-ros_workspaces-main/humble_ws/build/custom_message -- -j16 -l16
[0.503s] INFO:colcon.colcon_core.task.python.build:Building Python package in '/home/robotdeveloper02/IsaacSim-ros_workspaces-main/humble_ws/src/Jettbot_position'
[0.503s] INFO:colcon.colcon_core.shell:Skip shell extension 'powershell' for command environment: Not usable outside of PowerShell
[0.503s] DEBUG:colcon.colcon_core.shell:Skip shell extension 'dsv' for command environment
[0.508s] DEBUG:colcon.colcon_core.event_handler.log_command:Invoking command in '/home/robotdeveloper02/IsaacSim-ros_workspaces-main/humble_ws/build/carter_navigation': CMAKE_PREFIX_PATH=/opt/ros/humble /usr/bin/cmake --build /home/robotdeveloper02/IsaacSim-ros_workspaces-main/humble_ws/build/carter_navigation -- -j16 -l16
[0.686s] INFO:colcon.colcon_core.task.python.build:Building Python package in '/home/robotdeveloper02/IsaacSim-ros_workspaces-main/humble_ws/src/cube_controller'
[0.686s] INFO:colcon.colcon_core.shell:Skip shell extension 'powershell' for command environment: Not usable outside of PowerShell
[0.686s] DEBUG:colcon.colcon_core.shell:Skip shell extension 'dsv' for command environment
[0.690s] DEBUG:colcon.colcon_core.event_handler.log_command:Invoking command in '/home/robotdeveloper02/IsaacSim-ros_workspaces-main/humble_ws/build/isaac_ros2_messages': CMAKE_PREFIX_PATH=/opt/ros/humble /usr/bin/cmake --build /home/robotdeveloper02/IsaacSim-ros_workspaces-main/humble_ws/build/isaac_ros2_messages -- -j16 -l16
[0.872s] INFO:colcon.colcon_core.task.python.build:Building Python package in '/home/robotdeveloper02/IsaacSim-ros_workspaces-main/humble_ws/src/navigation/isaac_ros_navigation_goal'
[0.873s] INFO:colcon.colcon_core.shell:Skip shell extension 'powershell' for command environment: Not usable outside of PowerShell
[0.873s] DEBUG:colcon.colcon_core.shell:Skip shell extension 'dsv' for command environment
[0.877s] DEBUG:colcon.colcon_core.event_handler.log_command:Invoking command in '/home/robotdeveloper02/IsaacSim-ros_workspaces-main/humble_ws/build/isaac_tutorials': CMAKE_PREFIX_PATH=/opt/ros/humble /usr/bin/cmake --build /home/robotdeveloper02/IsaacSim-ros_workspaces-main/humble_ws/build/isaac_tutorials -- -j16 -l16
[0.886s] DEBUG:colcon.colcon_core.event_handler.log_command:Invoking command in '/home/robotdeveloper02/IsaacSim-ros_workspaces-main/humble_ws/build/isaacsim': CMAKE_PREFIX_PATH=/opt/ros/humble /usr/bin/cmake --build /home/robotdeveloper02/IsaacSim-ros_workspaces-main/humble_ws/build/isaacsim -- -j16 -l16
[1.063s] INFO:colcon.colcon_core.task.python.build:Building Python package in '/home/robotdeveloper02/IsaacSim-ros_workspaces-main/humble_ws/src/jetbot_controller'
[1.063s] INFO:colcon.colcon_core.shell:Skip shell extension 'powershell' for command environment: Not usable outside of PowerShell
[1.063s] DEBUG:colcon.colcon_core.shell:Skip shell extension 'dsv' for command environment
[1.248s] INFO:colcon.colcon_core.task.python.build:Building Python package in '/home/robotdeveloper02/IsaacSim-ros_workspaces-main/humble_ws/src/calc_py'
[1.248s] INFO:colcon.colcon_core.shell:Skip shell extension 'powershell' for command environment: Not usable outside of PowerShell
[1.248s] DEBUG:colcon.colcon_core.shell:Skip shell extension 'dsv' for command environment
[1.256s] DEBUG:colcon.colcon_core.event_handler.log_command:Invoked command in '/home/robotdeveloper02/IsaacSim-ros_workspaces-main/humble_ws/build/custom_message' returned '0': CMAKE_PREFIX_PATH=/opt/ros/humble /usr/bin/cmake --build /home/robotdeveloper02/IsaacSim-ros_workspaces-main/humble_ws/build/custom_message -- -j16 -l16
[1.256s] DEBUG:colcon.colcon_core.event_handler.log_command:Invoked command in '/home/robotdeveloper02/IsaacSim-ros_workspaces-main/humble_ws/build/carter_navigation' returned '0': CMAKE_PREFIX_PATH=/opt/ros/humble /usr/bin/cmake --build /home/robotdeveloper02/IsaacSim-ros_workspaces-main/humble_ws/build/carter_navigation -- -j16 -l16
[1.257s] DEBUG:colcon.colcon_core.event_handler.log_command:Invoked command in '/home/robotdeveloper02/IsaacSim-ros_workspaces-main/humble_ws/build/isaacsim' returned '0': CMAKE_PREFIX_PATH=/opt/ros/humble /usr/bin/cmake --build /home/robotdeveloper02/IsaacSim-ros_workspaces-main/humble_ws/build/isaacsim -- -j16 -l16
[1.258s] DEBUG:colcon.colcon_core.event_handler.log_command:Invoked command in '/home/robotdeveloper02/IsaacSim-ros_workspaces-main/humble_ws/build/isaac_ros2_messages' returned '0': CMAKE_PREFIX_PATH=/opt/ros/humble /usr/bin/cmake --build /home/robotdeveloper02/IsaacSim-ros_workspaces-main/humble_ws/build/isaac_ros2_messages -- -j16 -l16
[1.258s] DEBUG:colcon.colcon_core.event_handler.log_command:Invoked command in '/home/robotdeveloper02/IsaacSim-ros_workspaces-main/humble_ws/build/isaac_tutorials' returned '0': CMAKE_PREFIX_PATH=/opt/ros/humble /usr/bin/cmake --build /home/robotdeveloper02/IsaacSim-ros_workspaces-main/humble_ws/build/isaac_tutorials -- -j16 -l16
[1.277s] DEBUG:colcon.colcon_core.event_handler.log_command:Invoking command in '/home/robotdeveloper02/IsaacSim-ros_workspaces-main/humble_ws/build/carter_navigation': CMAKE_PREFIX_PATH=/opt/ros/humble /usr/bin/cmake --install /home/robotdeveloper02/IsaacSim-ros_workspaces-main/humble_ws/build/carter_navigation
[1.279s] DEBUG:colcon.colcon_core.event_handler.log_command:Invoking command in '/home/robotdeveloper02/IsaacSim-ros_workspaces-main/humble_ws/build/isaacsim': CMAKE_PREFIX_PATH=/opt/ros/humble /usr/bin/cmake --install /home/robotdeveloper02/IsaacSim-ros_workspaces-main/humble_ws/build/isaacsim
[1.282s] DEBUG:colcon.colcon_core.event_handler.log_command:Invoking command in '/home/robotdeveloper02/IsaacSim-ros_workspaces-main/humble_ws/build/isaac_tutorials': CMAKE_PREFIX_PATH=/opt/ros/humble /usr/bin/cmake --install /home/robotdeveloper02/IsaacSim-ros_workspaces-main/humble_ws/build/isaac_tutorials
[1.286s] Level 1:colcon.colcon_core.environment:create_environment_scripts_only(carter_navigation)
[1.294s] DEBUG:colcon.colcon_core.event_handler.log_command:Invoked command in '/home/robotdeveloper02/IsaacSim-ros_workspaces-main/humble_ws/build/carter_navigation' returned '0': CMAKE_PREFIX_PATH=/opt/ros/humble /usr/bin/cmake --install /home/robotdeveloper02/IsaacSim-ros_workspaces-main/humble_ws/build/carter_navigation
[1.295s] Level 1:colcon.colcon_core.environment:checking '/home/robotdeveloper02/IsaacSim-ros_workspaces-main/humble_ws/install/carter_navigation' for CMake module files
[1.297s] Level 1:colcon.colcon_core.environment:checking '/home/robotdeveloper02/IsaacSim-ros_workspaces-main/humble_ws/install/carter_navigation' for CMake config files
[1.297s] Level 1:colcon.colcon_core.shell:create_environment_hook('carter_navigation', 'cmake_prefix_path')
[1.297s] INFO:colcon.colcon_core.shell:Creating environment hook '/home/robotdeveloper02/IsaacSim-ros_workspaces-main/humble_ws/install/carter_navigation/share/carter_navigation/hook/cmake_prefix_path.ps1'
[1.298s] INFO:colcon.colcon_core.shell:Creating environment descriptor '/home/robotdeveloper02/IsaacSim-ros_workspaces-main/humble_ws/install/carter_navigation/share/carter_navigation/hook/cmake_prefix_path.dsv'
[1.298s] INFO:colcon.colcon_core.shell:Creating environment hook '/home/robotdeveloper02/IsaacSim-ros_workspaces-main/humble_ws/install/carter_navigation/share/carter_navigation/hook/cmake_prefix_path.sh'
[1.299s] Level 1:colcon.colcon_core.environment:checking '/home/robotdeveloper02/IsaacSim-ros_workspaces-main/humble_ws/install/carter_navigation/bin'
[1.299s] Level 1:colcon.colcon_core.environment:checking '/home/robotdeveloper02/IsaacSim-ros_workspaces-main/humble_ws/install/carter_navigation/lib/pkgconfig/carter_navigation.pc'
[1.299s] Level 1:colcon.colcon_core.environment:checking '/home/robotdeveloper02/IsaacSim-ros_workspaces-main/humble_ws/install/carter_navigation/lib/python3.10/site-packages'
[1.300s] Level 1:colcon.colcon_core.environment:checking '/home/robotdeveloper02/IsaacSim-ros_workspaces-main/humble_ws/install/carter_navigation/bin'
[1.300s] INFO:colcon.colcon_core.shell:Creating package script '/home/robotdeveloper02/IsaacSim-ros_workspaces-main/humble_ws/install/carter_navigation/share/carter_navigation/package.ps1'
[1.301s] INFO:colcon.colcon_core.shell:Creating package descriptor '/home/robotdeveloper02/IsaacSim-ros_workspaces-main/humble_ws/install/carter_navigation/share/carter_navigation/package.dsv'
[1.301s] INFO:colcon.colcon_core.shell:Creating package script '/home/robotdeveloper02/IsaacSim-ros_workspaces-main/humble_ws/install/carter_navigation/share/carter_navigation/package.sh'
[1.302s] INFO:colcon.colcon_core.shell:Creating package script '/home/robotdeveloper02/IsaacSim-ros_workspaces-main/humble_ws/install/carter_navigation/share/carter_navigation/package.bash'
[1.303s] INFO:colcon.colcon_core.shell:Creating package script '/home/robotdeveloper02/IsaacSim-ros_workspaces-main/humble_ws/install/carter_navigation/share/carter_navigation/package.zsh'
[1.303s] Level 1:colcon.colcon_core.environment:create_file_with_runtime_dependencies(/home/robotdeveloper02/IsaacSim-ros_workspaces-main/humble_ws/install/carter_navigation/share/colcon-core/packages/carter_navigation)
[1.304s] Level 1:colcon.colcon_core.environment:create_environment_scripts_only(isaacsim)
[1.305s] Level 1:colcon.colcon_core.environment:checking '/home/robotdeveloper02/IsaacSim-ros_workspaces-main/humble_ws/install/isaacsim' for CMake module files
[1.305s] DEBUG:colcon.colcon_core.event_handler.log_command:Invoked command in '/home/robotdeveloper02/IsaacSim-ros_workspaces-main/humble_ws/build/isaacsim' returned '0': CMAKE_PREFIX_PATH=/opt/ros/humble /usr/bin/cmake --install /home/robotdeveloper02/IsaacSim-ros_workspaces-main/humble_ws/build/isaacsim
[1.306s] Level 1:colcon.colcon_core.environment:checking '/home/robotdeveloper02/IsaacSim-ros_workspaces-main/humble_ws/install/isaacsim' for CMake config files
[1.306s] Level 1:colcon.colcon_core.shell:create_environment_hook('isaacsim', 'cmake_prefix_path')
[1.306s] INFO:colcon.colcon_core.shell:Creating environment hook '/home/robotdeveloper02/IsaacSim-ros_workspaces-main/humble_ws/install/isaacsim/share/isaacsim/hook/cmake_prefix_path.ps1'
[1.307s] INFO:colcon.colcon_core.shell:Creating environment descriptor '/home/robotdeveloper02/IsaacSim-ros_workspaces-main/humble_ws/install/isaacsim/share/isaacsim/hook/cmake_prefix_path.dsv'
[1.307s] INFO:colcon.colcon_core.shell:Creating environment hook '/home/robotdeveloper02/IsaacSim-ros_workspaces-main/humble_ws/install/isaacsim/share/isaacsim/hook/cmake_prefix_path.sh'
[1.308s] Level 1:colcon.colcon_core.environment:checking '/home/robotdeveloper02/IsaacSim-ros_workspaces-main/humble_ws/install/isaacsim/lib'
[1.308s] Level 1:colcon.colcon_core.environment:checking '/home/robotdeveloper02/IsaacSim-ros_workspaces-main/humble_ws/install/isaacsim/bin'
[1.308s] Level 1:colcon.colcon_core.environment:checking '/home/robotdeveloper02/IsaacSim-ros_workspaces-main/humble_ws/install/isaacsim/lib/pkgconfig/isaacsim.pc'
[1.308s] Level 1:colcon.colcon_core.environment:checking '/home/robotdeveloper02/IsaacSim-ros_workspaces-main/humble_ws/install/isaacsim/lib/python3.10/site-packages'
[1.308s] Level 1:colcon.colcon_core.environment:checking '/home/robotdeveloper02/IsaacSim-ros_workspaces-main/humble_ws/install/isaacsim/bin'
[1.309s] INFO:colcon.colcon_core.shell:Creating package script '/home/robotdeveloper02/IsaacSim-ros_workspaces-main/humble_ws/install/isaacsim/share/isaacsim/package.ps1'
[1.310s] INFO:colcon.colcon_core.shell:Creating package descriptor '/home/robotdeveloper02/IsaacSim-ros_workspaces-main/humble_ws/install/isaacsim/share/isaacsim/package.dsv'
[1.310s] INFO:colcon.colcon_core.shell:Creating package script '/home/robotdeveloper02/IsaacSim-ros_workspaces-main/humble_ws/install/isaacsim/share/isaacsim/package.sh'
[1.310s] INFO:colcon.colcon_core.shell:Creating package script '/home/robotdeveloper02/IsaacSim-ros_workspaces-main/humble_ws/install/isaacsim/share/isaacsim/package.bash'
[1.311s] INFO:colcon.colcon_core.shell:Creating package script '/home/robotdeveloper02/IsaacSim-ros_workspaces-main/humble_ws/install/isaacsim/share/isaacsim/package.zsh'
[1.311s] Level 1:colcon.colcon_core.environment:create_file_with_runtime_dependencies(/home/robotdeveloper02/IsaacSim-ros_workspaces-main/humble_ws/install/isaacsim/share/colcon-core/packages/isaacsim)
[1.313s] Level 1:colcon.colcon_core.environment:create_environment_scripts_only(isaac_tutorials)
[1.314s] Level 1:colcon.colcon_core.environment:checking '/home/robotdeveloper02/IsaacSim-ros_workspaces-main/humble_ws/install/isaac_tutorials' for CMake module files
[1.315s] DEBUG:colcon.colcon_core.event_handler.log_command:Invoked command in '/home/robotdeveloper02/IsaacSim-ros_workspaces-main/humble_ws/build/isaac_tutorials' returned '0': CMAKE_PREFIX_PATH=/opt/ros/humble /usr/bin/cmake --install /home/robotdeveloper02/IsaacSim-ros_workspaces-main/humble_ws/build/isaac_tutorials
[1.315s] Level 1:colcon.colcon_core.environment:checking '/home/robotdeveloper02/IsaacSim-ros_workspaces-main/humble_ws/install/isaac_tutorials' for CMake config files
[1.315s] Level 1:colcon.colcon_core.shell:create_environment_hook('isaac_tutorials', 'cmake_prefix_path')
[1.316s] INFO:colcon.colcon_core.shell:Creating environment hook '/home/robotdeveloper02/IsaacSim-ros_workspaces-main/humble_ws/install/isaac_tutorials/share/isaac_tutorials/hook/cmake_prefix_path.ps1'
[1.316s] INFO:colcon.colcon_core.shell:Creating environment descriptor '/home/robotdeveloper02/IsaacSim-ros_workspaces-main/humble_ws/install/isaac_tutorials/share/isaac_tutorials/hook/cmake_prefix_path.dsv'
[1.317s] INFO:colcon.colcon_core.shell:Creating environment hook '/home/robotdeveloper02/IsaacSim-ros_workspaces-main/humble_ws/install/isaac_tutorials/share/isaac_tutorials/hook/cmake_prefix_path.sh'
[1.317s] Level 1:colcon.colcon_core.environment:checking '/home/robotdeveloper02/IsaacSim-ros_workspaces-main/humble_ws/install/isaac_tutorials/lib'
[1.317s] Level 1:colcon.colcon_core.environment:checking '/home/robotdeveloper02/IsaacSim-ros_workspaces-main/humble_ws/install/isaac_tutorials/bin'
[1.317s] Level 1:colcon.colcon_core.environment:checking '/home/robotdeveloper02/IsaacSim-ros_workspaces-main/humble_ws/install/isaac_tutorials/lib/pkgconfig/isaac_tutorials.pc'
[1.318s] Level 1:colcon.colcon_core.environment:checking '/home/robotdeveloper02/IsaacSim-ros_workspaces-main/humble_ws/install/isaac_tutorials/lib/python3.10/site-packages'
[1.318s] Level 1:colcon.colcon_core.environment:checking '/home/robotdeveloper02/IsaacSim-ros_workspaces-main/humble_ws/install/isaac_tutorials/bin'
[1.318s] INFO:colcon.colcon_core.shell:Creating package script '/home/robotdeveloper02/IsaacSim-ros_workspaces-main/humble_ws/install/isaac_tutorials/share/isaac_tutorials/package.ps1'
[1.319s] INFO:colcon.colcon_core.shell:Creating package descriptor '/home/robotdeveloper02/IsaacSim-ros_workspaces-main/humble_ws/install/isaac_tutorials/share/isaac_tutorials/package.dsv'
[1.319s] INFO:colcon.colcon_core.shell:Creating package script '/home/robotdeveloper02/IsaacSim-ros_workspaces-main/humble_ws/install/isaac_tutorials/share/isaac_tutorials/package.sh'
[1.319s] INFO:colcon.colcon_core.shell:Creating package script '/home/robotdeveloper02/IsaacSim-ros_workspaces-main/humble_ws/install/isaac_tutorials/share/isaac_tutorials/package.bash'
[1.320s] INFO:colcon.colcon_core.shell:Creating package script '/home/robotdeveloper02/IsaacSim-ros_workspaces-main/humble_ws/install/isaac_tutorials/share/isaac_tutorials/package.zsh'
[1.320s] Level 1:colcon.colcon_core.environment:create_file_with_runtime_dependencies(/home/robotdeveloper02/IsaacSim-ros_workspaces-main/humble_ws/install/isaac_tutorials/share/colcon-core/packages/isaac_tutorials)
[1.322s] Level 1:colcon.colcon_core.environment:create_environment_scripts_only(carter_navigation)
[1.322s] Level 1:colcon.colcon_core.environment:checking '/home/robotdeveloper02/IsaacSim-ros_workspaces-main/humble_ws/install/carter_navigation' for CMake module files
[1.322s] Level 1:colcon.colcon_core.environment:checking '/home/robotdeveloper02/IsaacSim-ros_workspaces-main/humble_ws/install/carter_navigation' for CMake config files
[1.323s] Level 1:colcon.colcon_core.shell:create_environment_hook('carter_navigation', 'cmake_prefix_path')
[1.323s] INFO:colcon.colcon_core.shell:Creating environment hook '/home/robotdeveloper02/IsaacSim-ros_workspaces-main/humble_ws/install/carter_navigation/share/carter_navigation/hook/cmake_prefix_path.ps1'
[1.323s] INFO:colcon.colcon_core.shell:Creating environment descriptor '/home/robotdeveloper02/IsaacSim-ros_workspaces-main/humble_ws/install/carter_navigation/share/carter_navigation/hook/cmake_prefix_path.dsv'
[1.324s] INFO:colcon.colcon_core.shell:Creating environment hook '/home/robotdeveloper02/IsaacSim-ros_workspaces-main/humble_ws/install/carter_navigation/share/carter_navigation/hook/cmake_prefix_path.sh'
[1.324s] Level 1:colcon.colcon_core.environment:checking '/home/robotdeveloper02/IsaacSim-ros_workspaces-main/humble_ws/install/carter_navigation/bin'
[1.324s] Level 1:colcon.colcon_core.environment:checking '/home/robotdeveloper02/IsaacSim-ros_workspaces-main/humble_ws/install/carter_navigation/lib/pkgconfig/carter_navigation.pc'
[1.324s] Level 1:colcon.colcon_core.environment:checking '/home/robotdeveloper02/IsaacSim-ros_workspaces-main/humble_ws/install/carter_navigation/lib/python3.10/site-packages'
[1.325s] Level 1:colcon.colcon_core.environment:checking '/home/robotdeveloper02/IsaacSim-ros_workspaces-main/humble_ws/install/carter_navigation/bin'
[1.325s] INFO:colcon.colcon_core.shell:Creating package script '/home/robotdeveloper02/IsaacSim-ros_workspaces-main/humble_ws/install/carter_navigation/share/carter_navigation/package.ps1'
[1.325s] INFO:colcon.colcon_core.shell:Creating package descriptor '/home/robotdeveloper02/IsaacSim-ros_workspaces-main/humble_ws/install/carter_navigation/share/carter_navigation/package.dsv'
[1.326s] INFO:colcon.colcon_core.shell:Creating package script '/home/robotdeveloper02/IsaacSim-ros_workspaces-main/humble_ws/install/carter_navigation/share/carter_navigation/package.sh'
[1.326s] INFO:colcon.colcon_core.shell:Creating package script '/home/robotdeveloper02/IsaacSim-ros_workspaces-main/humble_ws/install/carter_navigation/share/carter_navigation/package.bash'
[1.326s] INFO:colcon.colcon_core.shell:Creating package script '/home/robotdeveloper02/IsaacSim-ros_workspaces-main/humble_ws/install/carter_navigation/share/carter_navigation/package.zsh'
[1.327s] Level 1:colcon.colcon_core.environment:create_file_with_runtime_dependencies(/home/robotdeveloper02/IsaacSim-ros_workspaces-main/humble_ws/install/carter_navigation/share/colcon-core/packages/carter_navigation)
[1.329s] Level 1:colcon.colcon_core.environment:create_environment_scripts_only(isaacsim)
[1.330s] Level 1:colcon.colcon_core.environment:checking '/home/robotdeveloper02/IsaacSim-ros_workspaces-main/humble_ws/install/isaacsim' for CMake module files
[1.330s] Level 1:colcon.colcon_core.environment:checking '/home/robotdeveloper02/IsaacSim-ros_workspaces-main/humble_ws/install/isaacsim' for CMake config files
[1.330s] Level 1:colcon.colcon_core.shell:create_environment_hook('isaacsim', 'cmake_prefix_path')
[1.331s] INFO:colcon.colcon_core.shell:Creating environment hook '/home/robotdeveloper02/IsaacSim-ros_workspaces-main/humble_ws/install/isaacsim/share/isaacsim/hook/cmake_prefix_path.ps1'
[1.331s] INFO:colcon.colcon_core.shell:Creating environment descriptor '/home/robotdeveloper02/IsaacSim-ros_workspaces-main/humble_ws/install/isaacsim/share/isaacsim/hook/cmake_prefix_path.dsv'
[1.332s] INFO:colcon.colcon_core.shell:Creating environment hook '/home/robotdeveloper02/IsaacSim-ros_workspaces-main/humble_ws/install/isaacsim/share/isaacsim/hook/cmake_prefix_path.sh'
[1.332s] Level 1:colcon.colcon_core.environment:checking '/home/robotdeveloper02/IsaacSim-ros_workspaces-main/humble_ws/install/isaacsim/lib'
[1.332s] Level 1:colcon.colcon_core.environment:checking '/home/robotdeveloper02/IsaacSim-ros_workspaces-main/humble_ws/install/isaacsim/bin'
[1.333s] Level 1:colcon.colcon_core.environment:checking '/home/robotdeveloper02/IsaacSim-ros_workspaces-main/humble_ws/install/isaacsim/lib/pkgconfig/isaacsim.pc'
[1.333s] Level 1:colcon.colcon_core.environment:checking '/home/robotdeveloper02/IsaacSim-ros_workspaces-main/humble_ws/install/isaacsim/lib/python3.10/site-packages'
[1.333s] Level 1:colcon.colcon_core.environment:checking '/home/robotdeveloper02/IsaacSim-ros_workspaces-main/humble_ws/install/isaacsim/bin'
[1.333s] INFO:colcon.colcon_core.shell:Creating package script '/home/robotdeveloper02/IsaacSim-ros_workspaces-main/humble_ws/install/isaacsim/share/isaacsim/package.ps1'
[1.334s] INFO:colcon.colcon_core.shell:Creating package descriptor '/home/robotdeveloper02/IsaacSim-ros_workspaces-main/humble_ws/install/isaacsim/share/isaacsim/package.dsv'
[1.335s] INFO:colcon.colcon_core.shell:Creating package script '/home/robotdeveloper02/IsaacSim-ros_workspaces-main/humble_ws/install/isaacsim/share/isaacsim/package.sh'
[1.335s] INFO:colcon.colcon_core.shell:Creating package script '/home/robotdeveloper02/IsaacSim-ros_workspaces-main/humble_ws/install/isaacsim/share/isaacsim/package.bash'
[1.336s] INFO:colcon.colcon_core.shell:Creating package script '/home/robotdeveloper02/IsaacSim-ros_workspaces-main/humble_ws/install/isaacsim/share/isaacsim/package.zsh'
[1.336s] Level 1:colcon.colcon_core.environment:create_file_with_runtime_dependencies(/home/robotdeveloper02/IsaacSim-ros_workspaces-main/humble_ws/install/isaacsim/share/colcon-core/packages/isaacsim)
[1.337s] Level 1:colcon.colcon_core.environment:create_environment_scripts_only(isaac_tutorials)
[1.338s] Level 1:colcon.colcon_core.environment:checking '/home/robotdeveloper02/IsaacSim-ros_workspaces-main/humble_ws/install/isaac_tutorials' for CMake module files
[1.338s] Level 1:colcon.colcon_core.environment:checking '/home/robotdeveloper02/IsaacSim-ros_workspaces-main/humble_ws/install/isaac_tutorials' for CMake config files
[1.339s] Level 1:colcon.colcon_core.shell:create_environment_hook('isaac_tutorials', 'cmake_prefix_path')
[1.339s] INFO:colcon.colcon_core.shell:Creating environment hook '/home/robotdeveloper02/IsaacSim-ros_workspaces-main/humble_ws/install/isaac_tutorials/share/isaac_tutorials/hook/cmake_prefix_path.ps1'
[1.339s] INFO:colcon.colcon_core.shell:Creating environment descriptor '/home/robotdeveloper02/IsaacSim-ros_workspaces-main/humble_ws/install/isaac_tutorials/share/isaac_tutorials/hook/cmake_prefix_path.dsv'
[1.339s] INFO:colcon.colcon_core.shell:Creating environment hook '/home/robotdeveloper02/IsaacSim-ros_workspaces-main/humble_ws/install/isaac_tutorials/share/isaac_tutorials/hook/cmake_prefix_path.sh'
[1.340s] Level 1:colcon.colcon_core.environment:checking '/home/robotdeveloper02/IsaacSim-ros_workspaces-main/humble_ws/install/isaac_tutorials/lib'
[1.340s] Level 1:colcon.colcon_core.environment:checking '/home/robotdeveloper02/IsaacSim-ros_workspaces-main/humble_ws/install/isaac_tutorials/bin'
[1.340s] Level 1:colcon.colcon_core.environment:checking '/home/robotdeveloper02/IsaacSim-ros_workspaces-main/humble_ws/install/isaac_tutorials/lib/pkgconfig/isaac_tutorials.pc'
[1.340s] Level 1:colcon.colcon_core.environment:checking '/home/robotdeveloper02/IsaacSim-ros_workspaces-main/humble_ws/install/isaac_tutorials/lib/python3.10/site-packages'
[1.341s] Level 1:colcon.colcon_core.environment:checking '/home/robotdeveloper02/IsaacSim-ros_workspaces-main/humble_ws/install/isaac_tutorials/bin'
[1.341s] INFO:colcon.colcon_core.shell:Creating package script '/home/robotdeveloper02/IsaacSim-ros_workspaces-main/humble_ws/install/isaac_tutorials/share/isaac_tutorials/package.ps1'
[1.341s] INFO:colcon.colcon_core.shell:Creating package descriptor '/home/robotdeveloper02/IsaacSim-ros_workspaces-main/humble_ws/install/isaac_tutorials/share/isaac_tutorials/package.dsv'
[1.342s] INFO:colcon.colcon_core.shell:Creating package script '/home/robotdeveloper02/IsaacSim-ros_workspaces-main/humble_ws/install/isaac_tutorials/share/isaac_tutorials/package.sh'
[1.342s] INFO:colcon.colcon_core.shell:Creating package script '/home/robotdeveloper02/IsaacSim-ros_workspaces-main/humble_ws/install/isaac_tutorials/share/isaac_tutorials/package.bash'
[1.342s] INFO:colcon.colcon_core.shell:Creating package script '/home/robotdeveloper02/IsaacSim-ros_workspaces-main/humble_ws/install/isaac_tutorials/share/isaac_tutorials/package.zsh'
[1.343s] Level 1:colcon.colcon_core.environment:create_file_with_runtime_dependencies(/home/robotdeveloper02/IsaacSim-ros_workspaces-main/humble_ws/install/isaac_tutorials/share/colcon-core/packages/isaac_tutorials)
[1.345s] DEBUG:colcon.colcon_core.event_handler.log_command:Invoking command in '/home/robotdeveloper02/IsaacSim-ros_workspaces-main/humble_ws/build/custom_message': CMAKE_PREFIX_PATH=/opt/ros/humble /usr/bin/cmake --install /home/robotdeveloper02/IsaacSim-ros_workspaces-main/humble_ws/build/custom_message
[1.349s] DEBUG:colcon.colcon_core.event_handler.log_command:Invoking command in '/home/robotdeveloper02/IsaacSim-ros_workspaces-main/humble_ws/build/isaac_ros2_messages': CMAKE_PREFIX_PATH=/opt/ros/humble /usr/bin/cmake --install /home/robotdeveloper02/IsaacSim-ros_workspaces-main/humble_ws/build/isaac_ros2_messages
[1.386s] Level 1:colcon.colcon_core.environment:create_environment_scripts_only(custom_message)
[1.386s] Level 1:colcon.colcon_core.environment:checking '/home/robotdeveloper02/IsaacSim-ros_workspaces-main/humble_ws/install/custom_message' for CMake module files
[1.387s] Level 1:colcon.colcon_core.environment:checking '/home/robotdeveloper02/IsaacSim-ros_workspaces-main/humble_ws/install/custom_message' for CMake config files
[1.390s] Level 1:colcon.colcon_core.shell:create_environment_hook('custom_message', 'cmake_prefix_path')
[1.390s] INFO:colcon.colcon_core.shell:Creating environment hook '/home/robotdeveloper02/IsaacSim-ros_workspaces-main/humble_ws/install/custom_message/share/custom_message/hook/cmake_prefix_path.ps1'
[1.391s] DEBUG:colcon.colcon_core.event_handler.log_command:Invoked command in '/home/robotdeveloper02/IsaacSim-ros_workspaces-main/humble_ws/build/custom_message' returned '0': CMAKE_PREFIX_PATH=/opt/ros/humble /usr/bin/cmake --install /home/robotdeveloper02/IsaacSim-ros_workspaces-main/humble_ws/build/custom_message
[1.391s] INFO:colcon.colcon_core.shell:Creating environment descriptor '/home/robotdeveloper02/IsaacSim-ros_workspaces-main/humble_ws/install/custom_message/share/custom_message/hook/cmake_prefix_path.dsv'
[1.392s] INFO:colcon.colcon_core.shell:Creating environment hook '/home/robotdeveloper02/IsaacSim-ros_workspaces-main/humble_ws/install/custom_message/share/custom_message/hook/cmake_prefix_path.sh'
[1.392s] Level 1:colcon.colcon_core.environment:checking '/home/robotdeveloper02/IsaacSim-ros_workspaces-main/humble_ws/install/custom_message/lib'
[1.392s] Level 1:colcon.colcon_core.shell:create_environment_hook('custom_message', 'ld_library_path_lib')
[1.393s] INFO:colcon.colcon_core.shell:Creating environment hook '/home/robotdeveloper02/IsaacSim-ros_workspaces-main/humble_ws/install/custom_message/share/custom_message/hook/ld_library_path_lib.ps1'
[1.394s] INFO:colcon.colcon_core.shell:Creating environment descriptor '/home/robotdeveloper02/IsaacSim-ros_workspaces-main/humble_ws/install/custom_message/share/custom_message/hook/ld_library_path_lib.dsv'
[1.394s] INFO:colcon.colcon_core.shell:Creating environment hook '/home/robotdeveloper02/IsaacSim-ros_workspaces-main/humble_ws/install/custom_message/share/custom_message/hook/ld_library_path_lib.sh'
[1.394s] Level 1:colcon.colcon_core.environment:checking '/home/robotdeveloper02/IsaacSim-ros_workspaces-main/humble_ws/install/custom_message/bin'
[1.394s] Level 1:colcon.colcon_core.environment:checking '/home/robotdeveloper02/IsaacSim-ros_workspaces-main/humble_ws/install/custom_message/lib/pkgconfig/custom_message.pc'
[1.395s] Level 1:colcon.colcon_core.environment:checking '/home/robotdeveloper02/IsaacSim-ros_workspaces-main/humble_ws/install/custom_message/lib/python3.10/site-packages'
[1.395s] Level 1:colcon.colcon_core.environment:checking '/home/robotdeveloper02/IsaacSim-ros_workspaces-main/humble_ws/install/custom_message/bin'
[1.395s] INFO:colcon.colcon_core.shell:Creating package script '/home/robotdeveloper02/IsaacSim-ros_workspaces-main/humble_ws/install/custom_message/share/custom_message/package.ps1'
[1.396s] INFO:colcon.colcon_core.shell:Creating package descriptor '/home/robotdeveloper02/IsaacSim-ros_workspaces-main/humble_ws/install/custom_message/share/custom_message/package.dsv'
[1.396s] INFO:colcon.colcon_core.shell:Creating package script '/home/robotdeveloper02/IsaacSim-ros_workspaces-main/humble_ws/install/custom_message/share/custom_message/package.sh'
[1.397s] INFO:colcon.colcon_core.shell:Creating package script '/home/robotdeveloper02/IsaacSim-ros_workspaces-main/humble_ws/install/custom_message/share/custom_message/package.bash'
[1.397s] INFO:colcon.colcon_core.shell:Creating package script '/home/robotdeveloper02/IsaacSim-ros_workspaces-main/humble_ws/install/custom_message/share/custom_message/package.zsh'
[1.397s] Level 1:colcon.colcon_core.environment:create_file_with_runtime_dependencies(/home/robotdeveloper02/IsaacSim-ros_workspaces-main/humble_ws/install/custom_message/share/colcon-core/packages/custom_message)
[1.399s] Level 1:colcon.colcon_core.environment:create_environment_scripts_only(isaac_ros2_messages)
[1.399s] Level 1:colcon.colcon_core.environment:checking '/home/robotdeveloper02/IsaacSim-ros_workspaces-main/humble_ws/install/isaac_ros2_messages' for CMake module files
[1.400s] DEBUG:colcon.colcon_core.event_handler.log_command:Invoked command in '/home/robotdeveloper02/IsaacSim-ros_workspaces-main/humble_ws/build/isaac_ros2_messages' returned '0': CMAKE_PREFIX_PATH=/opt/ros/humble /usr/bin/cmake --install /home/robotdeveloper02/IsaacSim-ros_workspaces-main/humble_ws/build/isaac_ros2_messages
[1.400s] Level 1:colcon.colcon_core.environment:checking '/home/robotdeveloper02/IsaacSim-ros_workspaces-main/humble_ws/install/isaac_ros2_messages' for CMake config files
[1.400s] Level 1:colcon.colcon_core.shell:create_environment_hook('isaac_ros2_messages', 'cmake_prefix_path')
[1.401s] INFO:colcon.colcon_core.shell:Creating environment hook '/home/robotdeveloper02/IsaacSim-ros_workspaces-main/humble_ws/install/isaac_ros2_messages/share/isaac_ros2_messages/hook/cmake_prefix_path.ps1'
[1.401s] INFO:colcon.colcon_core.shell:Creating environment descriptor '/home/robotdeveloper02/IsaacSim-ros_workspaces-main/humble_ws/install/isaac_ros2_messages/share/isaac_ros2_messages/hook/cmake_prefix_path.dsv'
[1.401s] INFO:colcon.colcon_core.shell:Creating environment hook '/home/robotdeveloper02/IsaacSim-ros_workspaces-main/humble_ws/install/isaac_ros2_messages/share/isaac_ros2_messages/hook/cmake_prefix_path.sh'
[1.402s] Level 1:colcon.colcon_core.environment:checking '/home/robotdeveloper02/IsaacSim-ros_workspaces-main/humble_ws/install/isaac_ros2_messages/lib'
[1.402s] Level 1:colcon.colcon_core.shell:create_environment_hook('isaac_ros2_messages', 'ld_library_path_lib')
[1.402s] INFO:colcon.colcon_core.shell:Creating environment hook '/home/robotdeveloper02/IsaacSim-ros_workspaces-main/humble_ws/install/isaac_ros2_messages/share/isaac_ros2_messages/hook/ld_library_path_lib.ps1'
[1.402s] INFO:colcon.colcon_core.shell:Creating environment descriptor '/home/robotdeveloper02/IsaacSim-ros_workspaces-main/humble_ws/install/isaac_ros2_messages/share/isaac_ros2_messages/hook/ld_library_path_lib.dsv'
[1.403s] INFO:colcon.colcon_core.shell:Creating environment hook '/home/robotdeveloper02/IsaacSim-ros_workspaces-main/humble_ws/install/isaac_ros2_messages/share/isaac_ros2_messages/hook/ld_library_path_lib.sh'
[1.403s] Level 1:colcon.colcon_core.environment:checking '/home/robotdeveloper02/IsaacSim-ros_workspaces-main/humble_ws/install/isaac_ros2_messages/bin'
[1.403s] Level 1:colcon.colcon_core.environment:checking '/home/robotdeveloper02/IsaacSim-ros_workspaces-main/humble_ws/install/isaac_ros2_messages/lib/pkgconfig/isaac_ros2_messages.pc'
[1.403s] Level 1:colcon.colcon_core.environment:checking '/home/robotdeveloper02/IsaacSim-ros_workspaces-main/humble_ws/install/isaac_ros2_messages/lib/python3.10/site-packages'
[1.403s] Level 1:colcon.colcon_core.environment:checking '/home/robotdeveloper02/IsaacSim-ros_workspaces-main/humble_ws/install/isaac_ros2_messages/bin'
[1.404s] INFO:colcon.colcon_core.shell:Creating package script '/home/robotdeveloper02/IsaacSim-ros_workspaces-main/humble_ws/install/isaac_ros2_messages/share/isaac_ros2_messages/package.ps1'
[1.404s] INFO:colcon.colcon_core.shell:Creating package descriptor '/home/robotdeveloper02/IsaacSim-ros_workspaces-main/humble_ws/install/isaac_ros2_messages/share/isaac_ros2_messages/package.dsv'
[1.404s] INFO:colcon.colcon_core.shell:Creating package script '/home/robotdeveloper02/IsaacSim-ros_workspaces-main/humble_ws/install/isaac_ros2_messages/share/isaac_ros2_messages/package.sh'
[1.405s] INFO:colcon.colcon_core.shell:Creating package script '/home/robotdeveloper02/IsaacSim-ros_workspaces-main/humble_ws/install/isaac_ros2_messages/share/isaac_ros2_messages/package.bash'
[1.405s] INFO:colcon.colcon_core.shell:Creating package script '/home/robotdeveloper02/IsaacSim-ros_workspaces-main/humble_ws/install/isaac_ros2_messages/share/isaac_ros2_messages/package.zsh'
[1.405s] Level 1:colcon.colcon_core.environment:create_file_with_runtime_dependencies(/home/robotdeveloper02/IsaacSim-ros_workspaces-main/humble_ws/install/isaac_ros2_messages/share/colcon-core/packages/isaac_ros2_messages)
[1.469s] Level 1:colcon.colcon_core.environment:create_environment_scripts_only(custom_message)
[1.470s] Level 1:colcon.colcon_core.environment:checking '/home/robotdeveloper02/IsaacSim-ros_workspaces-main/humble_ws/install/custom_message' for CMake module files
[1.470s] Level 1:colcon.colcon_core.environment:checking '/home/robotdeveloper02/IsaacSim-ros_workspaces-main/humble_ws/install/custom_message' for CMake config files
[1.471s] Level 1:colcon.colcon_core.shell:create_environment_hook('custom_message', 'cmake_prefix_path')
[1.471s] INFO:colcon.colcon_core.shell:Creating environment hook '/home/robotdeveloper02/IsaacSim-ros_workspaces-main/humble_ws/install/custom_message/share/custom_message/hook/cmake_prefix_path.ps1'
[1.471s] INFO:colcon.colcon_core.shell:Creating environment descriptor '/home/robotdeveloper02/IsaacSim-ros_workspaces-main/humble_ws/install/custom_message/share/custom_message/hook/cmake_prefix_path.dsv'
[1.472s] INFO:colcon.colcon_core.shell:Creating environment hook '/home/robotdeveloper02/IsaacSim-ros_workspaces-main/humble_ws/install/custom_message/share/custom_message/hook/cmake_prefix_path.sh'
[1.472s] Level 1:colcon.colcon_core.environment:checking '/home/robotdeveloper02/IsaacSim-ros_workspaces-main/humble_ws/install/custom_message/lib'
[1.472s] Level 1:colcon.colcon_core.shell:create_environment_hook('custom_message', 'ld_library_path_lib')
[1.472s] INFO:colcon.colcon_core.shell:Creating environment hook '/home/robotdeveloper02/IsaacSim-ros_workspaces-main/humble_ws/install/custom_message/share/custom_message/hook/ld_library_path_lib.ps1'
[1.473s] INFO:colcon.colcon_core.shell:Creating environment descriptor '/home/robotdeveloper02/IsaacSim-ros_workspaces-main/humble_ws/install/custom_message/share/custom_message/hook/ld_library_path_lib.dsv'
[1.473s] INFO:colcon.colcon_core.shell:Creating environment hook '/home/robotdeveloper02/IsaacSim-ros_workspaces-main/humble_ws/install/custom_message/share/custom_message/hook/ld_library_path_lib.sh'
[1.473s] Level 1:colcon.colcon_core.environment:checking '/home/robotdeveloper02/IsaacSim-ros_workspaces-main/humble_ws/install/custom_message/bin'
[1.473s] Level 1:colcon.colcon_core.environment:checking '/home/robotdeveloper02/IsaacSim-ros_workspaces-main/humble_ws/install/custom_message/lib/pkgconfig/custom_message.pc'
[1.473s] Level 1:colcon.colcon_core.environment:checking '/home/robotdeveloper02/IsaacSim-ros_workspaces-main/humble_ws/install/custom_message/lib/python3.10/site-packages'
[1.473s] Level 1:colcon.colcon_core.environment:checking '/home/robotdeveloper02/IsaacSim-ros_workspaces-main/humble_ws/install/custom_message/bin'
[1.474s] INFO:colcon.colcon_core.shell:Creating package script '/home/robotdeveloper02/IsaacSim-ros_workspaces-main/humble_ws/install/custom_message/share/custom_message/package.ps1'
[1.474s] INFO:colcon.colcon_core.shell:Creating package descriptor '/home/robotdeveloper02/IsaacSim-ros_workspaces-main/humble_ws/install/custom_message/share/custom_message/package.dsv'
[1.474s] INFO:colcon.colcon_core.shell:Creating package script '/home/robotdeveloper02/IsaacSim-ros_workspaces-main/humble_ws/install/custom_message/share/custom_message/package.sh'
[1.475s] INFO:colcon.colcon_core.shell:Creating package script '/home/robotdeveloper02/IsaacSim-ros_workspaces-main/humble_ws/install/custom_message/share/custom_message/package.bash'
[1.475s] INFO:colcon.colcon_core.shell:Creating package script '/home/robotdeveloper02/IsaacSim-ros_workspaces-main/humble_ws/install/custom_message/share/custom_message/package.zsh'
[1.475s] Level 1:colcon.colcon_core.environment:create_file_with_runtime_dependencies(/home/robotdeveloper02/IsaacSim-ros_workspaces-main/humble_ws/install/custom_message/share/colcon-core/packages/custom_message)
[1.476s] INFO:colcon.colcon_ros.task.ament_cmake.build:Building ROS package in '/home/robotdeveloper02/IsaacSim-ros_workspaces-main/humble_ws/src/IMU_otamesi' with build type 'ament_cmake'
[1.476s] INFO:colcon.colcon_cmake.task.cmake.build:Building CMake package in '/home/robotdeveloper02/IsaacSim-ros_workspaces-main/humble_ws/src/IMU_otamesi'
[1.476s] INFO:colcon.colcon_core.shell:Skip shell extension 'powershell' for command environment: Not usable outside of PowerShell
[1.476s] DEBUG:colcon.colcon_core.shell:Skip shell extension 'dsv' for command environment
[1.479s] INFO:colcon.colcon_ros.task.ament_cmake.build:Building ROS package in '/home/robotdeveloper02/IsaacSim-ros_workspaces-main/humble_ws/src/calc_cpp' with build type 'ament_cmake'
[1.479s] INFO:colcon.colcon_cmake.task.cmake.build:Building CMake package in '/home/robotdeveloper02/IsaacSim-ros_workspaces-main/humble_ws/src/calc_cpp'
[1.480s] INFO:colcon.colcon_core.shell:Skip shell extension 'powershell' for command environment: Not usable outside of PowerShell
[1.480s] DEBUG:colcon.colcon_core.shell:Skip shell extension 'dsv' for command environment
[1.486s] DEBUG:colcon.colcon_core.event_handler.log_command:Invoking command in '/home/robotdeveloper02/IsaacSim-ros_workspaces-main/humble_ws/build/IMU_otamesi': AMENT_PREFIX_PATH=/home/robotdeveloper02/IsaacSim-ros_workspaces-main/humble_ws/install/custom_message:${AMENT_PREFIX_PATH} CMAKE_PREFIX_PATH=/home/robotdeveloper02/IsaacSim-ros_workspaces-main/humble_ws/install/custom_message:/opt/ros/humble LD_LIBRARY_PATH=/home/robotdeveloper02/IsaacSim-ros_workspaces-main/humble_ws/install/custom_message/lib:${LD_LIBRARY_PATH} PYTHONPATH=/home/robotdeveloper02/IsaacSim-ros_workspaces-main/humble_ws/install/custom_message/local/lib/python3.10/dist-packages:${PYTHONPATH} /usr/bin/cmake --build /home/robotdeveloper02/IsaacSim-ros_workspaces-main/humble_ws/build/IMU_otamesi -- -j16 -l16
[1.488s] Level 1:colcon.colcon_core.environment:create_environment_scripts_only(isaac_ros2_messages)
[1.488s] Level 1:colcon.colcon_core.environment:checking '/home/robotdeveloper02/IsaacSim-ros_workspaces-main/humble_ws/install/isaac_ros2_messages' for CMake module files
[1.489s] Level 1:colcon.colcon_core.environment:checking '/home/robotdeveloper02/IsaacSim-ros_workspaces-main/humble_ws/install/isaac_ros2_messages' for CMake config files
[1.489s] DEBUG:colcon.colcon_core.event_handler.log_command:Invoking command in '/home/robotdeveloper02/IsaacSim-ros_workspaces-main/humble_ws/build/my_cpp_pose_subscriber': AMENT_PREFIX_PATH=/home/robotdeveloper02/IsaacSim-ros_workspaces-main/humble_ws/install/custom_message:${AMENT_PREFIX_PATH} CMAKE_PREFIX_PATH=/home/robotdeveloper02/IsaacSim-ros_workspaces-main/humble_ws/install/custom_message:/opt/ros/humble LD_LIBRARY_PATH=/home/robotdeveloper02/IsaacSim-ros_workspaces-main/humble_ws/install/custom_message/lib:${LD_LIBRARY_PATH} PYTHONPATH=/home/robotdeveloper02/IsaacSim-ros_workspaces-main/humble_ws/install/custom_message/local/lib/python3.10/dist-packages:${PYTHONPATH} /usr/bin/cmake --build /home/robotdeveloper02/IsaacSim-ros_workspaces-main/humble_ws/build/my_cpp_pose_subscriber -- -j16 -l16
[1.490s] Level 1:colcon.colcon_core.shell:create_environment_hook('isaac_ros2_messages', 'cmake_prefix_path')
[1.490s] INFO:colcon.colcon_core.shell:Creating environment hook '/home/robotdeveloper02/IsaacSim-ros_workspaces-main/humble_ws/install/isaac_ros2_messages/share/isaac_ros2_messages/hook/cmake_prefix_path.ps1'
[1.491s] INFO:colcon.colcon_core.shell:Creating environment descriptor '/home/robotdeveloper02/IsaacSim-ros_workspaces-main/humble_ws/install/isaac_ros2_messages/share/isaac_ros2_messages/hook/cmake_prefix_path.dsv'
[1.491s] INFO:colcon.colcon_core.shell:Creating environment hook '/home/robotdeveloper02/IsaacSim-ros_workspaces-main/humble_ws/install/isaac_ros2_messages/share/isaac_ros2_messages/hook/cmake_prefix_path.sh'
[1.491s] Level 1:colcon.colcon_core.environment:checking '/home/robotdeveloper02/IsaacSim-ros_workspaces-main/humble_ws/install/isaac_ros2_messages/lib'
[1.491s] Level 1:colcon.colcon_core.shell:create_environment_hook('isaac_ros2_messages', 'ld_library_path_lib')
[1.492s] INFO:colcon.colcon_core.shell:Creating environment hook '/home/robotdeveloper02/IsaacSim-ros_workspaces-main/humble_ws/install/isaac_ros2_messages/share/isaac_ros2_messages/hook/ld_library_path_lib.ps1'
[1.492s] INFO:colcon.colcon_core.shell:Creating environment descriptor '/home/robotdeveloper02/IsaacSim-ros_workspaces-main/humble_ws/install/isaac_ros2_messages/share/isaac_ros2_messages/hook/ld_library_path_lib.dsv'
[1.492s] INFO:colcon.colcon_core.shell:Creating environment hook '/home/robotdeveloper02/IsaacSim-ros_workspaces-main/humble_ws/install/isaac_ros2_messages/share/isaac_ros2_messages/hook/ld_library_path_lib.sh'
[1.492s] Level 1:colcon.colcon_core.environment:checking '/home/robotdeveloper02/IsaacSim-ros_workspaces-main/humble_ws/install/isaac_ros2_messages/bin'
[1.493s] Level 1:colcon.colcon_core.environment:checking '/home/robotdeveloper02/IsaacSim-ros_workspaces-main/humble_ws/install/isaac_ros2_messages/lib/pkgconfig/isaac_ros2_messages.pc'
[1.493s] Level 1:colcon.colcon_core.environment:checking '/home/robotdeveloper02/IsaacSim-ros_workspaces-main/humble_ws/install/isaac_ros2_messages/lib/python3.10/site-packages'
[1.493s] Level 1:colcon.colcon_core.environment:checking '/home/robotdeveloper02/IsaacSim-ros_workspaces-main/humble_ws/install/isaac_ros2_messages/bin'
[1.493s] INFO:colcon.colcon_core.shell:Creating package script '/home/robotdeveloper02/IsaacSim-ros_workspaces-main/humble_ws/install/isaac_ros2_messages/share/isaac_ros2_messages/package.ps1'
[1.494s] INFO:colcon.colcon_core.shell:Creating package descriptor '/home/robotdeveloper02/IsaacSim-ros_workspaces-main/humble_ws/install/isaac_ros2_messages/share/isaac_ros2_messages/package.dsv'
[1.494s] INFO:colcon.colcon_core.shell:Creating package script '/home/robotdeveloper02/IsaacSim-ros_workspaces-main/humble_ws/install/isaac_ros2_messages/share/isaac_ros2_messages/package.sh'
[1.495s] INFO:colcon.colcon_core.shell:Creating package script '/home/robotdeveloper02/IsaacSim-ros_workspaces-main/humble_ws/install/isaac_ros2_messages/share/isaac_ros2_messages/package.bash'
[1.495s] INFO:colcon.colcon_core.shell:Creating package script '/home/robotdeveloper02/IsaacSim-ros_workspaces-main/humble_ws/install/isaac_ros2_messages/share/isaac_ros2_messages/package.zsh'
[1.495s] Level 1:colcon.colcon_core.environment:create_file_with_runtime_dependencies(/home/robotdeveloper02/IsaacSim-ros_workspaces-main/humble_ws/install/isaac_ros2_messages/share/colcon-core/packages/isaac_ros2_messages)
[1.540s] DEBUG:colcon.colcon_core.event_handler.log_command:Invoked command in '/home/robotdeveloper02/IsaacSim-ros_workspaces-main/humble_ws/build/IMU_otamesi' returned '0': AMENT_PREFIX_PATH=/home/robotdeveloper02/IsaacSim-ros_workspaces-main/humble_ws/install/custom_message:${AMENT_PREFIX_PATH} CMAKE_PREFIX_PATH=/home/robotdeveloper02/IsaacSim-ros_workspaces-main/humble_ws/install/custom_message:/opt/ros/humble LD_LIBRARY_PATH=/home/robotdeveloper02/IsaacSim-ros_workspaces-main/humble_ws/install/custom_message/lib:${LD_LIBRARY_PATH} PYTHONPATH=/home/robotdeveloper02/IsaacSim-ros_workspaces-main/humble_ws/install/custom_message/local/lib/python3.10/dist-packages:${PYTHONPATH} /usr/bin/cmake --build /home/robotdeveloper02/IsaacSim-ros_workspaces-main/humble_ws/build/IMU_otamesi -- -j16 -l16
[1.558s] DEBUG:colcon.colcon_core.event_handler.log_command:Invoking command in '/home/robotdeveloper02/IsaacSim-ros_workspaces-main/humble_ws/build/IMU_otamesi': AMENT_PREFIX_PATH=/home/robotdeveloper02/IsaacSim-ros_workspaces-main/humble_ws/install/custom_message:${AMENT_PREFIX_PATH} CMAKE_PREFIX_PATH=/home/robotdeveloper02/IsaacSim-ros_workspaces-main/humble_ws/install/custom_message:/opt/ros/humble LD_LIBRARY_PATH=/home/robotdeveloper02/IsaacSim-ros_workspaces-main/humble_ws/install/custom_message/lib:${LD_LIBRARY_PATH} PYTHONPATH=/home/robotdeveloper02/IsaacSim-ros_workspaces-main/humble_ws/install/custom_message/local/lib/python3.10/dist-packages:${PYTHONPATH} /usr/bin/cmake --install /home/robotdeveloper02/IsaacSim-ros_workspaces-main/humble_ws/build/IMU_otamesi
[1.566s] Level 1:colcon.colcon_core.environment:create_environment_scripts_only(IMU_otamesi)
[1.567s] Level 1:colcon.colcon_core.environment:checking '/home/robotdeveloper02/IsaacSim-ros_workspaces-main/humble_ws/install/IMU_otamesi' for CMake module files
[1.567s] DEBUG:colcon.colcon_core.event_handler.log_command:Invoked command in '/home/robotdeveloper02/IsaacSim-ros_workspaces-main/humble_ws/build/IMU_otamesi' returned '0': AMENT_PREFIX_PATH=/home/robotdeveloper02/IsaacSim-ros_workspaces-main/humble_ws/install/custom_message:${AMENT_PREFIX_PATH} CMAKE_PREFIX_PATH=/home/robotdeveloper02/IsaacSim-ros_workspaces-main/humble_ws/install/custom_message:/opt/ros/humble LD_LIBRARY_PATH=/home/robotdeveloper02/IsaacSim-ros_workspaces-main/humble_ws/install/custom_message/lib:${LD_LIBRARY_PATH} PYTHONPATH=/home/robotdeveloper02/IsaacSim-ros_workspaces-main/humble_ws/install/custom_message/local/lib/python3.10/dist-packages:${PYTHONPATH} /usr/bin/cmake --install /home/robotdeveloper02/IsaacSim-ros_workspaces-main/humble_ws/build/IMU_otamesi
[1.568s] Level 1:colcon.colcon_core.environment:checking '/home/robotdeveloper02/IsaacSim-ros_workspaces-main/humble_ws/install/IMU_otamesi' for CMake config files
[1.568s] Level 1:colcon.colcon_core.shell:create_environment_hook('IMU_otamesi', 'cmake_prefix_path')
[1.568s] INFO:colcon.colcon_core.shell:Creating environment hook '/home/robotdeveloper02/IsaacSim-ros_workspaces-main/humble_ws/install/IMU_otamesi/share/IMU_otamesi/hook/cmake_prefix_path.ps1'
[1.569s] INFO:colcon.colcon_core.shell:Creating environment descriptor '/home/robotdeveloper02/IsaacSim-ros_workspaces-main/humble_ws/install/IMU_otamesi/share/IMU_otamesi/hook/cmake_prefix_path.dsv'
[1.569s] INFO:colcon.colcon_core.shell:Creating environment hook '/home/robotdeveloper02/IsaacSim-ros_workspaces-main/humble_ws/install/IMU_otamesi/share/IMU_otamesi/hook/cmake_prefix_path.sh'
[1.569s] Level 1:colcon.colcon_core.environment:checking '/home/robotdeveloper02/IsaacSim-ros_workspaces-main/humble_ws/install/IMU_otamesi/lib'
[1.569s] Level 1:colcon.colcon_core.environment:checking '/home/robotdeveloper02/IsaacSim-ros_workspaces-main/humble_ws/install/IMU_otamesi/bin'
[1.569s] Level 1:colcon.colcon_core.environment:checking '/home/robotdeveloper02/IsaacSim-ros_workspaces-main/humble_ws/install/IMU_otamesi/lib/pkgconfig/IMU_otamesi.pc'
[1.570s] Level 1:colcon.colcon_core.environment:checking '/home/robotdeveloper02/IsaacSim-ros_workspaces-main/humble_ws/install/IMU_otamesi/lib/python3.10/site-packages'
[1.570s] Level 1:colcon.colcon_core.environment:checking '/home/robotdeveloper02/IsaacSim-ros_workspaces-main/humble_ws/install/IMU_otamesi/bin'
[1.570s] INFO:colcon.colcon_core.shell:Creating package script '/home/robotdeveloper02/IsaacSim-ros_workspaces-main/humble_ws/install/IMU_otamesi/share/IMU_otamesi/package.ps1'
[1.570s] INFO:colcon.colcon_core.shell:Creating package descriptor '/home/robotdeveloper02/IsaacSim-ros_workspaces-main/humble_ws/install/IMU_otamesi/share/IMU_otamesi/package.dsv'
[1.571s] INFO:colcon.colcon_core.shell:Creating package script '/home/robotdeveloper02/IsaacSim-ros_workspaces-main/humble_ws/install/IMU_otamesi/share/IMU_otamesi/package.sh'
[1.571s] INFO:colcon.colcon_core.shell:Creating package script '/home/robotdeveloper02/IsaacSim-ros_workspaces-main/humble_ws/install/IMU_otamesi/share/IMU_otamesi/package.bash'
[1.571s] INFO:colcon.colcon_core.shell:Creating package script '/home/robotdeveloper02/IsaacSim-ros_workspaces-main/humble_ws/install/IMU_otamesi/share/IMU_otamesi/package.zsh'
[1.571s] Level 1:colcon.colcon_core.environment:create_file_with_runtime_dependencies(/home/robotdeveloper02/IsaacSim-ros_workspaces-main/humble_ws/install/IMU_otamesi/share/colcon-core/packages/IMU_otamesi)
[1.590s] Level 1:colcon.colcon_core.environment:create_environment_scripts_only(IMU_otamesi)
[1.590s] Level 1:colcon.colcon_core.environment:checking '/home/robotdeveloper02/IsaacSim-ros_workspaces-main/humble_ws/install/IMU_otamesi' for CMake module files
[1.591s] Level 1:colcon.colcon_core.environment:checking '/home/robotdeveloper02/IsaacSim-ros_workspaces-main/humble_ws/install/IMU_otamesi' for CMake config files
[1.591s] Level 1:colcon.colcon_core.shell:create_environment_hook('IMU_otamesi', 'cmake_prefix_path')
[1.592s] INFO:colcon.colcon_core.shell:Creating environment hook '/home/robotdeveloper02/IsaacSim-ros_workspaces-main/humble_ws/install/IMU_otamesi/share/IMU_otamesi/hook/cmake_prefix_path.ps1'
[1.592s] INFO:colcon.colcon_core.shell:Creating environment descriptor '/home/robotdeveloper02/IsaacSim-ros_workspaces-main/humble_ws/install/IMU_otamesi/share/IMU_otamesi/hook/cmake_prefix_path.dsv'
[1.593s] INFO:colcon.colcon_core.shell:Creating environment hook '/home/robotdeveloper02/IsaacSim-ros_workspaces-main/humble_ws/install/IMU_otamesi/share/IMU_otamesi/hook/cmake_prefix_path.sh'
[1.594s] Level 1:colcon.colcon_core.environment:checking '/home/robotdeveloper02/IsaacSim-ros_workspaces-main/humble_ws/install/IMU_otamesi/lib'
[1.594s] Level 1:colcon.colcon_core.environment:checking '/home/robotdeveloper02/IsaacSim-ros_workspaces-main/humble_ws/install/IMU_otamesi/bin'
[1.594s] Level 1:colcon.colcon_core.environment:checking '/home/robotdeveloper02/IsaacSim-ros_workspaces-main/humble_ws/install/IMU_otamesi/lib/pkgconfig/IMU_otamesi.pc'
[1.594s] Level 1:colcon.colcon_core.environment:checking '/home/robotdeveloper02/IsaacSim-ros_workspaces-main/humble_ws/install/IMU_otamesi/lib/python3.10/site-packages'
[1.594s] Level 1:colcon.colcon_core.environment:checking '/home/robotdeveloper02/IsaacSim-ros_workspaces-main/humble_ws/install/IMU_otamesi/bin'
[1.594s] INFO:colcon.colcon_core.shell:Creating package script '/home/robotdeveloper02/IsaacSim-ros_workspaces-main/humble_ws/install/IMU_otamesi/share/IMU_otamesi/package.ps1'
[1.595s] INFO:colcon.colcon_core.shell:Creating package descriptor '/home/robotdeveloper02/IsaacSim-ros_workspaces-main/humble_ws/install/IMU_otamesi/share/IMU_otamesi/package.dsv'
[1.595s] INFO:colcon.colcon_core.shell:Creating package script '/home/robotdeveloper02/IsaacSim-ros_workspaces-main/humble_ws/install/IMU_otamesi/share/IMU_otamesi/package.sh'
[1.596s] INFO:colcon.colcon_core.shell:Creating package script '/home/robotdeveloper02/IsaacSim-ros_workspaces-main/humble_ws/install/IMU_otamesi/share/IMU_otamesi/package.bash'
[1.596s] INFO:colcon.colcon_core.shell:Creating package script '/home/robotdeveloper02/IsaacSim-ros_workspaces-main/humble_ws/install/IMU_otamesi/share/IMU_otamesi/package.zsh'
[1.596s] Level 1:colcon.colcon_core.environment:create_file_with_runtime_dependencies(/home/robotdeveloper02/IsaacSim-ros_workspaces-main/humble_ws/install/IMU_otamesi/share/colcon-core/packages/IMU_otamesi)
[1.622s] DEBUG:colcon.colcon_core.event_handler.log_command:Invoking command in '/home/robotdeveloper02/IsaacSim-ros_workspaces-main/humble_ws/src/cube_controller': PYTHONPATH=/home/robotdeveloper02/IsaacSim-ros_workspaces-main/humble_ws/build/cube_controller/prefix_override:/usr/lib/python3/dist-packages/colcon_core/task/python/colcon_distutils_commands:/home/robotdeveloper02/IsaacSim-ros_workspaces-main/humble_ws/install/cube_controller/lib/python3.10/site-packages:${PYTHONPATH} /usr/bin/python3 -W ignore:setup.py install is deprecated setup.py egg_info --egg-base ../../build/cube_controller build --build-base /home/robotdeveloper02/IsaacSim-ros_workspaces-main/humble_ws/build/cube_controller/build install --record /home/robotdeveloper02/IsaacSim-ros_workspaces-main/humble_ws/build/cube_controller/install.log --single-version-externally-managed install_data
[1.625s] DEBUG:colcon.colcon_core.event_handler.log_command:Invoking command in '/home/robotdeveloper02/IsaacSim-ros_workspaces-main/humble_ws/src/navigation/isaac_ros_navigation_goal': PYTHONPATH=/home/robotdeveloper02/IsaacSim-ros_workspaces-main/humble_ws/build/isaac_ros_navigation_goal/prefix_override:/usr/lib/python3/dist-packages/colcon_core/task/python/colcon_distutils_commands:/home/robotdeveloper02/IsaacSim-ros_workspaces-main/humble_ws/install/isaac_ros_navigation_goal/lib/python3.10/site-packages:${PYTHONPATH} /usr/bin/python3 -W ignore:setup.py install is deprecated setup.py egg_info --egg-base ../../../build/isaac_ros_navigation_goal build --build-base /home/robotdeveloper02/IsaacSim-ros_workspaces-main/humble_ws/build/isaac_ros_navigation_goal/build install --record /home/robotdeveloper02/IsaacSim-ros_workspaces-main/humble_ws/build/isaac_ros_navigation_goal/install.log --single-version-externally-managed install_data
[1.626s] DEBUG:colcon.colcon_core.event_handler.log_command:Invoking command in '/home/robotdeveloper02/IsaacSim-ros_workspaces-main/humble_ws/src/jetbot_controller': PYTHONPATH=/home/robotdeveloper02/IsaacSim-ros_workspaces-main/humble_ws/build/jetbot_controller/prefix_override:/usr/lib/python3/dist-packages/colcon_core/task/python/colcon_distutils_commands:/home/robotdeveloper02/IsaacSim-ros_workspaces-main/humble_ws/install/jetbot_controller/lib/python3.10/site-packages:${PYTHONPATH} /usr/bin/python3 -W ignore:setup.py install is deprecated setup.py egg_info --egg-base ../../build/jetbot_controller build --build-base /home/robotdeveloper02/IsaacSim-ros_workspaces-main/humble_ws/build/jetbot_controller/build install --record /home/robotdeveloper02/IsaacSim-ros_workspaces-main/humble_ws/build/jetbot_controller/install.log --single-version-externally-managed install_data
[1.630s] DEBUG:colcon.colcon_core.event_handler.log_command:Invoking command in '/home/robotdeveloper02/IsaacSim-ros_workspaces-main/humble_ws/src/calc_py': PYTHONPATH=/home/robotdeveloper02/IsaacSim-ros_workspaces-main/humble_ws/build/my_ros2_package/prefix_override:/usr/lib/python3/dist-packages/colcon_core/task/python/colcon_distutils_commands:/home/robotdeveloper02/IsaacSim-ros_workspaces-main/humble_ws/install/my_ros2_package/lib/python3.10/site-packages:${PYTHONPATH} /usr/bin/python3 -W ignore:setup.py install is deprecated setup.py egg_info --egg-base ../../build/my_ros2_package build --build-base /home/robotdeveloper02/IsaacSim-ros_workspaces-main/humble_ws/build/my_ros2_package/build install --record /home/robotdeveloper02/IsaacSim-ros_workspaces-main/humble_ws/build/my_ros2_package/install.log --single-version-externally-managed install_data
[1.637s] DEBUG:colcon.colcon_core.event_handler.log_command:Invoking command in '/home/robotdeveloper02/IsaacSim-ros_workspaces-main/humble_ws/src/Jettbot_position': PYTHONPATH=/home/robotdeveloper02/IsaacSim-ros_workspaces-main/humble_ws/build/Jettbot_position/prefix_override:/usr/lib/python3/dist-packages/colcon_core/task/python/colcon_distutils_commands:/home/robotdeveloper02/IsaacSim-ros_workspaces-main/humble_ws/install/Jettbot_position/lib/python3.10/site-packages:${PYTHONPATH} /usr/bin/python3 -W ignore:setup.py install is deprecated setup.py egg_info --egg-base ../../build/Jettbot_position build --build-base /home/robotdeveloper02/IsaacSim-ros_workspaces-main/humble_ws/build/Jettbot_position/build install --record /home/robotdeveloper02/IsaacSim-ros_workspaces-main/humble_ws/build/Jettbot_position/install.log --single-version-externally-managed install_data
[1.851s] Level 1:colcon.colcon_core.environment:checking '/home/robotdeveloper02/IsaacSim-ros_workspaces-main/humble_ws/install/isaac_ros_navigation_goal' for CMake module files
[1.851s] DEBUG:colcon.colcon_core.event_handler.log_command:Invoked command in '/home/robotdeveloper02/IsaacSim-ros_workspaces-main/humble_ws/src/navigation/isaac_ros_navigation_goal' returned '0': PYTHONPATH=/home/robotdeveloper02/IsaacSim-ros_workspaces-main/humble_ws/build/isaac_ros_navigation_goal/prefix_override:/usr/lib/python3/dist-packages/colcon_core/task/python/colcon_distutils_commands:/home/robotdeveloper02/IsaacSim-ros_workspaces-main/humble_ws/install/isaac_ros_navigation_goal/lib/python3.10/site-packages:${PYTHONPATH} /usr/bin/python3 -W ignore:setup.py install is deprecated setup.py egg_info --egg-base ../../../build/isaac_ros_navigation_goal build --build-base /home/robotdeveloper02/IsaacSim-ros_workspaces-main/humble_ws/build/isaac_ros_navigation_goal/build install --record /home/robotdeveloper02/IsaacSim-ros_workspaces-main/humble_ws/build/isaac_ros_navigation_goal/install.log --single-version-externally-managed install_data
[1.852s] Level 1:colcon.colcon_core.environment:checking '/home/robotdeveloper02/IsaacSim-ros_workspaces-main/humble_ws/install/isaac_ros_navigation_goal' for CMake config files
[1.853s] Level 1:colcon.colcon_core.environment:checking '/home/robotdeveloper02/IsaacSim-ros_workspaces-main/humble_ws/install/isaac_ros_navigation_goal/lib'
[1.853s] Level 1:colcon.colcon_core.environment:checking '/home/robotdeveloper02/IsaacSim-ros_workspaces-main/humble_ws/install/isaac_ros_navigation_goal/bin'
[1.853s] Level 1:colcon.colcon_core.environment:checking '/home/robotdeveloper02/IsaacSim-ros_workspaces-main/humble_ws/install/isaac_ros_navigation_goal/lib/pkgconfig/isaac_ros_navigation_goal.pc'
[1.854s] Level 1:colcon.colcon_core.environment:checking '/home/robotdeveloper02/IsaacSim-ros_workspaces-main/humble_ws/install/isaac_ros_navigation_goal/lib/python3.10/site-packages'
[1.854s] Level 1:colcon.colcon_core.shell:create_environment_hook('isaac_ros_navigation_goal', 'pythonpath')
[1.854s] INFO:colcon.colcon_core.shell:Creating environment hook '/home/robotdeveloper02/IsaacSim-ros_workspaces-main/humble_ws/install/isaac_ros_navigation_goal/share/isaac_ros_navigation_goal/hook/pythonpath.ps1'
[1.855s] INFO:colcon.colcon_core.shell:Creating environment descriptor '/home/robotdeveloper02/IsaacSim-ros_workspaces-main/humble_ws/install/isaac_ros_navigation_goal/share/isaac_ros_navigation_goal/hook/pythonpath.dsv'
[1.855s] INFO:colcon.colcon_core.shell:Creating environment hook '/home/robotdeveloper02/IsaacSim-ros_workspaces-main/humble_ws/install/isaac_ros_navigation_goal/share/isaac_ros_navigation_goal/hook/pythonpath.sh'
[1.856s] Level 1:colcon.colcon_core.environment:checking '/home/robotdeveloper02/IsaacSim-ros_workspaces-main/humble_ws/install/isaac_ros_navigation_goal/bin'
[1.856s] Level 1:colcon.colcon_core.environment:create_environment_scripts_only(isaac_ros_navigation_goal)
[1.856s] INFO:colcon.colcon_core.shell:Creating package script '/home/robotdeveloper02/IsaacSim-ros_workspaces-main/humble_ws/install/isaac_ros_navigation_goal/share/isaac_ros_navigation_goal/package.ps1'
[1.856s] INFO:colcon.colcon_core.shell:Creating package descriptor '/home/robotdeveloper02/IsaacSim-ros_workspaces-main/humble_ws/install/isaac_ros_navigation_goal/share/isaac_ros_navigation_goal/package.dsv'
[1.857s] INFO:colcon.colcon_core.shell:Creating package script '/home/robotdeveloper02/IsaacSim-ros_workspaces-main/humble_ws/install/isaac_ros_navigation_goal/share/isaac_ros_navigation_goal/package.sh'
[1.857s] INFO:colcon.colcon_core.shell:Creating package script '/home/robotdeveloper02/IsaacSim-ros_workspaces-main/humble_ws/install/isaac_ros_navigation_goal/share/isaac_ros_navigation_goal/package.bash'
[1.857s] INFO:colcon.colcon_core.shell:Creating package script '/home/robotdeveloper02/IsaacSim-ros_workspaces-main/humble_ws/install/isaac_ros_navigation_goal/share/isaac_ros_navigation_goal/package.zsh'
[1.857s] Level 1:colcon.colcon_core.environment:create_file_with_runtime_dependencies(/home/robotdeveloper02/IsaacSim-ros_workspaces-main/humble_ws/install/isaac_ros_navigation_goal/share/colcon-core/packages/isaac_ros_navigation_goal)
[1.859s] Level 1:colcon.colcon_core.environment:checking '/home/robotdeveloper02/IsaacSim-ros_workspaces-main/humble_ws/install/my_ros2_package' for CMake module files
[1.859s] Level 1:colcon.colcon_core.environment:checking '/home/robotdeveloper02/IsaacSim-ros_workspaces-main/humble_ws/install/my_ros2_package' for CMake config files
[1.859s] DEBUG:colcon.colcon_core.event_handler.log_command:Invoked command in '/home/robotdeveloper02/IsaacSim-ros_workspaces-main/humble_ws/src/calc_py' returned '0': PYTHONPATH=/home/robotdeveloper02/IsaacSim-ros_workspaces-main/humble_ws/build/my_ros2_package/prefix_override:/usr/lib/python3/dist-packages/colcon_core/task/python/colcon_distutils_commands:/home/robotdeveloper02/IsaacSim-ros_workspaces-main/humble_ws/install/my_ros2_package/lib/python3.10/site-packages:${PYTHONPATH} /usr/bin/python3 -W ignore:setup.py install is deprecated setup.py egg_info --egg-base ../../build/my_ros2_package build --build-base /home/robotdeveloper02/IsaacSim-ros_workspaces-main/humble_ws/build/my_ros2_package/build install --record /home/robotdeveloper02/IsaacSim-ros_workspaces-main/humble_ws/build/my_ros2_package/install.log --single-version-externally-managed install_data
[1.860s] Level 1:colcon.colcon_core.environment:checking '/home/robotdeveloper02/IsaacSim-ros_workspaces-main/humble_ws/install/my_ros2_package/lib'
[1.860s] Level 1:colcon.colcon_core.environment:checking '/home/robotdeveloper02/IsaacSim-ros_workspaces-main/humble_ws/install/my_ros2_package/bin'
[1.860s] Level 1:colcon.colcon_core.environment:checking '/home/robotdeveloper02/IsaacSim-ros_workspaces-main/humble_ws/install/my_ros2_package/lib/pkgconfig/my_ros2_package.pc'
[1.860s] Level 1:colcon.colcon_core.environment:checking '/home/robotdeveloper02/IsaacSim-ros_workspaces-main/humble_ws/install/my_ros2_package/lib/python3.10/site-packages'
[1.860s] Level 1:colcon.colcon_core.shell:create_environment_hook('my_ros2_package', 'pythonpath')
[1.860s] INFO:colcon.colcon_core.shell:Creating environment hook '/home/robotdeveloper02/IsaacSim-ros_workspaces-main/humble_ws/install/my_ros2_package/share/my_ros2_package/hook/pythonpath.ps1'
[1.860s] INFO:colcon.colcon_core.shell:Creating environment descriptor '/home/robotdeveloper02/IsaacSim-ros_workspaces-main/humble_ws/install/my_ros2_package/share/my_ros2_package/hook/pythonpath.dsv'
[1.860s] INFO:colcon.colcon_core.shell:Creating environment hook '/home/robotdeveloper02/IsaacSim-ros_workspaces-main/humble_ws/install/my_ros2_package/share/my_ros2_package/hook/pythonpath.sh'
[1.861s] Level 1:colcon.colcon_core.environment:checking '/home/robotdeveloper02/IsaacSim-ros_workspaces-main/humble_ws/install/my_ros2_package/bin'
[1.861s] Level 1:colcon.colcon_core.environment:create_environment_scripts_only(my_ros2_package)
[1.861s] INFO:colcon.colcon_core.shell:Creating package script '/home/robotdeveloper02/IsaacSim-ros_workspaces-main/humble_ws/install/my_ros2_package/share/my_ros2_package/package.ps1'
[1.861s] INFO:colcon.colcon_core.shell:Creating package descriptor '/home/robotdeveloper02/IsaacSim-ros_workspaces-main/humble_ws/install/my_ros2_package/share/my_ros2_package/package.dsv'
[1.862s] INFO:colcon.colcon_core.shell:Creating package script '/home/robotdeveloper02/IsaacSim-ros_workspaces-main/humble_ws/install/my_ros2_package/share/my_ros2_package/package.sh'
[1.862s] INFO:colcon.colcon_core.shell:Creating package script '/home/robotdeveloper02/IsaacSim-ros_workspaces-main/humble_ws/install/my_ros2_package/share/my_ros2_package/package.bash'
[1.862s] INFO:colcon.colcon_core.shell:Creating package script '/home/robotdeveloper02/IsaacSim-ros_workspaces-main/humble_ws/install/my_ros2_package/share/my_ros2_package/package.zsh'
[1.862s] Level 1:colcon.colcon_core.environment:create_file_with_runtime_dependencies(/home/robotdeveloper02/IsaacSim-ros_workspaces-main/humble_ws/install/my_ros2_package/share/colcon-core/packages/my_ros2_package)
[1.862s] Level 1:colcon.colcon_core.environment:checking '/home/robotdeveloper02/IsaacSim-ros_workspaces-main/humble_ws/install/cube_controller' for CMake module files
[1.863s] Level 1:colcon.colcon_core.environment:checking '/home/robotdeveloper02/IsaacSim-ros_workspaces-main/humble_ws/install/cube_controller' for CMake config files
[1.863s] DEBUG:colcon.colcon_core.event_handler.log_command:Invoked command in '/home/robotdeveloper02/IsaacSim-ros_workspaces-main/humble_ws/src/cube_controller' returned '0': PYTHONPATH=/home/robotdeveloper02/IsaacSim-ros_workspaces-main/humble_ws/build/cube_controller/prefix_override:/usr/lib/python3/dist-packages/colcon_core/task/python/colcon_distutils_commands:/home/robotdeveloper02/IsaacSim-ros_workspaces-main/humble_ws/install/cube_controller/lib/python3.10/site-packages:${PYTHONPATH} /usr/bin/python3 -W ignore:setup.py install is deprecated setup.py egg_info --egg-base ../../build/cube_controller build --build-base /home/robotdeveloper02/IsaacSim-ros_workspaces-main/humble_ws/build/cube_controller/build install --record /home/robotdeveloper02/IsaacSim-ros_workspaces-main/humble_ws/build/cube_controller/install.log --single-version-externally-managed install_data
[1.863s] Level 1:colcon.colcon_core.environment:checking '/home/robotdeveloper02/IsaacSim-ros_workspaces-main/humble_ws/install/cube_controller/lib'
[1.863s] Level 1:colcon.colcon_core.environment:checking '/home/robotdeveloper02/IsaacSim-ros_workspaces-main/humble_ws/install/cube_controller/bin'
[1.864s] Level 1:colcon.colcon_core.environment:checking '/home/robotdeveloper02/IsaacSim-ros_workspaces-main/humble_ws/install/cube_controller/lib/pkgconfig/cube_controller.pc'
[1.864s] Level 1:colcon.colcon_core.environment:checking '/home/robotdeveloper02/IsaacSim-ros_workspaces-main/humble_ws/install/cube_controller/lib/python3.10/site-packages'
[1.864s] Level 1:colcon.colcon_core.shell:create_environment_hook('cube_controller', 'pythonpath')
[1.864s] INFO:colcon.colcon_core.shell:Creating environment hook '/home/robotdeveloper02/IsaacSim-ros_workspaces-main/humble_ws/install/cube_controller/share/cube_controller/hook/pythonpath.ps1'
[1.864s] INFO:colcon.colcon_core.shell:Creating environment descriptor '/home/robotdeveloper02/IsaacSim-ros_workspaces-main/humble_ws/install/cube_controller/share/cube_controller/hook/pythonpath.dsv'
[1.864s] INFO:colcon.colcon_core.shell:Creating environment hook '/home/robotdeveloper02/IsaacSim-ros_workspaces-main/humble_ws/install/cube_controller/share/cube_controller/hook/pythonpath.sh'
[1.865s] Level 1:colcon.colcon_core.environment:checking '/home/robotdeveloper02/IsaacSim-ros_workspaces-main/humble_ws/install/cube_controller/bin'
[1.865s] Level 1:colcon.colcon_core.environment:create_environment_scripts_only(cube_controller)
[1.865s] INFO:colcon.colcon_core.shell:Creating package script '/home/robotdeveloper02/IsaacSim-ros_workspaces-main/humble_ws/install/cube_controller/share/cube_controller/package.ps1'
[1.865s] INFO:colcon.colcon_core.shell:Creating package descriptor '/home/robotdeveloper02/IsaacSim-ros_workspaces-main/humble_ws/install/cube_controller/share/cube_controller/package.dsv'
[1.865s] INFO:colcon.colcon_core.shell:Creating package script '/home/robotdeveloper02/IsaacSim-ros_workspaces-main/humble_ws/install/cube_controller/share/cube_controller/package.sh'
[1.866s] INFO:colcon.colcon_core.shell:Creating package script '/home/robotdeveloper02/IsaacSim-ros_workspaces-main/humble_ws/install/cube_controller/share/cube_controller/package.bash'
[1.866s] INFO:colcon.colcon_core.shell:Creating package script '/home/robotdeveloper02/IsaacSim-ros_workspaces-main/humble_ws/install/cube_controller/share/cube_controller/package.zsh'
[1.866s] Level 1:colcon.colcon_core.environment:create_file_with_runtime_dependencies(/home/robotdeveloper02/IsaacSim-ros_workspaces-main/humble_ws/install/cube_controller/share/colcon-core/packages/cube_controller)
[1.866s] Level 1:colcon.colcon_core.environment:checking '/home/robotdeveloper02/IsaacSim-ros_workspaces-main/humble_ws/install/jetbot_controller' for CMake module files
[1.867s] Level 1:colcon.colcon_core.environment:checking '/home/robotdeveloper02/IsaacSim-ros_workspaces-main/humble_ws/install/jetbot_controller' for CMake config files
[1.867s] DEBUG:colcon.colcon_core.event_handler.log_command:Invoked command in '/home/robotdeveloper02/IsaacSim-ros_workspaces-main/humble_ws/src/jetbot_controller' returned '0': PYTHONPATH=/home/robotdeveloper02/IsaacSim-ros_workspaces-main/humble_ws/build/jetbot_controller/prefix_override:/usr/lib/python3/dist-packages/colcon_core/task/python/colcon_distutils_commands:/home/robotdeveloper02/IsaacSim-ros_workspaces-main/humble_ws/install/jetbot_controller/lib/python3.10/site-packages:${PYTHONPATH} /usr/bin/python3 -W ignore:setup.py install is deprecated setup.py egg_info --egg-base ../../build/jetbot_controller build --build-base /home/robotdeveloper02/IsaacSim-ros_workspaces-main/humble_ws/build/jetbot_controller/build install --record /home/robotdeveloper02/IsaacSim-ros_workspaces-main/humble_ws/build/jetbot_controller/install.log --single-version-externally-managed install_data
[1.867s] Level 1:colcon.colcon_core.environment:checking '/home/robotdeveloper02/IsaacSim-ros_workspaces-main/humble_ws/install/jetbot_controller/lib'
[1.867s] Level 1:colcon.colcon_core.environment:checking '/home/robotdeveloper02/IsaacSim-ros_workspaces-main/humble_ws/install/jetbot_controller/bin'
[1.867s] Level 1:colcon.colcon_core.environment:checking '/home/robotdeveloper02/IsaacSim-ros_workspaces-main/humble_ws/install/jetbot_controller/lib/pkgconfig/jetbot_controller.pc'
[1.867s] Level 1:colcon.colcon_core.environment:checking '/home/robotdeveloper02/IsaacSim-ros_workspaces-main/humble_ws/install/jetbot_controller/lib/python3.10/site-packages'
[1.868s] Level 1:colcon.colcon_core.shell:create_environment_hook('jetbot_controller', 'pythonpath')
[1.868s] INFO:colcon.colcon_core.shell:Creating environment hook '/home/robotdeveloper02/IsaacSim-ros_workspaces-main/humble_ws/install/jetbot_controller/share/jetbot_controller/hook/pythonpath.ps1'
[1.868s] INFO:colcon.colcon_core.shell:Creating environment descriptor '/home/robotdeveloper02/IsaacSim-ros_workspaces-main/humble_ws/install/jetbot_controller/share/jetbot_controller/hook/pythonpath.dsv'
[1.868s] INFO:colcon.colcon_core.shell:Creating environment hook '/home/robotdeveloper02/IsaacSim-ros_workspaces-main/humble_ws/install/jetbot_controller/share/jetbot_controller/hook/pythonpath.sh'
[1.868s] Level 1:colcon.colcon_core.environment:checking '/home/robotdeveloper02/IsaacSim-ros_workspaces-main/humble_ws/install/jetbot_controller/bin'
[1.868s] Level 1:colcon.colcon_core.environment:create_environment_scripts_only(jetbot_controller)
[1.869s] INFO:colcon.colcon_core.shell:Creating package script '/home/robotdeveloper02/IsaacSim-ros_workspaces-main/humble_ws/install/jetbot_controller/share/jetbot_controller/package.ps1'
[1.869s] INFO:colcon.colcon_core.shell:Creating package descriptor '/home/robotdeveloper02/IsaacSim-ros_workspaces-main/humble_ws/install/jetbot_controller/share/jetbot_controller/package.dsv'
[1.869s] INFO:colcon.colcon_core.shell:Creating package script '/home/robotdeveloper02/IsaacSim-ros_workspaces-main/humble_ws/install/jetbot_controller/share/jetbot_controller/package.sh'
[1.869s] INFO:colcon.colcon_core.shell:Creating package script '/home/robotdeveloper02/IsaacSim-ros_workspaces-main/humble_ws/install/jetbot_controller/share/jetbot_controller/package.bash'
[1.869s] INFO:colcon.colcon_core.shell:Creating package script '/home/robotdeveloper02/IsaacSim-ros_workspaces-main/humble_ws/install/jetbot_controller/share/jetbot_controller/package.zsh'
[1.870s] Level 1:colcon.colcon_core.environment:create_file_with_runtime_dependencies(/home/robotdeveloper02/IsaacSim-ros_workspaces-main/humble_ws/install/jetbot_controller/share/colcon-core/packages/jetbot_controller)
[1.870s] Level 1:colcon.colcon_core.environment:checking '/home/robotdeveloper02/IsaacSim-ros_workspaces-main/humble_ws/install/Jettbot_position' for CMake module files
[1.871s] DEBUG:colcon.colcon_core.event_handler.log_command:Invoked command in '/home/robotdeveloper02/IsaacSim-ros_workspaces-main/humble_ws/src/Jettbot_position' returned '0': PYTHONPATH=/home/robotdeveloper02/IsaacSim-ros_workspaces-main/humble_ws/build/Jettbot_position/prefix_override:/usr/lib/python3/dist-packages/colcon_core/task/python/colcon_distutils_commands:/home/robotdeveloper02/IsaacSim-ros_workspaces-main/humble_ws/install/Jettbot_position/lib/python3.10/site-packages:${PYTHONPATH} /usr/bin/python3 -W ignore:setup.py install is deprecated setup.py egg_info --egg-base ../../build/Jettbot_position build --build-base /home/robotdeveloper02/IsaacSim-ros_workspaces-main/humble_ws/build/Jettbot_position/build install --record /home/robotdeveloper02/IsaacSim-ros_workspaces-main/humble_ws/build/Jettbot_position/install.log --single-version-externally-managed install_data
[1.871s] Level 1:colcon.colcon_core.environment:checking '/home/robotdeveloper02/IsaacSim-ros_workspaces-main/humble_ws/install/Jettbot_position' for CMake config files
[1.872s] Level 1:colcon.colcon_core.environment:checking '/home/robotdeveloper02/IsaacSim-ros_workspaces-main/humble_ws/install/Jettbot_position/lib'
[1.872s] Level 1:colcon.colcon_core.environment:checking '/home/robotdeveloper02/IsaacSim-ros_workspaces-main/humble_ws/install/Jettbot_position/bin'
[1.872s] Level 1:colcon.colcon_core.environment:checking '/home/robotdeveloper02/IsaacSim-ros_workspaces-main/humble_ws/install/Jettbot_position/lib/pkgconfig/Jettbot_position.pc'
[1.872s] Level 1:colcon.colcon_core.environment:checking '/home/robotdeveloper02/IsaacSim-ros_workspaces-main/humble_ws/install/Jettbot_position/lib/python3.10/site-packages'
[1.872s] Level 1:colcon.colcon_core.shell:create_environment_hook('Jettbot_position', 'pythonpath')
[1.872s] INFO:colcon.colcon_core.shell:Creating environment hook '/home/robotdeveloper02/IsaacSim-ros_workspaces-main/humble_ws/install/Jettbot_position/share/Jettbot_position/hook/pythonpath.ps1'
[1.873s] INFO:colcon.colcon_core.shell:Creating environment descriptor '/home/robotdeveloper02/IsaacSim-ros_workspaces-main/humble_ws/install/Jettbot_position/share/Jettbot_position/hook/pythonpath.dsv'
[1.873s] INFO:colcon.colcon_core.shell:Creating environment hook '/home/robotdeveloper02/IsaacSim-ros_workspaces-main/humble_ws/install/Jettbot_position/share/Jettbot_position/hook/pythonpath.sh'
[1.873s] Level 1:colcon.colcon_core.environment:checking '/home/robotdeveloper02/IsaacSim-ros_workspaces-main/humble_ws/install/Jettbot_position/bin'
[1.873s] Level 1:colcon.colcon_core.environment:create_environment_scripts_only(Jettbot_position)
[1.874s] INFO:colcon.colcon_core.shell:Creating package script '/home/robotdeveloper02/IsaacSim-ros_workspaces-main/humble_ws/install/Jettbot_position/share/Jettbot_position/package.ps1'
[1.874s] INFO:colcon.colcon_core.shell:Creating package descriptor '/home/robotdeveloper02/IsaacSim-ros_workspaces-main/humble_ws/install/Jettbot_position/share/Jettbot_position/package.dsv'
[1.874s] INFO:colcon.colcon_core.shell:Creating package script '/home/robotdeveloper02/IsaacSim-ros_workspaces-main/humble_ws/install/Jettbot_position/share/Jettbot_position/package.sh'
[1.874s] INFO:colcon.colcon_core.shell:Creating package script '/home/robotdeveloper02/IsaacSim-ros_workspaces-main/humble_ws/install/Jettbot_position/share/Jettbot_position/package.bash'
[1.875s] INFO:colcon.colcon_core.shell:Creating package script '/home/robotdeveloper02/IsaacSim-ros_workspaces-main/humble_ws/install/Jettbot_position/share/Jettbot_position/package.zsh'
[1.875s] Level 1:colcon.colcon_core.environment:create_file_with_runtime_dependencies(/home/robotdeveloper02/IsaacSim-ros_workspaces-main/humble_ws/install/Jettbot_position/share/colcon-core/packages/Jettbot_position)
[8.486s] DEBUG:colcon.colcon_core.event_handler.log_command:Invoked command in '/home/robotdeveloper02/IsaacSim-ros_workspaces-main/humble_ws/build/my_cpp_pose_subscriber' returned '2': AMENT_PREFIX_PATH=/home/robotdeveloper02/IsaacSim-ros_workspaces-main/humble_ws/install/custom_message:${AMENT_PREFIX_PATH} CMAKE_PREFIX_PATH=/home/robotdeveloper02/IsaacSim-ros_workspaces-main/humble_ws/install/custom_message:/opt/ros/humble LD_LIBRARY_PATH=/home/robotdeveloper02/IsaacSim-ros_workspaces-main/humble_ws/install/custom_message/lib:${LD_LIBRARY_PATH} PYTHONPATH=/home/robotdeveloper02/IsaacSim-ros_workspaces-main/humble_ws/install/custom_message/local/lib/python3.10/dist-packages:${PYTHONPATH} /usr/bin/cmake --build /home/robotdeveloper02/IsaacSim-ros_workspaces-main/humble_ws/build/my_cpp_pose_subscriber -- -j16 -l16
[8.500s] Level 1:colcon.colcon_core.environment:create_environment_scripts_only(my_cpp_pose_subscriber)
[8.501s] Level 1:colcon.colcon_core.environment:checking '/home/robotdeveloper02/IsaacSim-ros_workspaces-main/humble_ws/install/my_cpp_pose_subscriber' for CMake module files
[8.501s] Level 1:colcon.colcon_core.environment:checking '/home/robotdeveloper02/IsaacSim-ros_workspaces-main/humble_ws/install/my_cpp_pose_subscriber' for CMake config files
[8.501s] Level 1:colcon.colcon_core.shell:create_environment_hook('my_cpp_pose_subscriber', 'cmake_prefix_path')
[8.501s] INFO:colcon.colcon_core.shell:Creating environment hook '/home/robotdeveloper02/IsaacSim-ros_workspaces-main/humble_ws/install/my_cpp_pose_subscriber/share/my_cpp_pose_subscriber/hook/cmake_prefix_path.ps1'
[8.502s] INFO:colcon.colcon_core.shell:Creating environment descriptor '/home/robotdeveloper02/IsaacSim-ros_workspaces-main/humble_ws/install/my_cpp_pose_subscriber/share/my_cpp_pose_subscriber/hook/cmake_prefix_path.dsv'
[8.502s] INFO:colcon.colcon_core.shell:Creating environment hook '/home/robotdeveloper02/IsaacSim-ros_workspaces-main/humble_ws/install/my_cpp_pose_subscriber/share/my_cpp_pose_subscriber/hook/cmake_prefix_path.sh'
[8.502s] Level 1:colcon.colcon_core.environment:checking '/home/robotdeveloper02/IsaacSim-ros_workspaces-main/humble_ws/install/my_cpp_pose_subscriber/lib'
[8.502s] Level 1:colcon.colcon_core.environment:checking '/home/robotdeveloper02/IsaacSim-ros_workspaces-main/humble_ws/install/my_cpp_pose_subscriber/bin'
[8.502s] Level 1:colcon.colcon_core.environment:checking '/home/robotdeveloper02/IsaacSim-ros_workspaces-main/humble_ws/install/my_cpp_pose_subscriber/lib/pkgconfig/my_cpp_pose_subscriber.pc'
[8.503s] Level 1:colcon.colcon_core.environment:checking '/home/robotdeveloper02/IsaacSim-ros_workspaces-main/humble_ws/install/my_cpp_pose_subscriber/lib/python3.10/site-packages'
[8.503s] Level 1:colcon.colcon_core.environment:checking '/home/robotdeveloper02/IsaacSim-ros_workspaces-main/humble_ws/install/my_cpp_pose_subscriber/bin'
[8.503s] INFO:colcon.colcon_core.shell:Creating package script '/home/robotdeveloper02/IsaacSim-ros_workspaces-main/humble_ws/install/my_cpp_pose_subscriber/share/my_cpp_pose_subscriber/package.ps1'
[8.503s] INFO:colcon.colcon_core.shell:Creating package descriptor '/home/robotdeveloper02/IsaacSim-ros_workspaces-main/humble_ws/install/my_cpp_pose_subscriber/share/my_cpp_pose_subscriber/package.dsv'
[8.504s] INFO:colcon.colcon_core.shell:Creating package script '/home/robotdeveloper02/IsaacSim-ros_workspaces-main/humble_ws/install/my_cpp_pose_subscriber/share/my_cpp_pose_subscriber/package.sh'
[8.504s] INFO:colcon.colcon_core.shell:Creating package script '/home/robotdeveloper02/IsaacSim-ros_workspaces-main/humble_ws/install/my_cpp_pose_subscriber/share/my_cpp_pose_subscriber/package.bash'
[8.504s] INFO:colcon.colcon_core.shell:Creating package script '/home/robotdeveloper02/IsaacSim-ros_workspaces-main/humble_ws/install/my_cpp_pose_subscriber/share/my_cpp_pose_subscriber/package.zsh'
[8.504s] Level 1:colcon.colcon_core.environment:create_file_with_runtime_dependencies(/home/robotdeveloper02/IsaacSim-ros_workspaces-main/humble_ws/install/my_cpp_pose_subscriber/share/colcon-core/packages/my_cpp_pose_subscriber)
[8.515s] DEBUG:colcon.colcon_parallel_executor.executor.parallel:closing loop
[8.515s] DEBUG:colcon.colcon_parallel_executor.executor.parallel:loop closed
[8.515s] DEBUG:colcon.colcon_parallel_executor.executor.parallel:run_until_complete finished with '2'
[8.515s] DEBUG:colcon.colcon_core.event_reactor:joining thread
[8.519s] INFO:colcon.colcon_core.plugin_system:Skipping extension 'colcon_notification.desktop_notification.terminal_notifier': Not used on non-Darwin systems
[8.519s] INFO:colcon.colcon_core.plugin_system:Skipping extension 'colcon_notification.desktop_notification.win32': Not used on non-Windows systems
[8.519s] INFO:colcon.colcon_notification.desktop_notification:Sending desktop notification using 'notify2'
[8.527s] DEBUG:colcon.colcon_core.event_reactor:joined thread
[8.527s] INFO:colcon.colcon_core.shell:Creating prefix script '/home/robotdeveloper02/IsaacSim-ros_workspaces-main/humble_ws/install/local_setup.ps1'
[8.528s] INFO:colcon.colcon_core.shell:Creating prefix util module '/home/robotdeveloper02/IsaacSim-ros_workspaces-main/humble_ws/install/_local_setup_util_ps1.py'
[8.530s] INFO:colcon.colcon_core.shell:Creating prefix chain script '/home/robotdeveloper02/IsaacSim-ros_workspaces-main/humble_ws/install/setup.ps1'
[8.530s] INFO:colcon.colcon_core.shell:Creating prefix script '/home/robotdeveloper02/IsaacSim-ros_workspaces-main/humble_ws/install/local_setup.sh'
[8.530s] INFO:colcon.colcon_core.shell:Creating prefix util module '/home/robotdeveloper02/IsaacSim-ros_workspaces-main/humble_ws/install/_local_setup_util_sh.py'
[8.531s] INFO:colcon.colcon_core.shell:Creating prefix chain script '/home/robotdeveloper02/IsaacSim-ros_workspaces-main/humble_ws/install/setup.sh'
[8.531s] INFO:colcon.colcon_core.shell:Creating prefix script '/home/robotdeveloper02/IsaacSim-ros_workspaces-main/humble_ws/install/local_setup.bash'
[8.532s] INFO:colcon.colcon_core.shell:Creating prefix chain script '/home/robotdeveloper02/IsaacSim-ros_workspaces-main/humble_ws/install/setup.bash'
[8.532s] INFO:colcon.colcon_core.shell:Creating prefix script '/home/robotdeveloper02/IsaacSim-ros_workspaces-main/humble_ws/install/local_setup.zsh'
[8.532s] INFO:colcon.colcon_core.shell:Creating prefix chain script '/home/robotdeveloper02/IsaacSim-ros_workspaces-main/humble_ws/install/setup.zsh'
